===== Log for Peer 1001 =====
[2025/12/03 14:06:21] Peer 1001 Start. Config: NumberOfPreferredNeighbors=3, UnchokingInterval=5, OptimisticUnchokingInterval=10, FileName=tree.jpg, FileSize=24301474, PieceSize=16384. HasFileAtStart=True. InitialBitfield=fffffffffffffffffffffffffffffffffffffffffffffffffffffffffffffffffffffffffffffffffffffffffffffffffffffffffffffffffffffffffffffffffffffffffffffffffffffffffffffffffffffffffffffffffffffffffffffffffffffffffffffffffffffffffffffffffffffffffffffffffffffffffffffffffffffffffffffffffffffffffffffffffffffffffffffffffffffffffffffffffffffffffffffffffffffffffffffffffffffffffffffffffff0.
[2025/12/03 14:06:21] Peer 1001 loaded PeerInfo.cfg: id=1001,host=localhost,port=16001,has_file=1; id=1002,host=localhost,port=16002,has_file=0; id=1003,host=localhost,port=16003,has_file=0; id=1004,host=localhost,port=16004,has_file=0; id=1005,host=localhost,port=16005,has_file=0; id=1006,host=localhost,port=16006,has_file=0.
[2025/12/03 14:06:21] Peer 1001 has downloaded the complete file.
[2025/12/03 14:06:21] Peer 1001 is connected from Peer 1002.
[2025/12/03 14:06:21] Peer 1001 received a handshake from Peer 1002.
[2025/12/03 14:06:21] Peer 1001 sends a handshake to Peer 1002.
[2025/12/03 14:06:21] Peer 1001 sends a bitfield to Peer 1002.
[2025/12/03 14:06:21] Peer 1001 received a bitfield from Peer 1002.
[2025/12/03 14:06:21] Peer 1001 received the 'interested' message from Peer 1002.
[2025/12/03 14:06:21] Peer 1001 sent 'piece' message for piece 0 to Peer 1002.
[2025/12/03 14:06:21] Peer 1001 received the 'have' message from Peer 1002 for the piece 0.
[2025/12/03 14:06:21] Peer 1001 sent 'piece' message for piece 1 to Peer 1002.
[2025/12/03 14:06:21] Peer 1001 received the 'have' message from Peer 1002 for the piece 1.
[2025/12/03 14:06:21] Peer 1001 sent 'piece' message for piece 2 to Peer 1002.
[2025/12/03 14:06:21] Peer 1001 received the 'have' message from Peer 1002 for the piece 2.
[2025/12/03 14:06:21] Peer 1001 sent 'piece' message for piece 3 to Peer 1002.
[2025/12/03 14:06:21] Peer 1001 received the 'have' message from Peer 1002 for the piece 3.
[2025/12/03 14:06:21] Peer 1001 sent 'piece' message for piece 4 to Peer 1002.
[2025/12/03 14:06:21] Peer 1001 received the 'have' message from Peer 1002 for the piece 4.
[2025/12/03 14:06:21] Peer 1001 sent 'piece' message for piece 5 to Peer 1002.
[2025/12/03 14:06:21] Peer 1001 received the 'have' message from Peer 1002 for the piece 5.
[2025/12/03 14:06:21] Peer 1001 sent 'piece' message for piece 6 to Peer 1002.
[2025/12/03 14:06:21] Peer 1001 received the 'have' message from Peer 1002 for the piece 6.
[2025/12/03 14:06:21] Peer 1001 sent 'piece' message for piece 7 to Peer 1002.
[2025/12/03 14:06:21] Peer 1001 received the 'have' message from Peer 1002 for the piece 7.
[2025/12/03 14:06:21] Peer 1001 sent 'piece' message for piece 8 to Peer 1002.
[2025/12/03 14:06:21] Peer 1001 received the 'have' message from Peer 1002 for the piece 8.
[2025/12/03 14:06:21] Peer 1001 sent 'piece' message for piece 9 to Peer 1002.
[2025/12/03 14:06:21] Peer 1001 received the 'have' message from Peer 1002 for the piece 9.
[2025/12/03 14:06:21] Peer 1001 sent 'piece' message for piece 10 to Peer 1002.
[2025/12/03 14:06:21] Peer 1001 received the 'have' message from Peer 1002 for the piece 10.
[2025/12/03 14:06:21] Peer 1001 sent 'piece' message for piece 11 to Peer 1002.
[2025/12/03 14:06:21] Peer 1001 received the 'have' message from Peer 1002 for the piece 11.
[2025/12/03 14:06:21] Peer 1001 sent 'piece' message for piece 12 to Peer 1002.
[2025/12/03 14:06:21] Peer 1001 received the 'have' message from Peer 1002 for the piece 12.
[2025/12/03 14:06:21] Peer 1001 sent 'piece' message for piece 13 to Peer 1002.
[2025/12/03 14:06:21] Peer 1001 received the 'have' message from Peer 1002 for the piece 13.
[2025/12/03 14:06:21] Peer 1001 sent 'piece' message for piece 14 to Peer 1002.
[2025/12/03 14:06:21] Peer 1001 received the 'have' message from Peer 1002 for the piece 14.
[2025/12/03 14:06:21] Peer 1001 sent 'piece' message for piece 15 to Peer 1002.
[2025/12/03 14:06:21] Peer 1001 received the 'have' message from Peer 1002 for the piece 15.
[2025/12/03 14:06:21] Peer 1001 sent 'piece' message for piece 16 to Peer 1002.
[2025/12/03 14:06:21] Peer 1001 received the 'have' message from Peer 1002 for the piece 16.
[2025/12/03 14:06:21] Peer 1001 sent 'piece' message for piece 17 to Peer 1002.
[2025/12/03 14:06:21] Peer 1001 received the 'have' message from Peer 1002 for the piece 17.
[2025/12/03 14:06:21] Peer 1001 sent 'piece' message for piece 18 to Peer 1002.
[2025/12/03 14:06:21] Peer 1001 received the 'have' message from Peer 1002 for the piece 18.
[2025/12/03 14:06:21] Peer 1001 sent 'piece' message for piece 19 to Peer 1002.
[2025/12/03 14:06:21] Peer 1001 received the 'have' message from Peer 1002 for the piece 19.
[2025/12/03 14:06:21] Peer 1001 sent 'piece' message for piece 20 to Peer 1002.
[2025/12/03 14:06:21] Peer 1001 received the 'have' message from Peer 1002 for the piece 20.
[2025/12/03 14:06:21] Peer 1001 sent 'piece' message for piece 21 to Peer 1002.
[2025/12/03 14:06:21] Peer 1001 received the 'have' message from Peer 1002 for the piece 21.
[2025/12/03 14:06:21] Peer 1001 sent 'piece' message for piece 22 to Peer 1002.
[2025/12/03 14:06:21] Peer 1001 received the 'have' message from Peer 1002 for the piece 22.
[2025/12/03 14:06:21] Peer 1001 sent 'piece' message for piece 23 to Peer 1002.
[2025/12/03 14:06:21] Peer 1001 received the 'have' message from Peer 1002 for the piece 23.
[2025/12/03 14:06:21] Peer 1001 sent 'piece' message for piece 24 to Peer 1002.
[2025/12/03 14:06:21] Peer 1001 received the 'have' message from Peer 1002 for the piece 24.
[2025/12/03 14:06:21] Peer 1001 sent 'piece' message for piece 25 to Peer 1002.
[2025/12/03 14:06:21] Peer 1001 received the 'have' message from Peer 1002 for the piece 25.
[2025/12/03 14:06:21] Peer 1001 sent 'piece' message for piece 26 to Peer 1002.
[2025/12/03 14:06:21] Peer 1001 received the 'have' message from Peer 1002 for the piece 26.
[2025/12/03 14:06:21] Peer 1001 sent 'piece' message for piece 27 to Peer 1002.
[2025/12/03 14:06:21] Peer 1001 received the 'have' message from Peer 1002 for the piece 27.
[2025/12/03 14:06:21] Peer 1001 sent 'piece' message for piece 28 to Peer 1002.
[2025/12/03 14:06:21] Peer 1001 received the 'have' message from Peer 1002 for the piece 28.
[2025/12/03 14:06:21] Peer 1001 sent 'piece' message for piece 29 to Peer 1002.
[2025/12/03 14:06:21] Peer 1001 received the 'have' message from Peer 1002 for the piece 29.
[2025/12/03 14:06:21] Peer 1001 sent 'piece' message for piece 30 to Peer 1002.
[2025/12/03 14:06:21] Peer 1001 received the 'have' message from Peer 1002 for the piece 30.
[2025/12/03 14:06:21] Peer 1001 sent 'piece' message for piece 31 to Peer 1002.
[2025/12/03 14:06:21] Peer 1001 received the 'have' message from Peer 1002 for the piece 31.
[2025/12/03 14:06:21] Peer 1001 sent 'piece' message for piece 32 to Peer 1002.
[2025/12/03 14:06:21] Peer 1001 received the 'have' message from Peer 1002 for the piece 32.
[2025/12/03 14:06:21] Peer 1001 sent 'piece' message for piece 33 to Peer 1002.
[2025/12/03 14:06:21] Peer 1001 received the 'have' message from Peer 1002 for the piece 33.
[2025/12/03 14:06:21] Peer 1001 sent 'piece' message for piece 34 to Peer 1002.
[2025/12/03 14:06:21] Peer 1001 received the 'have' message from Peer 1002 for the piece 34.
[2025/12/03 14:06:21] Peer 1001 sent 'piece' message for piece 35 to Peer 1002.
[2025/12/03 14:06:21] Peer 1001 received the 'have' message from Peer 1002 for the piece 35.
[2025/12/03 14:06:21] Peer 1001 sent 'piece' message for piece 36 to Peer 1002.
[2025/12/03 14:06:21] Peer 1001 received the 'have' message from Peer 1002 for the piece 36.
[2025/12/03 14:06:21] Peer 1001 sent 'piece' message for piece 37 to Peer 1002.
[2025/12/03 14:06:21] Peer 1001 received the 'have' message from Peer 1002 for the piece 37.
[2025/12/03 14:06:21] Peer 1001 sent 'piece' message for piece 38 to Peer 1002.
[2025/12/03 14:06:21] Peer 1001 received the 'have' message from Peer 1002 for the piece 38.
[2025/12/03 14:06:21] Peer 1001 sent 'piece' message for piece 39 to Peer 1002.
[2025/12/03 14:06:21] Peer 1001 received the 'have' message from Peer 1002 for the piece 39.
[2025/12/03 14:06:21] Peer 1001 sent 'piece' message for piece 40 to Peer 1002.
[2025/12/03 14:06:21] Peer 1001 received the 'have' message from Peer 1002 for the piece 40.
[2025/12/03 14:06:21] Peer 1001 sent 'piece' message for piece 41 to Peer 1002.
[2025/12/03 14:06:21] Peer 1001 received the 'have' message from Peer 1002 for the piece 41.
[2025/12/03 14:06:21] Peer 1001 sent 'piece' message for piece 42 to Peer 1002.
[2025/12/03 14:06:21] Peer 1001 received the 'have' message from Peer 1002 for the piece 42.
[2025/12/03 14:06:21] Peer 1001 sent 'piece' message for piece 43 to Peer 1002.
[2025/12/03 14:06:21] Peer 1001 received the 'have' message from Peer 1002 for the piece 43.
[2025/12/03 14:06:21] Peer 1001 sent 'piece' message for piece 44 to Peer 1002.
[2025/12/03 14:06:21] Peer 1001 received the 'have' message from Peer 1002 for the piece 44.
[2025/12/03 14:06:21] Peer 1001 sent 'piece' message for piece 45 to Peer 1002.
[2025/12/03 14:06:21] Peer 1001 received the 'have' message from Peer 1002 for the piece 45.
[2025/12/03 14:06:21] Peer 1001 sent 'piece' message for piece 46 to Peer 1002.
[2025/12/03 14:06:21] Peer 1001 received the 'have' message from Peer 1002 for the piece 46.
[2025/12/03 14:06:21] Peer 1001 sent 'piece' message for piece 47 to Peer 1002.
[2025/12/03 14:06:21] Peer 1001 received the 'have' message from Peer 1002 for the piece 47.
[2025/12/03 14:06:21] Peer 1001 sent 'piece' message for piece 48 to Peer 1002.
[2025/12/03 14:06:21] Peer 1001 received the 'have' message from Peer 1002 for the piece 48.
[2025/12/03 14:06:21] Peer 1001 sent 'piece' message for piece 49 to Peer 1002.
[2025/12/03 14:06:21] Peer 1001 received the 'have' message from Peer 1002 for the piece 49.
[2025/12/03 14:06:21] Peer 1001 sent 'piece' message for piece 50 to Peer 1002.
[2025/12/03 14:06:21] Peer 1001 received the 'have' message from Peer 1002 for the piece 50.
[2025/12/03 14:06:21] Peer 1001 sent 'piece' message for piece 51 to Peer 1002.
[2025/12/03 14:06:21] Peer 1001 received the 'have' message from Peer 1002 for the piece 51.
[2025/12/03 14:06:21] Peer 1001 sent 'piece' message for piece 52 to Peer 1002.
[2025/12/03 14:06:21] Peer 1001 received the 'have' message from Peer 1002 for the piece 52.
[2025/12/03 14:06:21] Peer 1001 sent 'piece' message for piece 53 to Peer 1002.
[2025/12/03 14:06:21] Peer 1001 received the 'have' message from Peer 1002 for the piece 53.
[2025/12/03 14:06:21] Peer 1001 sent 'piece' message for piece 54 to Peer 1002.
[2025/12/03 14:06:21] Peer 1001 received the 'have' message from Peer 1002 for the piece 54.
[2025/12/03 14:06:21] Peer 1001 sent 'piece' message for piece 55 to Peer 1002.
[2025/12/03 14:06:21] Peer 1001 received the 'have' message from Peer 1002 for the piece 55.
[2025/12/03 14:06:21] Peer 1001 sent 'piece' message for piece 56 to Peer 1002.
[2025/12/03 14:06:21] Peer 1001 received the 'have' message from Peer 1002 for the piece 56.
[2025/12/03 14:06:21] Peer 1001 sent 'piece' message for piece 57 to Peer 1002.
[2025/12/03 14:06:21] Peer 1001 received the 'have' message from Peer 1002 for the piece 57.
[2025/12/03 14:06:21] Peer 1001 sent 'piece' message for piece 58 to Peer 1002.
[2025/12/03 14:06:21] Peer 1001 received the 'have' message from Peer 1002 for the piece 58.
[2025/12/03 14:06:21] Peer 1001 sent 'piece' message for piece 59 to Peer 1002.
[2025/12/03 14:06:21] Peer 1001 received the 'have' message from Peer 1002 for the piece 59.
[2025/12/03 14:06:21] Peer 1001 sent 'piece' message for piece 60 to Peer 1002.
[2025/12/03 14:06:21] Peer 1001 received the 'have' message from Peer 1002 for the piece 60.
[2025/12/03 14:06:21] Peer 1001 sent 'piece' message for piece 61 to Peer 1002.
[2025/12/03 14:06:21] Peer 1001 received the 'have' message from Peer 1002 for the piece 61.
[2025/12/03 14:06:21] Peer 1001 sent 'piece' message for piece 62 to Peer 1002.
[2025/12/03 14:06:21] Peer 1001 received the 'have' message from Peer 1002 for the piece 62.
[2025/12/03 14:06:21] Peer 1001 sent 'piece' message for piece 63 to Peer 1002.
[2025/12/03 14:06:21] Peer 1001 received the 'have' message from Peer 1002 for the piece 63.
[2025/12/03 14:06:21] Peer 1001 sent 'piece' message for piece 64 to Peer 1002.
[2025/12/03 14:06:21] Peer 1001 received the 'have' message from Peer 1002 for the piece 64.
[2025/12/03 14:06:21] Peer 1001 sent 'piece' message for piece 65 to Peer 1002.
[2025/12/03 14:06:21] Peer 1001 received the 'have' message from Peer 1002 for the piece 65.
[2025/12/03 14:06:21] Peer 1001 sent 'piece' message for piece 66 to Peer 1002.
[2025/12/03 14:06:21] Peer 1001 received the 'have' message from Peer 1002 for the piece 66.
[2025/12/03 14:06:21] Peer 1001 sent 'piece' message for piece 67 to Peer 1002.
[2025/12/03 14:06:21] Peer 1001 received the 'have' message from Peer 1002 for the piece 67.
[2025/12/03 14:06:21] Peer 1001 sent 'piece' message for piece 68 to Peer 1002.
[2025/12/03 14:06:21] Peer 1001 received the 'have' message from Peer 1002 for the piece 68.
[2025/12/03 14:06:21] Peer 1001 sent 'piece' message for piece 69 to Peer 1002.
[2025/12/03 14:06:21] Peer 1001 received the 'have' message from Peer 1002 for the piece 69.
[2025/12/03 14:06:21] Peer 1001 sent 'piece' message for piece 70 to Peer 1002.
[2025/12/03 14:06:21] Peer 1001 received the 'have' message from Peer 1002 for the piece 70.
[2025/12/03 14:06:21] Peer 1001 sent 'piece' message for piece 71 to Peer 1002.
[2025/12/03 14:06:21] Peer 1001 received the 'have' message from Peer 1002 for the piece 71.
[2025/12/03 14:06:21] Peer 1001 sent 'piece' message for piece 72 to Peer 1002.
[2025/12/03 14:06:21] Peer 1001 received the 'have' message from Peer 1002 for the piece 72.
[2025/12/03 14:06:21] Peer 1001 sent 'piece' message for piece 73 to Peer 1002.
[2025/12/03 14:06:21] Peer 1001 received the 'have' message from Peer 1002 for the piece 73.
[2025/12/03 14:06:21] Peer 1001 sent 'piece' message for piece 74 to Peer 1002.
[2025/12/03 14:06:21] Peer 1001 received the 'have' message from Peer 1002 for the piece 74.
[2025/12/03 14:06:21] Peer 1001 sent 'piece' message for piece 75 to Peer 1002.
[2025/12/03 14:06:21] Peer 1001 received the 'have' message from Peer 1002 for the piece 75.
[2025/12/03 14:06:21] Peer 1001 sent 'piece' message for piece 76 to Peer 1002.
[2025/12/03 14:06:21] Peer 1001 received the 'have' message from Peer 1002 for the piece 76.
[2025/12/03 14:06:21] Peer 1001 sent 'piece' message for piece 77 to Peer 1002.
[2025/12/03 14:06:21] Peer 1001 received the 'have' message from Peer 1002 for the piece 77.
[2025/12/03 14:06:21] Peer 1001 sent 'piece' message for piece 78 to Peer 1002.
[2025/12/03 14:06:21] Peer 1001 received the 'have' message from Peer 1002 for the piece 78.
[2025/12/03 14:06:21] Peer 1001 sent 'piece' message for piece 79 to Peer 1002.
[2025/12/03 14:06:21] Peer 1001 received the 'have' message from Peer 1002 for the piece 79.
[2025/12/03 14:06:21] Peer 1001 sent 'piece' message for piece 80 to Peer 1002.
[2025/12/03 14:06:21] Peer 1001 received the 'have' message from Peer 1002 for the piece 80.
[2025/12/03 14:06:21] Peer 1001 sent 'piece' message for piece 81 to Peer 1002.
[2025/12/03 14:06:21] Peer 1001 received the 'have' message from Peer 1002 for the piece 81.
[2025/12/03 14:06:21] Peer 1001 sent 'piece' message for piece 82 to Peer 1002.
[2025/12/03 14:06:21] Peer 1001 received the 'have' message from Peer 1002 for the piece 82.
[2025/12/03 14:06:21] Peer 1001 sent 'piece' message for piece 83 to Peer 1002.
[2025/12/03 14:06:21] Peer 1001 received the 'have' message from Peer 1002 for the piece 83.
[2025/12/03 14:06:21] Peer 1001 sent 'piece' message for piece 84 to Peer 1002.
[2025/12/03 14:06:21] Peer 1001 received the 'have' message from Peer 1002 for the piece 84.
[2025/12/03 14:06:21] Peer 1001 sent 'piece' message for piece 85 to Peer 1002.
[2025/12/03 14:06:21] Peer 1001 received the 'have' message from Peer 1002 for the piece 85.
[2025/12/03 14:06:21] Peer 1001 sent 'piece' message for piece 86 to Peer 1002.
[2025/12/03 14:06:21] Peer 1001 received the 'have' message from Peer 1002 for the piece 86.
[2025/12/03 14:06:21] Peer 1001 sent 'piece' message for piece 87 to Peer 1002.
[2025/12/03 14:06:21] Peer 1001 received the 'have' message from Peer 1002 for the piece 87.
[2025/12/03 14:06:21] Peer 1001 sent 'piece' message for piece 88 to Peer 1002.
[2025/12/03 14:06:21] Peer 1001 received the 'have' message from Peer 1002 for the piece 88.
[2025/12/03 14:06:21] Peer 1001 sent 'piece' message for piece 89 to Peer 1002.
[2025/12/03 14:06:21] Peer 1001 received the 'have' message from Peer 1002 for the piece 89.
[2025/12/03 14:06:21] Peer 1001 sent 'piece' message for piece 90 to Peer 1002.
[2025/12/03 14:06:21] Peer 1001 received the 'have' message from Peer 1002 for the piece 90.
[2025/12/03 14:06:21] Peer 1001 sent 'piece' message for piece 91 to Peer 1002.
[2025/12/03 14:06:21] Peer 1001 received the 'have' message from Peer 1002 for the piece 91.
[2025/12/03 14:06:21] Peer 1001 sent 'piece' message for piece 92 to Peer 1002.
[2025/12/03 14:06:21] Peer 1001 received the 'have' message from Peer 1002 for the piece 92.
[2025/12/03 14:06:21] Peer 1001 sent 'piece' message for piece 93 to Peer 1002.
[2025/12/03 14:06:21] Peer 1001 received the 'have' message from Peer 1002 for the piece 93.
[2025/12/03 14:06:21] Peer 1001 sent 'piece' message for piece 94 to Peer 1002.
[2025/12/03 14:06:21] Peer 1001 received the 'have' message from Peer 1002 for the piece 94.
[2025/12/03 14:06:21] Peer 1001 sent 'piece' message for piece 95 to Peer 1002.
[2025/12/03 14:06:21] Peer 1001 received the 'have' message from Peer 1002 for the piece 95.
[2025/12/03 14:06:21] Peer 1001 sent 'piece' message for piece 96 to Peer 1002.
[2025/12/03 14:06:21] Peer 1001 received the 'have' message from Peer 1002 for the piece 96.
[2025/12/03 14:06:21] Peer 1001 sent 'piece' message for piece 97 to Peer 1002.
[2025/12/03 14:06:21] Peer 1001 received the 'have' message from Peer 1002 for the piece 97.
[2025/12/03 14:06:21] Peer 1001 sent 'piece' message for piece 98 to Peer 1002.
[2025/12/03 14:06:21] Peer 1001 received the 'have' message from Peer 1002 for the piece 98.
[2025/12/03 14:06:21] Peer 1001 sent 'piece' message for piece 99 to Peer 1002.
[2025/12/03 14:06:21] Peer 1001 received the 'have' message from Peer 1002 for the piece 99.
[2025/12/03 14:06:21] Peer 1001 sent 'piece' message for piece 100 to Peer 1002.
[2025/12/03 14:06:21] Peer 1001 received the 'have' message from Peer 1002 for the piece 100.
[2025/12/03 14:06:21] Peer 1001 sent 'piece' message for piece 101 to Peer 1002.
[2025/12/03 14:06:21] Peer 1001 received the 'have' message from Peer 1002 for the piece 101.
[2025/12/03 14:06:21] Peer 1001 sent 'piece' message for piece 102 to Peer 1002.
[2025/12/03 14:06:21] Peer 1001 received the 'have' message from Peer 1002 for the piece 102.
[2025/12/03 14:06:21] Peer 1001 sent 'piece' message for piece 103 to Peer 1002.
[2025/12/03 14:06:21] Peer 1001 received the 'have' message from Peer 1002 for the piece 103.
[2025/12/03 14:06:21] Peer 1001 sent 'piece' message for piece 104 to Peer 1002.
[2025/12/03 14:06:21] Peer 1001 received the 'have' message from Peer 1002 for the piece 104.
[2025/12/03 14:06:21] Peer 1001 sent 'piece' message for piece 105 to Peer 1002.
[2025/12/03 14:06:21] Peer 1001 received the 'have' message from Peer 1002 for the piece 105.
[2025/12/03 14:06:21] Peer 1001 sent 'piece' message for piece 106 to Peer 1002.
[2025/12/03 14:06:21] Peer 1001 received the 'have' message from Peer 1002 for the piece 106.
[2025/12/03 14:06:21] Peer 1001 sent 'piece' message for piece 107 to Peer 1002.
[2025/12/03 14:06:21] Peer 1001 received the 'have' message from Peer 1002 for the piece 107.
[2025/12/03 14:06:21] Peer 1001 sent 'piece' message for piece 108 to Peer 1002.
[2025/12/03 14:06:21] Peer 1001 received the 'have' message from Peer 1002 for the piece 108.
[2025/12/03 14:06:21] Peer 1001 sent 'piece' message for piece 109 to Peer 1002.
[2025/12/03 14:06:21] Peer 1001 received the 'have' message from Peer 1002 for the piece 109.
[2025/12/03 14:06:21] Peer 1001 sent 'piece' message for piece 110 to Peer 1002.
[2025/12/03 14:06:21] Peer 1001 received the 'have' message from Peer 1002 for the piece 110.
[2025/12/03 14:06:21] Peer 1001 sent 'piece' message for piece 111 to Peer 1002.
[2025/12/03 14:06:21] Peer 1001 received the 'have' message from Peer 1002 for the piece 111.
[2025/12/03 14:06:21] Peer 1001 sent 'piece' message for piece 112 to Peer 1002.
[2025/12/03 14:06:21] Peer 1001 received the 'have' message from Peer 1002 for the piece 112.
[2025/12/03 14:06:21] Peer 1001 sent 'piece' message for piece 113 to Peer 1002.
[2025/12/03 14:06:21] Peer 1001 received the 'have' message from Peer 1002 for the piece 113.
[2025/12/03 14:06:21] Peer 1001 sent 'piece' message for piece 114 to Peer 1002.
[2025/12/03 14:06:21] Peer 1001 received the 'have' message from Peer 1002 for the piece 114.
[2025/12/03 14:06:21] Peer 1001 sent 'piece' message for piece 115 to Peer 1002.
[2025/12/03 14:06:21] Peer 1001 received the 'have' message from Peer 1002 for the piece 115.
[2025/12/03 14:06:21] Peer 1001 sent 'piece' message for piece 116 to Peer 1002.
[2025/12/03 14:06:21] Peer 1001 received the 'have' message from Peer 1002 for the piece 116.
[2025/12/03 14:06:21] Peer 1001 sent 'piece' message for piece 117 to Peer 1002.
[2025/12/03 14:06:21] Peer 1001 received the 'have' message from Peer 1002 for the piece 117.
[2025/12/03 14:06:21] Peer 1001 sent 'piece' message for piece 118 to Peer 1002.
[2025/12/03 14:06:21] Peer 1001 received the 'have' message from Peer 1002 for the piece 118.
[2025/12/03 14:06:21] Peer 1001 sent 'piece' message for piece 119 to Peer 1002.
[2025/12/03 14:06:21] Peer 1001 received the 'have' message from Peer 1002 for the piece 119.
[2025/12/03 14:06:21] Peer 1001 sent 'piece' message for piece 120 to Peer 1002.
[2025/12/03 14:06:21] Peer 1001 received the 'have' message from Peer 1002 for the piece 120.
[2025/12/03 14:06:21] Peer 1001 sent 'piece' message for piece 121 to Peer 1002.
[2025/12/03 14:06:21] Peer 1001 received the 'have' message from Peer 1002 for the piece 121.
[2025/12/03 14:06:21] Peer 1001 sent 'piece' message for piece 122 to Peer 1002.
[2025/12/03 14:06:21] Peer 1001 received the 'have' message from Peer 1002 for the piece 122.
[2025/12/03 14:06:21] Peer 1001 sent 'piece' message for piece 123 to Peer 1002.
[2025/12/03 14:06:21] Peer 1001 received the 'have' message from Peer 1002 for the piece 123.
[2025/12/03 14:06:21] Peer 1001 sent 'piece' message for piece 124 to Peer 1002.
[2025/12/03 14:06:21] Peer 1001 received the 'have' message from Peer 1002 for the piece 124.
[2025/12/03 14:06:21] Peer 1001 sent 'piece' message for piece 125 to Peer 1002.
[2025/12/03 14:06:21] Peer 1001 received the 'have' message from Peer 1002 for the piece 125.
[2025/12/03 14:06:21] Peer 1001 sent 'piece' message for piece 126 to Peer 1002.
[2025/12/03 14:06:21] Peer 1001 received the 'have' message from Peer 1002 for the piece 126.
[2025/12/03 14:06:21] Peer 1001 sent 'piece' message for piece 127 to Peer 1002.
[2025/12/03 14:06:21] Peer 1001 received the 'have' message from Peer 1002 for the piece 127.
[2025/12/03 14:06:21] Peer 1001 sent 'piece' message for piece 128 to Peer 1002.
[2025/12/03 14:06:21] Peer 1001 received the 'have' message from Peer 1002 for the piece 128.
[2025/12/03 14:06:21] Peer 1001 sent 'piece' message for piece 129 to Peer 1002.
[2025/12/03 14:06:21] Peer 1001 received the 'have' message from Peer 1002 for the piece 129.
[2025/12/03 14:06:21] Peer 1001 sent 'piece' message for piece 130 to Peer 1002.
[2025/12/03 14:06:21] Peer 1001 received the 'have' message from Peer 1002 for the piece 130.
[2025/12/03 14:06:21] Peer 1001 sent 'piece' message for piece 131 to Peer 1002.
[2025/12/03 14:06:21] Peer 1001 received the 'have' message from Peer 1002 for the piece 131.
[2025/12/03 14:06:21] Peer 1001 sent 'piece' message for piece 132 to Peer 1002.
[2025/12/03 14:06:21] Peer 1001 received the 'have' message from Peer 1002 for the piece 132.
[2025/12/03 14:06:21] Peer 1001 sent 'piece' message for piece 133 to Peer 1002.
[2025/12/03 14:06:21] Peer 1001 received the 'have' message from Peer 1002 for the piece 133.
[2025/12/03 14:06:21] Peer 1001 sent 'piece' message for piece 134 to Peer 1002.
[2025/12/03 14:06:21] Peer 1001 received the 'have' message from Peer 1002 for the piece 134.
[2025/12/03 14:06:21] Peer 1001 sent 'piece' message for piece 135 to Peer 1002.
[2025/12/03 14:06:21] Peer 1001 received the 'have' message from Peer 1002 for the piece 135.
[2025/12/03 14:06:21] Peer 1001 sent 'piece' message for piece 136 to Peer 1002.
[2025/12/03 14:06:21] Peer 1001 received the 'have' message from Peer 1002 for the piece 136.
[2025/12/03 14:06:21] Peer 1001 sent 'piece' message for piece 137 to Peer 1002.
[2025/12/03 14:06:21] Peer 1001 received the 'have' message from Peer 1002 for the piece 137.
[2025/12/03 14:06:21] Peer 1001 sent 'piece' message for piece 138 to Peer 1002.
[2025/12/03 14:06:21] Peer 1001 received the 'have' message from Peer 1002 for the piece 138.
[2025/12/03 14:06:21] Peer 1001 sent 'piece' message for piece 139 to Peer 1002.
[2025/12/03 14:06:21] Peer 1001 received the 'have' message from Peer 1002 for the piece 139.
[2025/12/03 14:06:21] Peer 1001 sent 'piece' message for piece 140 to Peer 1002.
[2025/12/03 14:06:21] Peer 1001 received the 'have' message from Peer 1002 for the piece 140.
[2025/12/03 14:06:21] Peer 1001 sent 'piece' message for piece 141 to Peer 1002.
[2025/12/03 14:06:21] Peer 1001 received the 'have' message from Peer 1002 for the piece 141.
[2025/12/03 14:06:21] Peer 1001 sent 'piece' message for piece 142 to Peer 1002.
[2025/12/03 14:06:21] Peer 1001 received the 'have' message from Peer 1002 for the piece 142.
[2025/12/03 14:06:21] Peer 1001 sent 'piece' message for piece 143 to Peer 1002.
[2025/12/03 14:06:21] Peer 1001 received the 'have' message from Peer 1002 for the piece 143.
[2025/12/03 14:06:21] Peer 1001 sent 'piece' message for piece 144 to Peer 1002.
[2025/12/03 14:06:21] Peer 1001 received the 'have' message from Peer 1002 for the piece 144.
[2025/12/03 14:06:21] Peer 1001 sent 'piece' message for piece 145 to Peer 1002.
[2025/12/03 14:06:21] Peer 1001 received the 'have' message from Peer 1002 for the piece 145.
[2025/12/03 14:06:21] Peer 1001 sent 'piece' message for piece 146 to Peer 1002.
[2025/12/03 14:06:21] Peer 1001 received the 'have' message from Peer 1002 for the piece 146.
[2025/12/03 14:06:21] Peer 1001 sent 'piece' message for piece 147 to Peer 1002.
[2025/12/03 14:06:21] Peer 1001 received the 'have' message from Peer 1002 for the piece 147.
[2025/12/03 14:06:21] Peer 1001 sent 'piece' message for piece 148 to Peer 1002.
[2025/12/03 14:06:21] Peer 1001 received the 'have' message from Peer 1002 for the piece 148.
[2025/12/03 14:06:21] Peer 1001 sent 'piece' message for piece 149 to Peer 1002.
[2025/12/03 14:06:21] Peer 1001 received the 'have' message from Peer 1002 for the piece 149.
[2025/12/03 14:06:21] Peer 1001 sent 'piece' message for piece 150 to Peer 1002.
[2025/12/03 14:06:21] Peer 1001 received the 'have' message from Peer 1002 for the piece 150.
[2025/12/03 14:06:21] Peer 1001 sent 'piece' message for piece 151 to Peer 1002.
[2025/12/03 14:06:21] Peer 1001 received the 'have' message from Peer 1002 for the piece 151.
[2025/12/03 14:06:21] Peer 1001 sent 'piece' message for piece 152 to Peer 1002.
[2025/12/03 14:06:21] Peer 1001 received the 'have' message from Peer 1002 for the piece 152.
[2025/12/03 14:06:21] Peer 1001 sent 'piece' message for piece 153 to Peer 1002.
[2025/12/03 14:06:21] Peer 1001 received the 'have' message from Peer 1002 for the piece 153.
[2025/12/03 14:06:21] Peer 1001 sent 'piece' message for piece 154 to Peer 1002.
[2025/12/03 14:06:21] Peer 1001 received the 'have' message from Peer 1002 for the piece 154.
[2025/12/03 14:06:21] Peer 1001 sent 'piece' message for piece 155 to Peer 1002.
[2025/12/03 14:06:21] Peer 1001 received the 'have' message from Peer 1002 for the piece 155.
[2025/12/03 14:06:21] Peer 1001 sent 'piece' message for piece 156 to Peer 1002.
[2025/12/03 14:06:21] Peer 1001 received the 'have' message from Peer 1002 for the piece 156.
[2025/12/03 14:06:21] Peer 1001 sent 'piece' message for piece 157 to Peer 1002.
[2025/12/03 14:06:21] Peer 1001 received the 'have' message from Peer 1002 for the piece 157.
[2025/12/03 14:06:21] Peer 1001 sent 'piece' message for piece 158 to Peer 1002.
[2025/12/03 14:06:21] Peer 1001 received the 'have' message from Peer 1002 for the piece 158.
[2025/12/03 14:06:21] Peer 1001 sent 'piece' message for piece 159 to Peer 1002.
[2025/12/03 14:06:21] Peer 1001 received the 'have' message from Peer 1002 for the piece 159.
[2025/12/03 14:06:21] Peer 1001 sent 'piece' message for piece 160 to Peer 1002.
[2025/12/03 14:06:21] Peer 1001 received the 'have' message from Peer 1002 for the piece 160.
[2025/12/03 14:06:21] Peer 1001 sent 'piece' message for piece 161 to Peer 1002.
[2025/12/03 14:06:21] Peer 1001 received the 'have' message from Peer 1002 for the piece 161.
[2025/12/03 14:06:21] Peer 1001 sent 'piece' message for piece 162 to Peer 1002.
[2025/12/03 14:06:21] Peer 1001 received the 'have' message from Peer 1002 for the piece 162.
[2025/12/03 14:06:21] Peer 1001 sent 'piece' message for piece 163 to Peer 1002.
[2025/12/03 14:06:21] Peer 1001 received the 'have' message from Peer 1002 for the piece 163.
[2025/12/03 14:06:21] Peer 1001 sent 'piece' message for piece 164 to Peer 1002.
[2025/12/03 14:06:21] Peer 1001 received the 'have' message from Peer 1002 for the piece 164.
[2025/12/03 14:06:21] Peer 1001 sent 'piece' message for piece 165 to Peer 1002.
[2025/12/03 14:06:21] Peer 1001 received the 'have' message from Peer 1002 for the piece 165.
[2025/12/03 14:06:21] Peer 1001 sent 'piece' message for piece 166 to Peer 1002.
[2025/12/03 14:06:21] Peer 1001 received the 'have' message from Peer 1002 for the piece 166.
[2025/12/03 14:06:21] Peer 1001 sent 'piece' message for piece 167 to Peer 1002.
[2025/12/03 14:06:21] Peer 1001 received the 'have' message from Peer 1002 for the piece 167.
[2025/12/03 14:06:21] Peer 1001 sent 'piece' message for piece 168 to Peer 1002.
[2025/12/03 14:06:21] Peer 1001 received the 'have' message from Peer 1002 for the piece 168.
[2025/12/03 14:06:21] Peer 1001 sent 'piece' message for piece 169 to Peer 1002.
[2025/12/03 14:06:21] Peer 1001 received the 'have' message from Peer 1002 for the piece 169.
[2025/12/03 14:06:21] Peer 1001 sent 'piece' message for piece 170 to Peer 1002.
[2025/12/03 14:06:21] Peer 1001 received the 'have' message from Peer 1002 for the piece 170.
[2025/12/03 14:06:21] Peer 1001 sent 'piece' message for piece 171 to Peer 1002.
[2025/12/03 14:06:21] Peer 1001 received the 'have' message from Peer 1002 for the piece 171.
[2025/12/03 14:06:21] Peer 1001 sent 'piece' message for piece 172 to Peer 1002.
[2025/12/03 14:06:21] Peer 1001 received the 'have' message from Peer 1002 for the piece 172.
[2025/12/03 14:06:21] Peer 1001 sent 'piece' message for piece 173 to Peer 1002.
[2025/12/03 14:06:21] Peer 1001 received the 'have' message from Peer 1002 for the piece 173.
[2025/12/03 14:06:21] Peer 1001 sent 'piece' message for piece 174 to Peer 1002.
[2025/12/03 14:06:21] Peer 1001 received the 'have' message from Peer 1002 for the piece 174.
[2025/12/03 14:06:21] Peer 1001 sent 'piece' message for piece 175 to Peer 1002.
[2025/12/03 14:06:21] Peer 1001 received the 'have' message from Peer 1002 for the piece 175.
[2025/12/03 14:06:21] Peer 1001 sent 'piece' message for piece 176 to Peer 1002.
[2025/12/03 14:06:21] Peer 1001 received the 'have' message from Peer 1002 for the piece 176.
[2025/12/03 14:06:21] Peer 1001 sent 'piece' message for piece 177 to Peer 1002.
[2025/12/03 14:06:21] Peer 1001 received the 'have' message from Peer 1002 for the piece 177.
[2025/12/03 14:06:21] Peer 1001 sent 'piece' message for piece 178 to Peer 1002.
[2025/12/03 14:06:21] Peer 1001 received the 'have' message from Peer 1002 for the piece 178.
[2025/12/03 14:06:21] Peer 1001 sent 'piece' message for piece 179 to Peer 1002.
[2025/12/03 14:06:21] Peer 1001 received the 'have' message from Peer 1002 for the piece 179.
[2025/12/03 14:06:21] Peer 1001 sent 'piece' message for piece 180 to Peer 1002.
[2025/12/03 14:06:21] Peer 1001 received the 'have' message from Peer 1002 for the piece 180.
[2025/12/03 14:06:21] Peer 1001 sent 'piece' message for piece 181 to Peer 1002.
[2025/12/03 14:06:21] Peer 1001 received the 'have' message from Peer 1002 for the piece 181.
[2025/12/03 14:06:21] Peer 1001 sent 'piece' message for piece 182 to Peer 1002.
[2025/12/03 14:06:21] Peer 1001 received the 'have' message from Peer 1002 for the piece 182.
[2025/12/03 14:06:21] Peer 1001 sent 'piece' message for piece 183 to Peer 1002.
[2025/12/03 14:06:21] Peer 1001 received the 'have' message from Peer 1002 for the piece 183.
[2025/12/03 14:06:21] Peer 1001 sent 'piece' message for piece 184 to Peer 1002.
[2025/12/03 14:06:21] Peer 1001 received the 'have' message from Peer 1002 for the piece 184.
[2025/12/03 14:06:21] Peer 1001 sent 'piece' message for piece 185 to Peer 1002.
[2025/12/03 14:06:21] Peer 1001 received the 'have' message from Peer 1002 for the piece 185.
[2025/12/03 14:06:21] Peer 1001 sent 'piece' message for piece 186 to Peer 1002.
[2025/12/03 14:06:21] Peer 1001 received the 'have' message from Peer 1002 for the piece 186.
[2025/12/03 14:06:21] Peer 1001 sent 'piece' message for piece 187 to Peer 1002.
[2025/12/03 14:06:21] Peer 1001 received the 'have' message from Peer 1002 for the piece 187.
[2025/12/03 14:06:21] Peer 1001 sent 'piece' message for piece 188 to Peer 1002.
[2025/12/03 14:06:21] Peer 1001 received the 'have' message from Peer 1002 for the piece 188.
[2025/12/03 14:06:21] Peer 1001 sent 'piece' message for piece 189 to Peer 1002.
[2025/12/03 14:06:21] Peer 1001 received the 'have' message from Peer 1002 for the piece 189.
[2025/12/03 14:06:21] Peer 1001 sent 'piece' message for piece 190 to Peer 1002.
[2025/12/03 14:06:21] Peer 1001 received the 'have' message from Peer 1002 for the piece 190.
[2025/12/03 14:06:21] Peer 1001 sent 'piece' message for piece 191 to Peer 1002.
[2025/12/03 14:06:21] Peer 1001 received the 'have' message from Peer 1002 for the piece 191.
[2025/12/03 14:06:21] Peer 1001 sent 'piece' message for piece 192 to Peer 1002.
[2025/12/03 14:06:21] Peer 1001 received the 'have' message from Peer 1002 for the piece 192.
[2025/12/03 14:06:21] Peer 1001 sent 'piece' message for piece 193 to Peer 1002.
[2025/12/03 14:06:21] Peer 1001 received the 'have' message from Peer 1002 for the piece 193.
[2025/12/03 14:06:21] Peer 1001 sent 'piece' message for piece 194 to Peer 1002.
[2025/12/03 14:06:21] Peer 1001 received the 'have' message from Peer 1002 for the piece 194.
[2025/12/03 14:06:21] Peer 1001 sent 'piece' message for piece 195 to Peer 1002.
[2025/12/03 14:06:21] Peer 1001 received the 'have' message from Peer 1002 for the piece 195.
[2025/12/03 14:06:21] Peer 1001 sent 'piece' message for piece 196 to Peer 1002.
[2025/12/03 14:06:21] Peer 1001 received the 'have' message from Peer 1002 for the piece 196.
[2025/12/03 14:06:21] Peer 1001 sent 'piece' message for piece 197 to Peer 1002.
[2025/12/03 14:06:21] Peer 1001 received the 'have' message from Peer 1002 for the piece 197.
[2025/12/03 14:06:21] Peer 1001 sent 'piece' message for piece 198 to Peer 1002.
[2025/12/03 14:06:21] Peer 1001 received the 'have' message from Peer 1002 for the piece 198.
[2025/12/03 14:06:21] Peer 1001 sent 'piece' message for piece 199 to Peer 1002.
[2025/12/03 14:06:21] Peer 1001 received the 'have' message from Peer 1002 for the piece 199.
[2025/12/03 14:06:21] Peer 1001 sent 'piece' message for piece 200 to Peer 1002.
[2025/12/03 14:06:21] Peer 1001 received the 'have' message from Peer 1002 for the piece 200.
[2025/12/03 14:06:21] Peer 1001 sent 'piece' message for piece 201 to Peer 1002.
[2025/12/03 14:06:21] Peer 1001 received the 'have' message from Peer 1002 for the piece 201.
[2025/12/03 14:06:21] Peer 1001 sent 'piece' message for piece 202 to Peer 1002.
[2025/12/03 14:06:21] Peer 1001 received the 'have' message from Peer 1002 for the piece 202.
[2025/12/03 14:06:21] Peer 1001 sent 'piece' message for piece 203 to Peer 1002.
[2025/12/03 14:06:21] Peer 1001 received the 'have' message from Peer 1002 for the piece 203.
[2025/12/03 14:06:21] Peer 1001 sent 'piece' message for piece 204 to Peer 1002.
[2025/12/03 14:06:21] Peer 1001 received the 'have' message from Peer 1002 for the piece 204.
[2025/12/03 14:06:21] Peer 1001 sent 'piece' message for piece 205 to Peer 1002.
[2025/12/03 14:06:21] Peer 1001 received the 'have' message from Peer 1002 for the piece 205.
[2025/12/03 14:06:21] Peer 1001 sent 'piece' message for piece 206 to Peer 1002.
[2025/12/03 14:06:21] Peer 1001 received the 'have' message from Peer 1002 for the piece 206.
[2025/12/03 14:06:21] Peer 1001 sent 'piece' message for piece 207 to Peer 1002.
[2025/12/03 14:06:21] Peer 1001 received the 'have' message from Peer 1002 for the piece 207.
[2025/12/03 14:06:21] Peer 1001 sent 'piece' message for piece 208 to Peer 1002.
[2025/12/03 14:06:21] Peer 1001 received the 'have' message from Peer 1002 for the piece 208.
[2025/12/03 14:06:21] Peer 1001 sent 'piece' message for piece 209 to Peer 1002.
[2025/12/03 14:06:21] Peer 1001 received the 'have' message from Peer 1002 for the piece 209.
[2025/12/03 14:06:21] Peer 1001 sent 'piece' message for piece 210 to Peer 1002.
[2025/12/03 14:06:21] Peer 1001 received the 'have' message from Peer 1002 for the piece 210.
[2025/12/03 14:06:21] Peer 1001 sent 'piece' message for piece 211 to Peer 1002.
[2025/12/03 14:06:21] Peer 1001 received the 'have' message from Peer 1002 for the piece 211.
[2025/12/03 14:06:21] Peer 1001 sent 'piece' message for piece 212 to Peer 1002.
[2025/12/03 14:06:21] Peer 1001 received the 'have' message from Peer 1002 for the piece 212.
[2025/12/03 14:06:21] Peer 1001 sent 'piece' message for piece 213 to Peer 1002.
[2025/12/03 14:06:21] Peer 1001 received the 'have' message from Peer 1002 for the piece 213.
[2025/12/03 14:06:21] Peer 1001 sent 'piece' message for piece 214 to Peer 1002.
[2025/12/03 14:06:21] Peer 1001 received the 'have' message from Peer 1002 for the piece 214.
[2025/12/03 14:06:21] Peer 1001 sent 'piece' message for piece 215 to Peer 1002.
[2025/12/03 14:06:21] Peer 1001 received the 'have' message from Peer 1002 for the piece 215.
[2025/12/03 14:06:21] Peer 1001 sent 'piece' message for piece 216 to Peer 1002.
[2025/12/03 14:06:21] Peer 1001 received the 'have' message from Peer 1002 for the piece 216.
[2025/12/03 14:06:21] Peer 1001 sent 'piece' message for piece 217 to Peer 1002.
[2025/12/03 14:06:21] Peer 1001 received the 'have' message from Peer 1002 for the piece 217.
[2025/12/03 14:06:21] Peer 1001 sent 'piece' message for piece 218 to Peer 1002.
[2025/12/03 14:06:21] Peer 1001 received the 'have' message from Peer 1002 for the piece 218.
[2025/12/03 14:06:21] Peer 1001 sent 'piece' message for piece 219 to Peer 1002.
[2025/12/03 14:06:21] Peer 1001 received the 'have' message from Peer 1002 for the piece 219.
[2025/12/03 14:06:21] Peer 1001 sent 'piece' message for piece 220 to Peer 1002.
[2025/12/03 14:06:21] Peer 1001 received the 'have' message from Peer 1002 for the piece 220.
[2025/12/03 14:06:21] Peer 1001 sent 'piece' message for piece 221 to Peer 1002.
[2025/12/03 14:06:21] Peer 1001 received the 'have' message from Peer 1002 for the piece 221.
[2025/12/03 14:06:21] Peer 1001 sent 'piece' message for piece 222 to Peer 1002.
[2025/12/03 14:06:21] Peer 1001 received the 'have' message from Peer 1002 for the piece 222.
[2025/12/03 14:06:21] Peer 1001 sent 'piece' message for piece 223 to Peer 1002.
[2025/12/03 14:06:21] Peer 1001 received the 'have' message from Peer 1002 for the piece 223.
[2025/12/03 14:06:21] Peer 1001 sent 'piece' message for piece 224 to Peer 1002.
[2025/12/03 14:06:21] Peer 1001 received the 'have' message from Peer 1002 for the piece 224.
[2025/12/03 14:06:21] Peer 1001 sent 'piece' message for piece 225 to Peer 1002.
[2025/12/03 14:06:21] Peer 1001 received the 'have' message from Peer 1002 for the piece 225.
[2025/12/03 14:06:21] Peer 1001 sent 'piece' message for piece 226 to Peer 1002.
[2025/12/03 14:06:21] Peer 1001 received the 'have' message from Peer 1002 for the piece 226.
[2025/12/03 14:06:21] Peer 1001 sent 'piece' message for piece 227 to Peer 1002.
[2025/12/03 14:06:21] Peer 1001 received the 'have' message from Peer 1002 for the piece 227.
[2025/12/03 14:06:21] Peer 1001 sent 'piece' message for piece 228 to Peer 1002.
[2025/12/03 14:06:21] Peer 1001 received the 'have' message from Peer 1002 for the piece 228.
[2025/12/03 14:06:21] Peer 1001 sent 'piece' message for piece 229 to Peer 1002.
[2025/12/03 14:06:21] Peer 1001 received the 'have' message from Peer 1002 for the piece 229.
[2025/12/03 14:06:21] Peer 1001 sent 'piece' message for piece 230 to Peer 1002.
[2025/12/03 14:06:21] Peer 1001 received the 'have' message from Peer 1002 for the piece 230.
[2025/12/03 14:06:21] Peer 1001 sent 'piece' message for piece 231 to Peer 1002.
[2025/12/03 14:06:21] Peer 1001 received the 'have' message from Peer 1002 for the piece 231.
[2025/12/03 14:06:21] Peer 1001 sent 'piece' message for piece 232 to Peer 1002.
[2025/12/03 14:06:21] Peer 1001 received the 'have' message from Peer 1002 for the piece 232.
[2025/12/03 14:06:21] Peer 1001 sent 'piece' message for piece 233 to Peer 1002.
[2025/12/03 14:06:21] Peer 1001 received the 'have' message from Peer 1002 for the piece 233.
[2025/12/03 14:06:21] Peer 1001 sent 'piece' message for piece 234 to Peer 1002.
[2025/12/03 14:06:21] Peer 1001 received the 'have' message from Peer 1002 for the piece 234.
[2025/12/03 14:06:21] Peer 1001 sent 'piece' message for piece 235 to Peer 1002.
[2025/12/03 14:06:21] Peer 1001 received the 'have' message from Peer 1002 for the piece 235.
[2025/12/03 14:06:21] Peer 1001 sent 'piece' message for piece 236 to Peer 1002.
[2025/12/03 14:06:21] Peer 1001 received the 'have' message from Peer 1002 for the piece 236.
[2025/12/03 14:06:21] Peer 1001 sent 'piece' message for piece 237 to Peer 1002.
[2025/12/03 14:06:21] Peer 1001 received the 'have' message from Peer 1002 for the piece 237.
[2025/12/03 14:06:21] Peer 1001 sent 'piece' message for piece 238 to Peer 1002.
[2025/12/03 14:06:21] Peer 1001 received the 'have' message from Peer 1002 for the piece 238.
[2025/12/03 14:06:21] Peer 1001 sent 'piece' message for piece 239 to Peer 1002.
[2025/12/03 14:06:21] Peer 1001 received the 'have' message from Peer 1002 for the piece 239.
[2025/12/03 14:06:21] Peer 1001 sent 'piece' message for piece 240 to Peer 1002.
[2025/12/03 14:06:21] Peer 1001 received the 'have' message from Peer 1002 for the piece 240.
[2025/12/03 14:06:21] Peer 1001 sent 'piece' message for piece 241 to Peer 1002.
[2025/12/03 14:06:21] Peer 1001 received the 'have' message from Peer 1002 for the piece 241.
[2025/12/03 14:06:21] Peer 1001 sent 'piece' message for piece 242 to Peer 1002.
[2025/12/03 14:06:21] Peer 1001 received the 'have' message from Peer 1002 for the piece 242.
[2025/12/03 14:06:21] Peer 1001 sent 'piece' message for piece 243 to Peer 1002.
[2025/12/03 14:06:21] Peer 1001 received the 'have' message from Peer 1002 for the piece 243.
[2025/12/03 14:06:21] Peer 1001 sent 'piece' message for piece 244 to Peer 1002.
[2025/12/03 14:06:21] Peer 1001 received the 'have' message from Peer 1002 for the piece 244.
[2025/12/03 14:06:21] Peer 1001 sent 'piece' message for piece 245 to Peer 1002.
[2025/12/03 14:06:21] Peer 1001 received the 'have' message from Peer 1002 for the piece 245.
[2025/12/03 14:06:21] Peer 1001 sent 'piece' message for piece 246 to Peer 1002.
[2025/12/03 14:06:21] Peer 1001 received the 'have' message from Peer 1002 for the piece 246.
[2025/12/03 14:06:21] Peer 1001 sent 'piece' message for piece 247 to Peer 1002.
[2025/12/03 14:06:21] Peer 1001 received the 'have' message from Peer 1002 for the piece 247.
[2025/12/03 14:06:21] Peer 1001 sent 'piece' message for piece 248 to Peer 1002.
[2025/12/03 14:06:21] Peer 1001 received the 'have' message from Peer 1002 for the piece 248.
[2025/12/03 14:06:21] Peer 1001 sent 'piece' message for piece 249 to Peer 1002.
[2025/12/03 14:06:21] Peer 1001 received the 'have' message from Peer 1002 for the piece 249.
[2025/12/03 14:06:21] Peer 1001 sent 'piece' message for piece 250 to Peer 1002.
[2025/12/03 14:06:21] Peer 1001 received the 'have' message from Peer 1002 for the piece 250.
[2025/12/03 14:06:21] Peer 1001 sent 'piece' message for piece 251 to Peer 1002.
[2025/12/03 14:06:21] Peer 1001 received the 'have' message from Peer 1002 for the piece 251.
[2025/12/03 14:06:21] Peer 1001 sent 'piece' message for piece 252 to Peer 1002.
[2025/12/03 14:06:21] Peer 1001 received the 'have' message from Peer 1002 for the piece 252.
[2025/12/03 14:06:21] Peer 1001 sent 'piece' message for piece 253 to Peer 1002.
[2025/12/03 14:06:21] Peer 1001 received the 'have' message from Peer 1002 for the piece 253.
[2025/12/03 14:06:21] Peer 1001 sent 'piece' message for piece 254 to Peer 1002.
[2025/12/03 14:06:21] Peer 1001 received the 'have' message from Peer 1002 for the piece 254.
[2025/12/03 14:06:21] Peer 1001 sent 'piece' message for piece 255 to Peer 1002.
[2025/12/03 14:06:21] Peer 1001 received the 'have' message from Peer 1002 for the piece 255.
[2025/12/03 14:06:21] Peer 1001 sent 'piece' message for piece 256 to Peer 1002.
[2025/12/03 14:06:21] Peer 1001 received the 'have' message from Peer 1002 for the piece 256.
[2025/12/03 14:06:21] Peer 1001 sent 'piece' message for piece 257 to Peer 1002.
[2025/12/03 14:06:21] Peer 1001 received the 'have' message from Peer 1002 for the piece 257.
[2025/12/03 14:06:21] Peer 1001 sent 'piece' message for piece 258 to Peer 1002.
[2025/12/03 14:06:21] Peer 1001 received the 'have' message from Peer 1002 for the piece 258.
[2025/12/03 14:06:21] Peer 1001 sent 'piece' message for piece 259 to Peer 1002.
[2025/12/03 14:06:21] Peer 1001 received the 'have' message from Peer 1002 for the piece 259.
[2025/12/03 14:06:21] Peer 1001 sent 'piece' message for piece 260 to Peer 1002.
[2025/12/03 14:06:21] Peer 1001 received the 'have' message from Peer 1002 for the piece 260.
[2025/12/03 14:06:21] Peer 1001 sent 'piece' message for piece 261 to Peer 1002.
[2025/12/03 14:06:21] Peer 1001 received the 'have' message from Peer 1002 for the piece 261.
[2025/12/03 14:06:21] Peer 1001 sent 'piece' message for piece 262 to Peer 1002.
[2025/12/03 14:06:21] Peer 1001 received the 'have' message from Peer 1002 for the piece 262.
[2025/12/03 14:06:21] Peer 1001 sent 'piece' message for piece 263 to Peer 1002.
[2025/12/03 14:06:21] Peer 1001 received the 'have' message from Peer 1002 for the piece 263.
[2025/12/03 14:06:21] Peer 1001 sent 'piece' message for piece 264 to Peer 1002.
[2025/12/03 14:06:21] Peer 1001 received the 'have' message from Peer 1002 for the piece 264.
[2025/12/03 14:06:21] Peer 1001 sent 'piece' message for piece 265 to Peer 1002.
[2025/12/03 14:06:21] Peer 1001 received the 'have' message from Peer 1002 for the piece 265.
[2025/12/03 14:06:21] Peer 1001 sent 'piece' message for piece 266 to Peer 1002.
[2025/12/03 14:06:21] Peer 1001 received the 'have' message from Peer 1002 for the piece 266.
[2025/12/03 14:06:21] Peer 1001 sent 'piece' message for piece 267 to Peer 1002.
[2025/12/03 14:06:21] Peer 1001 received the 'have' message from Peer 1002 for the piece 267.
[2025/12/03 14:06:21] Peer 1001 sent 'piece' message for piece 268 to Peer 1002.
[2025/12/03 14:06:21] Peer 1001 received the 'have' message from Peer 1002 for the piece 268.
[2025/12/03 14:06:22] Peer 1001 sent 'piece' message for piece 269 to Peer 1002.
[2025/12/03 14:06:22] Peer 1001 received the 'have' message from Peer 1002 for the piece 269.
[2025/12/03 14:06:22] Peer 1001 sent 'piece' message for piece 270 to Peer 1002.
[2025/12/03 14:06:22] Peer 1001 received the 'have' message from Peer 1002 for the piece 270.
[2025/12/03 14:06:22] Peer 1001 sent 'piece' message for piece 271 to Peer 1002.
[2025/12/03 14:06:22] Peer 1001 received the 'have' message from Peer 1002 for the piece 271.
[2025/12/03 14:06:22] Peer 1001 sent 'piece' message for piece 272 to Peer 1002.
[2025/12/03 14:06:22] Peer 1001 received the 'have' message from Peer 1002 for the piece 272.
[2025/12/03 14:06:22] Peer 1001 sent 'piece' message for piece 273 to Peer 1002.
[2025/12/03 14:06:22] Peer 1001 received the 'have' message from Peer 1002 for the piece 273.
[2025/12/03 14:06:22] Peer 1001 sent 'piece' message for piece 274 to Peer 1002.
[2025/12/03 14:06:22] Peer 1001 received the 'have' message from Peer 1002 for the piece 274.
[2025/12/03 14:06:22] Peer 1001 sent 'piece' message for piece 275 to Peer 1002.
[2025/12/03 14:06:22] Peer 1001 received the 'have' message from Peer 1002 for the piece 275.
[2025/12/03 14:06:22] Peer 1001 sent 'piece' message for piece 276 to Peer 1002.
[2025/12/03 14:06:22] Peer 1001 received the 'have' message from Peer 1002 for the piece 276.
[2025/12/03 14:06:22] Peer 1001 sent 'piece' message for piece 277 to Peer 1002.
[2025/12/03 14:06:22] Peer 1001 received the 'have' message from Peer 1002 for the piece 277.
[2025/12/03 14:06:22] Peer 1001 sent 'piece' message for piece 278 to Peer 1002.
[2025/12/03 14:06:22] Peer 1001 received the 'have' message from Peer 1002 for the piece 278.
[2025/12/03 14:06:22] Peer 1001 sent 'piece' message for piece 279 to Peer 1002.
[2025/12/03 14:06:22] Peer 1001 received the 'have' message from Peer 1002 for the piece 279.
[2025/12/03 14:06:22] Peer 1001 sent 'piece' message for piece 280 to Peer 1002.
[2025/12/03 14:06:22] Peer 1001 received the 'have' message from Peer 1002 for the piece 280.
[2025/12/03 14:06:22] Peer 1001 sent 'piece' message for piece 281 to Peer 1002.
[2025/12/03 14:06:22] Peer 1001 received the 'have' message from Peer 1002 for the piece 281.
[2025/12/03 14:06:22] Peer 1001 sent 'piece' message for piece 282 to Peer 1002.
[2025/12/03 14:06:22] Peer 1001 received the 'have' message from Peer 1002 for the piece 282.
[2025/12/03 14:06:22] Peer 1001 sent 'piece' message for piece 283 to Peer 1002.
[2025/12/03 14:06:22] Peer 1001 received the 'have' message from Peer 1002 for the piece 283.
[2025/12/03 14:06:22] Peer 1001 sent 'piece' message for piece 284 to Peer 1002.
[2025/12/03 14:06:22] Peer 1001 received the 'have' message from Peer 1002 for the piece 284.
[2025/12/03 14:06:22] Peer 1001 sent 'piece' message for piece 285 to Peer 1002.
[2025/12/03 14:06:22] Peer 1001 received the 'have' message from Peer 1002 for the piece 285.
[2025/12/03 14:06:22] Peer 1001 sent 'piece' message for piece 286 to Peer 1002.
[2025/12/03 14:06:22] Peer 1001 received the 'have' message from Peer 1002 for the piece 286.
[2025/12/03 14:06:22] Peer 1001 sent 'piece' message for piece 287 to Peer 1002.
[2025/12/03 14:06:22] Peer 1001 received the 'have' message from Peer 1002 for the piece 287.
[2025/12/03 14:06:22] Peer 1001 sent 'piece' message for piece 288 to Peer 1002.
[2025/12/03 14:06:22] Peer 1001 received the 'have' message from Peer 1002 for the piece 288.
[2025/12/03 14:06:22] Peer 1001 sent 'piece' message for piece 289 to Peer 1002.
[2025/12/03 14:06:22] Peer 1001 received the 'have' message from Peer 1002 for the piece 289.
[2025/12/03 14:06:22] Peer 1001 sent 'piece' message for piece 290 to Peer 1002.
[2025/12/03 14:06:22] Peer 1001 received the 'have' message from Peer 1002 for the piece 290.
[2025/12/03 14:06:22] Peer 1001 sent 'piece' message for piece 291 to Peer 1002.
[2025/12/03 14:06:22] Peer 1001 received the 'have' message from Peer 1002 for the piece 291.
[2025/12/03 14:06:22] Peer 1001 sent 'piece' message for piece 292 to Peer 1002.
[2025/12/03 14:06:22] Peer 1001 received the 'have' message from Peer 1002 for the piece 292.
[2025/12/03 14:06:22] Peer 1001 sent 'piece' message for piece 293 to Peer 1002.
[2025/12/03 14:06:22] Peer 1001 received the 'have' message from Peer 1002 for the piece 293.
[2025/12/03 14:06:22] Peer 1001 sent 'piece' message for piece 294 to Peer 1002.
[2025/12/03 14:06:22] Peer 1001 received the 'have' message from Peer 1002 for the piece 294.
[2025/12/03 14:06:22] Peer 1001 sent 'piece' message for piece 295 to Peer 1002.
[2025/12/03 14:06:22] Peer 1001 received the 'have' message from Peer 1002 for the piece 295.
[2025/12/03 14:06:22] Peer 1001 sent 'piece' message for piece 296 to Peer 1002.
[2025/12/03 14:06:22] Peer 1001 received the 'have' message from Peer 1002 for the piece 296.
[2025/12/03 14:06:22] Peer 1001 sent 'piece' message for piece 297 to Peer 1002.
[2025/12/03 14:06:22] Peer 1001 received the 'have' message from Peer 1002 for the piece 297.
[2025/12/03 14:06:22] Peer 1001 sent 'piece' message for piece 298 to Peer 1002.
[2025/12/03 14:06:22] Peer 1001 received the 'have' message from Peer 1002 for the piece 298.
[2025/12/03 14:06:22] Peer 1001 sent 'piece' message for piece 299 to Peer 1002.
[2025/12/03 14:06:22] Peer 1001 received the 'have' message from Peer 1002 for the piece 299.
[2025/12/03 14:06:22] Peer 1001 sent 'piece' message for piece 300 to Peer 1002.
[2025/12/03 14:06:22] Peer 1001 received the 'have' message from Peer 1002 for the piece 300.
[2025/12/03 14:06:22] Peer 1001 sent 'piece' message for piece 301 to Peer 1002.
[2025/12/03 14:06:22] Peer 1001 received the 'have' message from Peer 1002 for the piece 301.
[2025/12/03 14:06:22] Peer 1001 sent 'piece' message for piece 302 to Peer 1002.
[2025/12/03 14:06:22] Peer 1001 received the 'have' message from Peer 1002 for the piece 302.
[2025/12/03 14:06:22] Peer 1001 sent 'piece' message for piece 303 to Peer 1002.
[2025/12/03 14:06:22] Peer 1001 received the 'have' message from Peer 1002 for the piece 303.
[2025/12/03 14:06:22] Peer 1001 sent 'piece' message for piece 304 to Peer 1002.
[2025/12/03 14:06:22] Peer 1001 received the 'have' message from Peer 1002 for the piece 304.
[2025/12/03 14:06:22] Peer 1001 sent 'piece' message for piece 305 to Peer 1002.
[2025/12/03 14:06:22] Peer 1001 received the 'have' message from Peer 1002 for the piece 305.
[2025/12/03 14:06:22] Peer 1001 sent 'piece' message for piece 306 to Peer 1002.
[2025/12/03 14:06:22] Peer 1001 received the 'have' message from Peer 1002 for the piece 306.
[2025/12/03 14:06:22] Peer 1001 sent 'piece' message for piece 307 to Peer 1002.
[2025/12/03 14:06:22] Peer 1001 received the 'have' message from Peer 1002 for the piece 307.
[2025/12/03 14:06:22] Peer 1001 sent 'piece' message for piece 308 to Peer 1002.
[2025/12/03 14:06:22] Peer 1001 received the 'have' message from Peer 1002 for the piece 308.
[2025/12/03 14:06:22] Peer 1001 sent 'piece' message for piece 309 to Peer 1002.
[2025/12/03 14:06:22] Peer 1001 received the 'have' message from Peer 1002 for the piece 309.
[2025/12/03 14:06:22] Peer 1001 sent 'piece' message for piece 310 to Peer 1002.
[2025/12/03 14:06:22] Peer 1001 received the 'have' message from Peer 1002 for the piece 310.
[2025/12/03 14:06:22] Peer 1001 sent 'piece' message for piece 311 to Peer 1002.
[2025/12/03 14:06:22] Peer 1001 received the 'have' message from Peer 1002 for the piece 311.
[2025/12/03 14:06:22] Peer 1001 sent 'piece' message for piece 312 to Peer 1002.
[2025/12/03 14:06:22] Peer 1001 received the 'have' message from Peer 1002 for the piece 312.
[2025/12/03 14:06:22] Peer 1001 sent 'piece' message for piece 313 to Peer 1002.
[2025/12/03 14:06:22] Peer 1001 received the 'have' message from Peer 1002 for the piece 313.
[2025/12/03 14:06:22] Peer 1001 sent 'piece' message for piece 314 to Peer 1002.
[2025/12/03 14:06:22] Peer 1001 received the 'have' message from Peer 1002 for the piece 314.
[2025/12/03 14:06:22] Peer 1001 sent 'piece' message for piece 315 to Peer 1002.
[2025/12/03 14:06:22] Peer 1001 received the 'have' message from Peer 1002 for the piece 315.
[2025/12/03 14:06:22] Peer 1001 sent 'piece' message for piece 316 to Peer 1002.
[2025/12/03 14:06:22] Peer 1001 received the 'have' message from Peer 1002 for the piece 316.
[2025/12/03 14:06:22] Peer 1001 sent 'piece' message for piece 317 to Peer 1002.
[2025/12/03 14:06:22] Peer 1001 received the 'have' message from Peer 1002 for the piece 317.
[2025/12/03 14:06:22] Peer 1001 sent 'piece' message for piece 318 to Peer 1002.
[2025/12/03 14:06:22] Peer 1001 received the 'have' message from Peer 1002 for the piece 318.
[2025/12/03 14:06:22] Peer 1001 sent 'piece' message for piece 319 to Peer 1002.
[2025/12/03 14:06:22] Peer 1001 received the 'have' message from Peer 1002 for the piece 319.
[2025/12/03 14:06:22] Peer 1001 sent 'piece' message for piece 320 to Peer 1002.
[2025/12/03 14:06:22] Peer 1001 received the 'have' message from Peer 1002 for the piece 320.
[2025/12/03 14:06:22] Peer 1001 sent 'piece' message for piece 321 to Peer 1002.
[2025/12/03 14:06:22] Peer 1001 received the 'have' message from Peer 1002 for the piece 321.
[2025/12/03 14:06:22] Peer 1001 sent 'piece' message for piece 322 to Peer 1002.
[2025/12/03 14:06:22] Peer 1001 received the 'have' message from Peer 1002 for the piece 322.
[2025/12/03 14:06:22] Peer 1001 sent 'piece' message for piece 323 to Peer 1002.
[2025/12/03 14:06:22] Peer 1001 received the 'have' message from Peer 1002 for the piece 323.
[2025/12/03 14:06:22] Peer 1001 sent 'piece' message for piece 324 to Peer 1002.
[2025/12/03 14:06:22] Peer 1001 received the 'have' message from Peer 1002 for the piece 324.
[2025/12/03 14:06:22] Peer 1001 sent 'piece' message for piece 325 to Peer 1002.
[2025/12/03 14:06:22] Peer 1001 received the 'have' message from Peer 1002 for the piece 325.
[2025/12/03 14:06:22] Peer 1001 sent 'piece' message for piece 326 to Peer 1002.
[2025/12/03 14:06:22] Peer 1001 received the 'have' message from Peer 1002 for the piece 326.
[2025/12/03 14:06:22] Peer 1001 sent 'piece' message for piece 327 to Peer 1002.
[2025/12/03 14:06:22] Peer 1001 received the 'have' message from Peer 1002 for the piece 327.
[2025/12/03 14:06:22] Peer 1001 sent 'piece' message for piece 328 to Peer 1002.
[2025/12/03 14:06:22] Peer 1001 received the 'have' message from Peer 1002 for the piece 328.
[2025/12/03 14:06:22] Peer 1001 sent 'piece' message for piece 329 to Peer 1002.
[2025/12/03 14:06:22] Peer 1001 received the 'have' message from Peer 1002 for the piece 329.
[2025/12/03 14:06:22] Peer 1001 sent 'piece' message for piece 330 to Peer 1002.
[2025/12/03 14:06:22] Peer 1001 received the 'have' message from Peer 1002 for the piece 330.
[2025/12/03 14:06:22] Peer 1001 sent 'piece' message for piece 331 to Peer 1002.
[2025/12/03 14:06:22] Peer 1001 received the 'have' message from Peer 1002 for the piece 331.
[2025/12/03 14:06:22] Peer 1001 sent 'piece' message for piece 332 to Peer 1002.
[2025/12/03 14:06:22] Peer 1001 received the 'have' message from Peer 1002 for the piece 332.
[2025/12/03 14:06:22] Peer 1001 sent 'piece' message for piece 333 to Peer 1002.
[2025/12/03 14:06:22] Peer 1001 received the 'have' message from Peer 1002 for the piece 333.
[2025/12/03 14:06:22] Peer 1001 sent 'piece' message for piece 334 to Peer 1002.
[2025/12/03 14:06:22] Peer 1001 received the 'have' message from Peer 1002 for the piece 334.
[2025/12/03 14:06:22] Peer 1001 sent 'piece' message for piece 335 to Peer 1002.
[2025/12/03 14:06:22] Peer 1001 received the 'have' message from Peer 1002 for the piece 335.
[2025/12/03 14:06:22] Peer 1001 sent 'piece' message for piece 336 to Peer 1002.
[2025/12/03 14:06:22] Peer 1001 received the 'have' message from Peer 1002 for the piece 336.
[2025/12/03 14:06:22] Peer 1001 sent 'piece' message for piece 337 to Peer 1002.
[2025/12/03 14:06:22] Peer 1001 received the 'have' message from Peer 1002 for the piece 337.
[2025/12/03 14:06:22] Peer 1001 sent 'piece' message for piece 338 to Peer 1002.
[2025/12/03 14:06:22] Peer 1001 received the 'have' message from Peer 1002 for the piece 338.
[2025/12/03 14:06:22] Peer 1001 sent 'piece' message for piece 339 to Peer 1002.
[2025/12/03 14:06:22] Peer 1001 received the 'have' message from Peer 1002 for the piece 339.
[2025/12/03 14:06:22] Peer 1001 sent 'piece' message for piece 340 to Peer 1002.
[2025/12/03 14:06:22] Peer 1001 received the 'have' message from Peer 1002 for the piece 340.
[2025/12/03 14:06:22] Peer 1001 sent 'piece' message for piece 341 to Peer 1002.
[2025/12/03 14:06:22] Peer 1001 received the 'have' message from Peer 1002 for the piece 341.
[2025/12/03 14:06:22] Peer 1001 sent 'piece' message for piece 342 to Peer 1002.
[2025/12/03 14:06:22] Peer 1001 received the 'have' message from Peer 1002 for the piece 342.
[2025/12/03 14:06:22] Peer 1001 sent 'piece' message for piece 343 to Peer 1002.
[2025/12/03 14:06:22] Peer 1001 received the 'have' message from Peer 1002 for the piece 343.
[2025/12/03 14:06:22] Peer 1001 sent 'piece' message for piece 344 to Peer 1002.
[2025/12/03 14:06:22] Peer 1001 received the 'have' message from Peer 1002 for the piece 344.
[2025/12/03 14:06:22] Peer 1001 sent 'piece' message for piece 345 to Peer 1002.
[2025/12/03 14:06:22] Peer 1001 received the 'have' message from Peer 1002 for the piece 345.
[2025/12/03 14:06:22] Peer 1001 sent 'piece' message for piece 346 to Peer 1002.
[2025/12/03 14:06:22] Peer 1001 received the 'have' message from Peer 1002 for the piece 346.
[2025/12/03 14:06:22] Peer 1001 sent 'piece' message for piece 347 to Peer 1002.
[2025/12/03 14:06:22] Peer 1001 received the 'have' message from Peer 1002 for the piece 347.
[2025/12/03 14:06:22] Peer 1001 sent 'piece' message for piece 348 to Peer 1002.
[2025/12/03 14:06:22] Peer 1001 received the 'have' message from Peer 1002 for the piece 348.
[2025/12/03 14:06:22] Peer 1001 sent 'piece' message for piece 349 to Peer 1002.
[2025/12/03 14:06:22] Peer 1001 received the 'have' message from Peer 1002 for the piece 349.
[2025/12/03 14:06:22] Peer 1001 sent 'piece' message for piece 350 to Peer 1002.
[2025/12/03 14:06:22] Peer 1001 received the 'have' message from Peer 1002 for the piece 350.
[2025/12/03 14:06:22] Peer 1001 sent 'piece' message for piece 351 to Peer 1002.
[2025/12/03 14:06:22] Peer 1001 received the 'have' message from Peer 1002 for the piece 351.
[2025/12/03 14:06:22] Peer 1001 sent 'piece' message for piece 352 to Peer 1002.
[2025/12/03 14:06:22] Peer 1001 received the 'have' message from Peer 1002 for the piece 352.
[2025/12/03 14:06:22] Peer 1001 sent 'piece' message for piece 353 to Peer 1002.
[2025/12/03 14:06:22] Peer 1001 received the 'have' message from Peer 1002 for the piece 353.
[2025/12/03 14:06:22] Peer 1001 sent 'piece' message for piece 354 to Peer 1002.
[2025/12/03 14:06:22] Peer 1001 received the 'have' message from Peer 1002 for the piece 354.
[2025/12/03 14:06:22] Peer 1001 sent 'piece' message for piece 355 to Peer 1002.
[2025/12/03 14:06:22] Peer 1001 received the 'have' message from Peer 1002 for the piece 355.
[2025/12/03 14:06:22] Peer 1001 sent 'piece' message for piece 356 to Peer 1002.
[2025/12/03 14:06:22] Peer 1001 received the 'have' message from Peer 1002 for the piece 356.
[2025/12/03 14:06:22] Peer 1001 sent 'piece' message for piece 357 to Peer 1002.
[2025/12/03 14:06:22] Peer 1001 received the 'have' message from Peer 1002 for the piece 357.
[2025/12/03 14:06:22] Peer 1001 sent 'piece' message for piece 358 to Peer 1002.
[2025/12/03 14:06:22] Peer 1001 received the 'have' message from Peer 1002 for the piece 358.
[2025/12/03 14:06:22] Peer 1001 sent 'piece' message for piece 359 to Peer 1002.
[2025/12/03 14:06:22] Peer 1001 received the 'have' message from Peer 1002 for the piece 359.
[2025/12/03 14:06:22] Peer 1001 sent 'piece' message for piece 360 to Peer 1002.
[2025/12/03 14:06:22] Peer 1001 received the 'have' message from Peer 1002 for the piece 360.
[2025/12/03 14:06:22] Peer 1001 sent 'piece' message for piece 361 to Peer 1002.
[2025/12/03 14:06:22] Peer 1001 received the 'have' message from Peer 1002 for the piece 361.
[2025/12/03 14:06:22] Peer 1001 sent 'piece' message for piece 362 to Peer 1002.
[2025/12/03 14:06:22] Peer 1001 received the 'have' message from Peer 1002 for the piece 362.
[2025/12/03 14:06:22] Peer 1001 sent 'piece' message for piece 363 to Peer 1002.
[2025/12/03 14:06:22] Peer 1001 received the 'have' message from Peer 1002 for the piece 363.
[2025/12/03 14:06:22] Peer 1001 sent 'piece' message for piece 364 to Peer 1002.
[2025/12/03 14:06:22] Peer 1001 received the 'have' message from Peer 1002 for the piece 364.
[2025/12/03 14:06:22] Peer 1001 sent 'piece' message for piece 365 to Peer 1002.
[2025/12/03 14:06:22] Peer 1001 received the 'have' message from Peer 1002 for the piece 365.
[2025/12/03 14:06:22] Peer 1001 sent 'piece' message for piece 366 to Peer 1002.
[2025/12/03 14:06:22] Peer 1001 received the 'have' message from Peer 1002 for the piece 366.
[2025/12/03 14:06:22] Peer 1001 sent 'piece' message for piece 367 to Peer 1002.
[2025/12/03 14:06:22] Peer 1001 received the 'have' message from Peer 1002 for the piece 367.
[2025/12/03 14:06:22] Peer 1001 sent 'piece' message for piece 368 to Peer 1002.
[2025/12/03 14:06:22] Peer 1001 received the 'have' message from Peer 1002 for the piece 368.
[2025/12/03 14:06:22] Peer 1001 sent 'piece' message for piece 369 to Peer 1002.
[2025/12/03 14:06:22] Peer 1001 received the 'have' message from Peer 1002 for the piece 369.
[2025/12/03 14:06:22] Peer 1001 sent 'piece' message for piece 370 to Peer 1002.
[2025/12/03 14:06:22] Peer 1001 received the 'have' message from Peer 1002 for the piece 370.
[2025/12/03 14:06:22] Peer 1001 sent 'piece' message for piece 371 to Peer 1002.
[2025/12/03 14:06:22] Peer 1001 received the 'have' message from Peer 1002 for the piece 371.
[2025/12/03 14:06:22] Peer 1001 sent 'piece' message for piece 372 to Peer 1002.
[2025/12/03 14:06:22] Peer 1001 received the 'have' message from Peer 1002 for the piece 372.
[2025/12/03 14:06:22] Peer 1001 sent 'piece' message for piece 373 to Peer 1002.
[2025/12/03 14:06:22] Peer 1001 received the 'have' message from Peer 1002 for the piece 373.
[2025/12/03 14:06:22] Peer 1001 sent 'piece' message for piece 374 to Peer 1002.
[2025/12/03 14:06:22] Peer 1001 received the 'have' message from Peer 1002 for the piece 374.
[2025/12/03 14:06:22] Peer 1001 sent 'piece' message for piece 375 to Peer 1002.
[2025/12/03 14:06:22] Peer 1001 received the 'have' message from Peer 1002 for the piece 375.
[2025/12/03 14:06:22] Peer 1001 sent 'piece' message for piece 376 to Peer 1002.
[2025/12/03 14:06:22] Peer 1001 received the 'have' message from Peer 1002 for the piece 376.
[2025/12/03 14:06:22] Peer 1001 sent 'piece' message for piece 377 to Peer 1002.
[2025/12/03 14:06:22] Peer 1001 received the 'have' message from Peer 1002 for the piece 377.
[2025/12/03 14:06:22] Peer 1001 sent 'piece' message for piece 378 to Peer 1002.
[2025/12/03 14:06:22] Peer 1001 received the 'have' message from Peer 1002 for the piece 378.
[2025/12/03 14:06:22] Peer 1001 sent 'piece' message for piece 379 to Peer 1002.
[2025/12/03 14:06:22] Peer 1001 received the 'have' message from Peer 1002 for the piece 379.
[2025/12/03 14:06:22] Peer 1001 sent 'piece' message for piece 380 to Peer 1002.
[2025/12/03 14:06:22] Peer 1001 received the 'have' message from Peer 1002 for the piece 380.
[2025/12/03 14:06:22] Peer 1001 sent 'piece' message for piece 381 to Peer 1002.
[2025/12/03 14:06:22] Peer 1001 received the 'have' message from Peer 1002 for the piece 381.
[2025/12/03 14:06:22] Peer 1001 sent 'piece' message for piece 382 to Peer 1002.
[2025/12/03 14:06:22] Peer 1001 received the 'have' message from Peer 1002 for the piece 382.
[2025/12/03 14:06:22] Peer 1001 sent 'piece' message for piece 383 to Peer 1002.
[2025/12/03 14:06:22] Peer 1001 received the 'have' message from Peer 1002 for the piece 383.
[2025/12/03 14:06:22] Peer 1001 sent 'piece' message for piece 384 to Peer 1002.
[2025/12/03 14:06:22] Peer 1001 received the 'have' message from Peer 1002 for the piece 384.
[2025/12/03 14:06:22] Peer 1001 sent 'piece' message for piece 385 to Peer 1002.
[2025/12/03 14:06:22] Peer 1001 received the 'have' message from Peer 1002 for the piece 385.
[2025/12/03 14:06:22] Peer 1001 sent 'piece' message for piece 386 to Peer 1002.
[2025/12/03 14:06:22] Peer 1001 received the 'have' message from Peer 1002 for the piece 386.
[2025/12/03 14:06:22] Peer 1001 sent 'piece' message for piece 387 to Peer 1002.
[2025/12/03 14:06:22] Peer 1001 received the 'have' message from Peer 1002 for the piece 387.
[2025/12/03 14:06:22] Peer 1001 sent 'piece' message for piece 388 to Peer 1002.
[2025/12/03 14:06:22] Peer 1001 received the 'have' message from Peer 1002 for the piece 388.
[2025/12/03 14:06:22] Peer 1001 sent 'piece' message for piece 389 to Peer 1002.
[2025/12/03 14:06:22] Peer 1001 received the 'have' message from Peer 1002 for the piece 389.
[2025/12/03 14:06:22] Peer 1001 sent 'piece' message for piece 390 to Peer 1002.
[2025/12/03 14:06:22] Peer 1001 received the 'have' message from Peer 1002 for the piece 390.
[2025/12/03 14:06:22] Peer 1001 sent 'piece' message for piece 391 to Peer 1002.
[2025/12/03 14:06:22] Peer 1001 received the 'have' message from Peer 1002 for the piece 391.
[2025/12/03 14:06:22] Peer 1001 sent 'piece' message for piece 392 to Peer 1002.
[2025/12/03 14:06:22] Peer 1001 received the 'have' message from Peer 1002 for the piece 392.
[2025/12/03 14:06:22] Peer 1001 sent 'piece' message for piece 393 to Peer 1002.
[2025/12/03 14:06:22] Peer 1001 received the 'have' message from Peer 1002 for the piece 393.
[2025/12/03 14:06:22] Peer 1001 sent 'piece' message for piece 394 to Peer 1002.
[2025/12/03 14:06:22] Peer 1001 received the 'have' message from Peer 1002 for the piece 394.
[2025/12/03 14:06:22] Peer 1001 sent 'piece' message for piece 395 to Peer 1002.
[2025/12/03 14:06:22] Peer 1001 received the 'have' message from Peer 1002 for the piece 395.
[2025/12/03 14:06:22] Peer 1001 sent 'piece' message for piece 396 to Peer 1002.
[2025/12/03 14:06:22] Peer 1001 received the 'have' message from Peer 1002 for the piece 396.
[2025/12/03 14:06:22] Peer 1001 sent 'piece' message for piece 397 to Peer 1002.
[2025/12/03 14:06:22] Peer 1001 received the 'have' message from Peer 1002 for the piece 397.
[2025/12/03 14:06:22] Peer 1001 sent 'piece' message for piece 398 to Peer 1002.
[2025/12/03 14:06:22] Peer 1001 received the 'have' message from Peer 1002 for the piece 398.
[2025/12/03 14:06:22] Peer 1001 sent 'piece' message for piece 399 to Peer 1002.
[2025/12/03 14:06:22] Peer 1001 received the 'have' message from Peer 1002 for the piece 399.
[2025/12/03 14:06:22] Peer 1001 sent 'piece' message for piece 400 to Peer 1002.
[2025/12/03 14:06:22] Peer 1001 received the 'have' message from Peer 1002 for the piece 400.
[2025/12/03 14:06:22] Peer 1001 sent 'piece' message for piece 401 to Peer 1002.
[2025/12/03 14:06:22] Peer 1001 received the 'have' message from Peer 1002 for the piece 401.
[2025/12/03 14:06:22] Peer 1001 sent 'piece' message for piece 402 to Peer 1002.
[2025/12/03 14:06:22] Peer 1001 received the 'have' message from Peer 1002 for the piece 402.
[2025/12/03 14:06:22] Peer 1001 sent 'piece' message for piece 403 to Peer 1002.
[2025/12/03 14:06:22] Peer 1001 received the 'have' message from Peer 1002 for the piece 403.
[2025/12/03 14:06:22] Peer 1001 sent 'piece' message for piece 404 to Peer 1002.
[2025/12/03 14:06:22] Peer 1001 received the 'have' message from Peer 1002 for the piece 404.
[2025/12/03 14:06:22] Peer 1001 sent 'piece' message for piece 405 to Peer 1002.
[2025/12/03 14:06:22] Peer 1001 received the 'have' message from Peer 1002 for the piece 405.
[2025/12/03 14:06:22] Peer 1001 sent 'piece' message for piece 406 to Peer 1002.
[2025/12/03 14:06:22] Peer 1001 received the 'have' message from Peer 1002 for the piece 406.
[2025/12/03 14:06:22] Peer 1001 sent 'piece' message for piece 407 to Peer 1002.
[2025/12/03 14:06:22] Peer 1001 received the 'have' message from Peer 1002 for the piece 407.
[2025/12/03 14:06:22] Peer 1001 sent 'piece' message for piece 408 to Peer 1002.
[2025/12/03 14:06:22] Peer 1001 received the 'have' message from Peer 1002 for the piece 408.
[2025/12/03 14:06:22] Peer 1001 sent 'piece' message for piece 409 to Peer 1002.
[2025/12/03 14:06:22] Peer 1001 received the 'have' message from Peer 1002 for the piece 409.
[2025/12/03 14:06:22] Peer 1001 sent 'piece' message for piece 410 to Peer 1002.
[2025/12/03 14:06:22] Peer 1001 received the 'have' message from Peer 1002 for the piece 410.
[2025/12/03 14:06:22] Peer 1001 sent 'piece' message for piece 411 to Peer 1002.
[2025/12/03 14:06:22] Peer 1001 received the 'have' message from Peer 1002 for the piece 411.
[2025/12/03 14:06:22] Peer 1001 sent 'piece' message for piece 412 to Peer 1002.
[2025/12/03 14:06:22] Peer 1001 received the 'have' message from Peer 1002 for the piece 412.
[2025/12/03 14:06:22] Peer 1001 sent 'piece' message for piece 413 to Peer 1002.
[2025/12/03 14:06:22] Peer 1001 received the 'have' message from Peer 1002 for the piece 413.
[2025/12/03 14:06:22] Peer 1001 sent 'piece' message for piece 414 to Peer 1002.
[2025/12/03 14:06:22] Peer 1001 received the 'have' message from Peer 1002 for the piece 414.
[2025/12/03 14:06:22] Peer 1001 sent 'piece' message for piece 415 to Peer 1002.
[2025/12/03 14:06:22] Peer 1001 received the 'have' message from Peer 1002 for the piece 415.
[2025/12/03 14:06:22] Peer 1001 sent 'piece' message for piece 416 to Peer 1002.
[2025/12/03 14:06:22] Peer 1001 received the 'have' message from Peer 1002 for the piece 416.
[2025/12/03 14:06:22] Peer 1001 sent 'piece' message for piece 417 to Peer 1002.
[2025/12/03 14:06:22] Peer 1001 received the 'have' message from Peer 1002 for the piece 417.
[2025/12/03 14:06:22] Peer 1001 sent 'piece' message for piece 418 to Peer 1002.
[2025/12/03 14:06:22] Peer 1001 received the 'have' message from Peer 1002 for the piece 418.
[2025/12/03 14:06:22] Peer 1001 sent 'piece' message for piece 419 to Peer 1002.
[2025/12/03 14:06:22] Peer 1001 received the 'have' message from Peer 1002 for the piece 419.
[2025/12/03 14:06:22] Peer 1001 sent 'piece' message for piece 420 to Peer 1002.
[2025/12/03 14:06:22] Peer 1001 received the 'have' message from Peer 1002 for the piece 420.
[2025/12/03 14:06:22] Peer 1001 sent 'piece' message for piece 421 to Peer 1002.
[2025/12/03 14:06:22] Peer 1001 received the 'have' message from Peer 1002 for the piece 421.
[2025/12/03 14:06:22] Peer 1001 sent 'piece' message for piece 422 to Peer 1002.
[2025/12/03 14:06:22] Peer 1001 received the 'have' message from Peer 1002 for the piece 422.
[2025/12/03 14:06:22] Peer 1001 sent 'piece' message for piece 423 to Peer 1002.
[2025/12/03 14:06:22] Peer 1001 received the 'have' message from Peer 1002 for the piece 423.
[2025/12/03 14:06:22] Peer 1001 sent 'piece' message for piece 424 to Peer 1002.
[2025/12/03 14:06:22] Peer 1001 received the 'have' message from Peer 1002 for the piece 424.
[2025/12/03 14:06:22] Peer 1001 sent 'piece' message for piece 425 to Peer 1002.
[2025/12/03 14:06:22] Peer 1001 received the 'have' message from Peer 1002 for the piece 425.
[2025/12/03 14:06:22] Peer 1001 sent 'piece' message for piece 426 to Peer 1002.
[2025/12/03 14:06:22] Peer 1001 received the 'have' message from Peer 1002 for the piece 426.
[2025/12/03 14:06:22] Peer 1001 sent 'piece' message for piece 427 to Peer 1002.
[2025/12/03 14:06:22] Peer 1001 received the 'have' message from Peer 1002 for the piece 427.
[2025/12/03 14:06:22] Peer 1001 sent 'piece' message for piece 428 to Peer 1002.
[2025/12/03 14:06:22] Peer 1001 received the 'have' message from Peer 1002 for the piece 428.
[2025/12/03 14:06:22] Peer 1001 sent 'piece' message for piece 429 to Peer 1002.
[2025/12/03 14:06:22] Peer 1001 received the 'have' message from Peer 1002 for the piece 429.
[2025/12/03 14:06:22] Peer 1001 sent 'piece' message for piece 430 to Peer 1002.
[2025/12/03 14:06:22] Peer 1001 received the 'have' message from Peer 1002 for the piece 430.
[2025/12/03 14:06:22] Peer 1001 sent 'piece' message for piece 431 to Peer 1002.
[2025/12/03 14:06:22] Peer 1001 received the 'have' message from Peer 1002 for the piece 431.
[2025/12/03 14:06:22] Peer 1001 sent 'piece' message for piece 432 to Peer 1002.
[2025/12/03 14:06:22] Peer 1001 received the 'have' message from Peer 1002 for the piece 432.
[2025/12/03 14:06:22] Peer 1001 sent 'piece' message for piece 433 to Peer 1002.
[2025/12/03 14:06:22] Peer 1001 received the 'have' message from Peer 1002 for the piece 433.
[2025/12/03 14:06:22] Peer 1001 sent 'piece' message for piece 434 to Peer 1002.
[2025/12/03 14:06:22] Peer 1001 received the 'have' message from Peer 1002 for the piece 434.
[2025/12/03 14:06:22] Peer 1001 sent 'piece' message for piece 435 to Peer 1002.
[2025/12/03 14:06:22] Peer 1001 received the 'have' message from Peer 1002 for the piece 435.
[2025/12/03 14:06:22] Peer 1001 sent 'piece' message for piece 436 to Peer 1002.
[2025/12/03 14:06:22] Peer 1001 received the 'have' message from Peer 1002 for the piece 436.
[2025/12/03 14:06:22] Peer 1001 sent 'piece' message for piece 437 to Peer 1002.
[2025/12/03 14:06:22] Peer 1001 received the 'have' message from Peer 1002 for the piece 437.
[2025/12/03 14:06:22] Peer 1001 sent 'piece' message for piece 438 to Peer 1002.
[2025/12/03 14:06:22] Peer 1001 received the 'have' message from Peer 1002 for the piece 438.
[2025/12/03 14:06:22] Peer 1001 sent 'piece' message for piece 439 to Peer 1002.
[2025/12/03 14:06:22] Peer 1001 received the 'have' message from Peer 1002 for the piece 439.
[2025/12/03 14:06:22] Peer 1001 sent 'piece' message for piece 440 to Peer 1002.
[2025/12/03 14:06:22] Peer 1001 received the 'have' message from Peer 1002 for the piece 440.
[2025/12/03 14:06:22] Peer 1001 sent 'piece' message for piece 441 to Peer 1002.
[2025/12/03 14:06:22] Peer 1001 received the 'have' message from Peer 1002 for the piece 441.
[2025/12/03 14:06:22] Peer 1001 sent 'piece' message for piece 442 to Peer 1002.
[2025/12/03 14:06:22] Peer 1001 received the 'have' message from Peer 1002 for the piece 442.
[2025/12/03 14:06:22] Peer 1001 sent 'piece' message for piece 443 to Peer 1002.
[2025/12/03 14:06:22] Peer 1001 received the 'have' message from Peer 1002 for the piece 443.
[2025/12/03 14:06:22] Peer 1001 sent 'piece' message for piece 444 to Peer 1002.
[2025/12/03 14:06:22] Peer 1001 received the 'have' message from Peer 1002 for the piece 444.
[2025/12/03 14:06:22] Peer 1001 sent 'piece' message for piece 445 to Peer 1002.
[2025/12/03 14:06:22] Peer 1001 received the 'have' message from Peer 1002 for the piece 445.
[2025/12/03 14:06:22] Peer 1001 sent 'piece' message for piece 446 to Peer 1002.
[2025/12/03 14:06:22] Peer 1001 received the 'have' message from Peer 1002 for the piece 446.
[2025/12/03 14:06:22] Peer 1001 sent 'piece' message for piece 447 to Peer 1002.
[2025/12/03 14:06:22] Peer 1001 received the 'have' message from Peer 1002 for the piece 447.
[2025/12/03 14:06:22] Peer 1001 sent 'piece' message for piece 448 to Peer 1002.
[2025/12/03 14:06:22] Peer 1001 received the 'have' message from Peer 1002 for the piece 448.
[2025/12/03 14:06:22] Peer 1001 sent 'piece' message for piece 449 to Peer 1002.
[2025/12/03 14:06:22] Peer 1001 received the 'have' message from Peer 1002 for the piece 449.
[2025/12/03 14:06:22] Peer 1001 sent 'piece' message for piece 450 to Peer 1002.
[2025/12/03 14:06:22] Peer 1001 received the 'have' message from Peer 1002 for the piece 450.
[2025/12/03 14:06:22] Peer 1001 sent 'piece' message for piece 451 to Peer 1002.
[2025/12/03 14:06:22] Peer 1001 received the 'have' message from Peer 1002 for the piece 451.
[2025/12/03 14:06:22] Peer 1001 sent 'piece' message for piece 452 to Peer 1002.
[2025/12/03 14:06:22] Peer 1001 received the 'have' message from Peer 1002 for the piece 452.
[2025/12/03 14:06:22] Peer 1001 sent 'piece' message for piece 453 to Peer 1002.
[2025/12/03 14:06:22] Peer 1001 received the 'have' message from Peer 1002 for the piece 453.
[2025/12/03 14:06:22] Peer 1001 sent 'piece' message for piece 454 to Peer 1002.
[2025/12/03 14:06:22] Peer 1001 received the 'have' message from Peer 1002 for the piece 454.
[2025/12/03 14:06:22] Peer 1001 sent 'piece' message for piece 455 to Peer 1002.
[2025/12/03 14:06:22] Peer 1001 received the 'have' message from Peer 1002 for the piece 455.
[2025/12/03 14:06:22] Peer 1001 sent 'piece' message for piece 456 to Peer 1002.
[2025/12/03 14:06:22] Peer 1001 received the 'have' message from Peer 1002 for the piece 456.
[2025/12/03 14:06:22] Peer 1001 sent 'piece' message for piece 457 to Peer 1002.
[2025/12/03 14:06:22] Peer 1001 received the 'have' message from Peer 1002 for the piece 457.
[2025/12/03 14:06:22] Peer 1001 sent 'piece' message for piece 458 to Peer 1002.
[2025/12/03 14:06:22] Peer 1001 received the 'have' message from Peer 1002 for the piece 458.
[2025/12/03 14:06:22] Peer 1001 sent 'piece' message for piece 459 to Peer 1002.
[2025/12/03 14:06:22] Peer 1001 received the 'have' message from Peer 1002 for the piece 459.
[2025/12/03 14:06:22] Peer 1001 sent 'piece' message for piece 460 to Peer 1002.
[2025/12/03 14:06:22] Peer 1001 received the 'have' message from Peer 1002 for the piece 460.
[2025/12/03 14:06:22] Peer 1001 sent 'piece' message for piece 461 to Peer 1002.
[2025/12/03 14:06:22] Peer 1001 received the 'have' message from Peer 1002 for the piece 461.
[2025/12/03 14:06:22] Peer 1001 sent 'piece' message for piece 462 to Peer 1002.
[2025/12/03 14:06:22] Peer 1001 received the 'have' message from Peer 1002 for the piece 462.
[2025/12/03 14:06:22] Peer 1001 sent 'piece' message for piece 463 to Peer 1002.
[2025/12/03 14:06:22] Peer 1001 received the 'have' message from Peer 1002 for the piece 463.
[2025/12/03 14:06:22] Peer 1001 sent 'piece' message for piece 464 to Peer 1002.
[2025/12/03 14:06:22] Peer 1001 received the 'have' message from Peer 1002 for the piece 464.
[2025/12/03 14:06:22] Peer 1001 sent 'piece' message for piece 465 to Peer 1002.
[2025/12/03 14:06:22] Peer 1001 received the 'have' message from Peer 1002 for the piece 465.
[2025/12/03 14:06:22] Peer 1001 sent 'piece' message for piece 466 to Peer 1002.
[2025/12/03 14:06:22] Peer 1001 received the 'have' message from Peer 1002 for the piece 466.
[2025/12/03 14:06:22] Peer 1001 sent 'piece' message for piece 467 to Peer 1002.
[2025/12/03 14:06:22] Peer 1001 received the 'have' message from Peer 1002 for the piece 467.
[2025/12/03 14:06:22] Peer 1001 sent 'piece' message for piece 468 to Peer 1002.
[2025/12/03 14:06:22] Peer 1001 received the 'have' message from Peer 1002 for the piece 468.
[2025/12/03 14:06:22] Peer 1001 sent 'piece' message for piece 469 to Peer 1002.
[2025/12/03 14:06:22] Peer 1001 received the 'have' message from Peer 1002 for the piece 469.
[2025/12/03 14:06:22] Peer 1001 sent 'piece' message for piece 470 to Peer 1002.
[2025/12/03 14:06:22] Peer 1001 received the 'have' message from Peer 1002 for the piece 470.
[2025/12/03 14:06:22] Peer 1001 sent 'piece' message for piece 471 to Peer 1002.
[2025/12/03 14:06:22] Peer 1001 received the 'have' message from Peer 1002 for the piece 471.
[2025/12/03 14:06:22] Peer 1001 sent 'piece' message for piece 472 to Peer 1002.
[2025/12/03 14:06:22] Peer 1001 received the 'have' message from Peer 1002 for the piece 472.
[2025/12/03 14:06:22] Peer 1001 sent 'piece' message for piece 473 to Peer 1002.
[2025/12/03 14:06:22] Peer 1001 received the 'have' message from Peer 1002 for the piece 473.
[2025/12/03 14:06:22] Peer 1001 sent 'piece' message for piece 474 to Peer 1002.
[2025/12/03 14:06:22] Peer 1001 received the 'have' message from Peer 1002 for the piece 474.
[2025/12/03 14:06:22] Peer 1001 sent 'piece' message for piece 475 to Peer 1002.
[2025/12/03 14:06:22] Peer 1001 received the 'have' message from Peer 1002 for the piece 475.
[2025/12/03 14:06:22] Peer 1001 sent 'piece' message for piece 476 to Peer 1002.
[2025/12/03 14:06:22] Peer 1001 received the 'have' message from Peer 1002 for the piece 476.
[2025/12/03 14:06:22] Peer 1001 sent 'piece' message for piece 477 to Peer 1002.
[2025/12/03 14:06:22] Peer 1001 received the 'have' message from Peer 1002 for the piece 477.
[2025/12/03 14:06:22] Peer 1001 sent 'piece' message for piece 478 to Peer 1002.
[2025/12/03 14:06:22] Peer 1001 received the 'have' message from Peer 1002 for the piece 478.
[2025/12/03 14:06:22] Peer 1001 sent 'piece' message for piece 479 to Peer 1002.
[2025/12/03 14:06:22] Peer 1001 received the 'have' message from Peer 1002 for the piece 479.
[2025/12/03 14:06:22] Peer 1001 sent 'piece' message for piece 480 to Peer 1002.
[2025/12/03 14:06:22] Peer 1001 received the 'have' message from Peer 1002 for the piece 480.
[2025/12/03 14:06:22] Peer 1001 sent 'piece' message for piece 481 to Peer 1002.
[2025/12/03 14:06:22] Peer 1001 received the 'have' message from Peer 1002 for the piece 481.
[2025/12/03 14:06:22] Peer 1001 sent 'piece' message for piece 482 to Peer 1002.
[2025/12/03 14:06:22] Peer 1001 received the 'have' message from Peer 1002 for the piece 482.
[2025/12/03 14:06:22] Peer 1001 sent 'piece' message for piece 483 to Peer 1002.
[2025/12/03 14:06:22] Peer 1001 received the 'have' message from Peer 1002 for the piece 483.
[2025/12/03 14:06:22] Peer 1001 sent 'piece' message for piece 484 to Peer 1002.
[2025/12/03 14:06:22] Peer 1001 received the 'have' message from Peer 1002 for the piece 484.
[2025/12/03 14:06:22] Peer 1001 sent 'piece' message for piece 485 to Peer 1002.
[2025/12/03 14:06:22] Peer 1001 received the 'have' message from Peer 1002 for the piece 485.
[2025/12/03 14:06:22] Peer 1001 sent 'piece' message for piece 486 to Peer 1002.
[2025/12/03 14:06:22] Peer 1001 received the 'have' message from Peer 1002 for the piece 486.
[2025/12/03 14:06:22] Peer 1001 sent 'piece' message for piece 487 to Peer 1002.
[2025/12/03 14:06:22] Peer 1001 received the 'have' message from Peer 1002 for the piece 487.
[2025/12/03 14:06:22] Peer 1001 sent 'piece' message for piece 488 to Peer 1002.
[2025/12/03 14:06:22] Peer 1001 received the 'have' message from Peer 1002 for the piece 488.
[2025/12/03 14:06:22] Peer 1001 sent 'piece' message for piece 489 to Peer 1002.
[2025/12/03 14:06:22] Peer 1001 received the 'have' message from Peer 1002 for the piece 489.
[2025/12/03 14:06:22] Peer 1001 sent 'piece' message for piece 490 to Peer 1002.
[2025/12/03 14:06:22] Peer 1001 received the 'have' message from Peer 1002 for the piece 490.
[2025/12/03 14:06:22] Peer 1001 sent 'piece' message for piece 491 to Peer 1002.
[2025/12/03 14:06:22] Peer 1001 received the 'have' message from Peer 1002 for the piece 491.
[2025/12/03 14:06:22] Peer 1001 sent 'piece' message for piece 492 to Peer 1002.
[2025/12/03 14:06:22] Peer 1001 received the 'have' message from Peer 1002 for the piece 492.
[2025/12/03 14:06:22] Peer 1001 sent 'piece' message for piece 493 to Peer 1002.
[2025/12/03 14:06:22] Peer 1001 received the 'have' message from Peer 1002 for the piece 493.
[2025/12/03 14:06:22] Peer 1001 sent 'piece' message for piece 494 to Peer 1002.
[2025/12/03 14:06:22] Peer 1001 received the 'have' message from Peer 1002 for the piece 494.
[2025/12/03 14:06:22] Peer 1001 sent 'piece' message for piece 495 to Peer 1002.
[2025/12/03 14:06:22] Peer 1001 received the 'have' message from Peer 1002 for the piece 495.
[2025/12/03 14:06:22] Peer 1001 sent 'piece' message for piece 496 to Peer 1002.
[2025/12/03 14:06:22] Peer 1001 received the 'have' message from Peer 1002 for the piece 496.
[2025/12/03 14:06:22] Peer 1001 sent 'piece' message for piece 497 to Peer 1002.
[2025/12/03 14:06:22] Peer 1001 received the 'have' message from Peer 1002 for the piece 497.
[2025/12/03 14:06:22] Peer 1001 sent 'piece' message for piece 498 to Peer 1002.
[2025/12/03 14:06:22] Peer 1001 received the 'have' message from Peer 1002 for the piece 498.
[2025/12/03 14:06:22] Peer 1001 sent 'piece' message for piece 499 to Peer 1002.
[2025/12/03 14:06:22] Peer 1001 received the 'have' message from Peer 1002 for the piece 499.
[2025/12/03 14:06:22] Peer 1001 sent 'piece' message for piece 500 to Peer 1002.
[2025/12/03 14:06:22] Peer 1001 received the 'have' message from Peer 1002 for the piece 500.
[2025/12/03 14:06:22] Peer 1001 sent 'piece' message for piece 501 to Peer 1002.
[2025/12/03 14:06:22] Peer 1001 received the 'have' message from Peer 1002 for the piece 501.
[2025/12/03 14:06:22] Peer 1001 sent 'piece' message for piece 502 to Peer 1002.
[2025/12/03 14:06:22] Peer 1001 received the 'have' message from Peer 1002 for the piece 502.
[2025/12/03 14:06:22] Peer 1001 sent 'piece' message for piece 503 to Peer 1002.
[2025/12/03 14:06:22] Peer 1001 received the 'have' message from Peer 1002 for the piece 503.
[2025/12/03 14:06:22] Peer 1001 sent 'piece' message for piece 504 to Peer 1002.
[2025/12/03 14:06:22] Peer 1001 received the 'have' message from Peer 1002 for the piece 504.
[2025/12/03 14:06:22] Peer 1001 sent 'piece' message for piece 505 to Peer 1002.
[2025/12/03 14:06:22] Peer 1001 received the 'have' message from Peer 1002 for the piece 505.
[2025/12/03 14:06:22] Peer 1001 sent 'piece' message for piece 506 to Peer 1002.
[2025/12/03 14:06:22] Peer 1001 received the 'have' message from Peer 1002 for the piece 506.
[2025/12/03 14:06:22] Peer 1001 sent 'piece' message for piece 507 to Peer 1002.
[2025/12/03 14:06:22] Peer 1001 received the 'have' message from Peer 1002 for the piece 507.
[2025/12/03 14:06:22] Peer 1001 sent 'piece' message for piece 508 to Peer 1002.
[2025/12/03 14:06:22] Peer 1001 received the 'have' message from Peer 1002 for the piece 508.
[2025/12/03 14:06:22] Peer 1001 sent 'piece' message for piece 509 to Peer 1002.
[2025/12/03 14:06:22] Peer 1001 received the 'have' message from Peer 1002 for the piece 509.
[2025/12/03 14:06:22] Peer 1001 sent 'piece' message for piece 510 to Peer 1002.
[2025/12/03 14:06:22] Peer 1001 received the 'have' message from Peer 1002 for the piece 510.
[2025/12/03 14:06:22] Peer 1001 sent 'piece' message for piece 511 to Peer 1002.
[2025/12/03 14:06:22] Peer 1001 received the 'have' message from Peer 1002 for the piece 511.
[2025/12/03 14:06:22] Peer 1001 sent 'piece' message for piece 512 to Peer 1002.
[2025/12/03 14:06:22] Peer 1001 received the 'have' message from Peer 1002 for the piece 512.
[2025/12/03 14:06:22] Peer 1001 sent 'piece' message for piece 513 to Peer 1002.
[2025/12/03 14:06:22] Peer 1001 received the 'have' message from Peer 1002 for the piece 513.
[2025/12/03 14:06:22] Peer 1001 sent 'piece' message for piece 514 to Peer 1002.
[2025/12/03 14:06:22] Peer 1001 received the 'have' message from Peer 1002 for the piece 514.
[2025/12/03 14:06:22] Peer 1001 sent 'piece' message for piece 515 to Peer 1002.
[2025/12/03 14:06:22] Peer 1001 received the 'have' message from Peer 1002 for the piece 515.
[2025/12/03 14:06:22] Peer 1001 sent 'piece' message for piece 516 to Peer 1002.
[2025/12/03 14:06:22] Peer 1001 received the 'have' message from Peer 1002 for the piece 516.
[2025/12/03 14:06:22] Peer 1001 sent 'piece' message for piece 517 to Peer 1002.
[2025/12/03 14:06:22] Peer 1001 received the 'have' message from Peer 1002 for the piece 517.
[2025/12/03 14:06:22] Peer 1001 sent 'piece' message for piece 518 to Peer 1002.
[2025/12/03 14:06:22] Peer 1001 received the 'have' message from Peer 1002 for the piece 518.
[2025/12/03 14:06:22] Peer 1001 sent 'piece' message for piece 519 to Peer 1002.
[2025/12/03 14:06:22] Peer 1001 received the 'have' message from Peer 1002 for the piece 519.
[2025/12/03 14:06:22] Peer 1001 sent 'piece' message for piece 520 to Peer 1002.
[2025/12/03 14:06:22] Peer 1001 received the 'have' message from Peer 1002 for the piece 520.
[2025/12/03 14:06:22] Peer 1001 sent 'piece' message for piece 521 to Peer 1002.
[2025/12/03 14:06:22] Peer 1001 received the 'have' message from Peer 1002 for the piece 521.
[2025/12/03 14:06:22] Peer 1001 sent 'piece' message for piece 522 to Peer 1002.
[2025/12/03 14:06:22] Peer 1001 received the 'have' message from Peer 1002 for the piece 522.
[2025/12/03 14:06:22] Peer 1001 sent 'piece' message for piece 523 to Peer 1002.
[2025/12/03 14:06:22] Peer 1001 received the 'have' message from Peer 1002 for the piece 523.
[2025/12/03 14:06:22] Peer 1001 sent 'piece' message for piece 524 to Peer 1002.
[2025/12/03 14:06:22] Peer 1001 received the 'have' message from Peer 1002 for the piece 524.
[2025/12/03 14:06:22] Peer 1001 sent 'piece' message for piece 525 to Peer 1002.
[2025/12/03 14:06:22] Peer 1001 received the 'have' message from Peer 1002 for the piece 525.
[2025/12/03 14:06:22] Peer 1001 sent 'piece' message for piece 526 to Peer 1002.
[2025/12/03 14:06:22] Peer 1001 received the 'have' message from Peer 1002 for the piece 526.
[2025/12/03 14:06:22] Peer 1001 sent 'piece' message for piece 527 to Peer 1002.
[2025/12/03 14:06:22] Peer 1001 received the 'have' message from Peer 1002 for the piece 527.
[2025/12/03 14:06:22] Peer 1001 sent 'piece' message for piece 528 to Peer 1002.
[2025/12/03 14:06:22] Peer 1001 received the 'have' message from Peer 1002 for the piece 528.
[2025/12/03 14:06:22] Peer 1001 sent 'piece' message for piece 529 to Peer 1002.
[2025/12/03 14:06:22] Peer 1001 received the 'have' message from Peer 1002 for the piece 529.
[2025/12/03 14:06:22] Peer 1001 sent 'piece' message for piece 530 to Peer 1002.
[2025/12/03 14:06:22] Peer 1001 received the 'have' message from Peer 1002 for the piece 530.
[2025/12/03 14:06:22] Peer 1001 sent 'piece' message for piece 531 to Peer 1002.
[2025/12/03 14:06:22] Peer 1001 received the 'have' message from Peer 1002 for the piece 531.
[2025/12/03 14:06:22] Peer 1001 sent 'piece' message for piece 532 to Peer 1002.
[2025/12/03 14:06:22] Peer 1001 received the 'have' message from Peer 1002 for the piece 532.
[2025/12/03 14:06:22] Peer 1001 sent 'piece' message for piece 533 to Peer 1002.
[2025/12/03 14:06:22] Peer 1001 received the 'have' message from Peer 1002 for the piece 533.
[2025/12/03 14:06:22] Peer 1001 sent 'piece' message for piece 534 to Peer 1002.
[2025/12/03 14:06:22] Peer 1001 received the 'have' message from Peer 1002 for the piece 534.
[2025/12/03 14:06:22] Peer 1001 sent 'piece' message for piece 535 to Peer 1002.
[2025/12/03 14:06:22] Peer 1001 received the 'have' message from Peer 1002 for the piece 535.
[2025/12/03 14:06:22] Peer 1001 sent 'piece' message for piece 536 to Peer 1002.
[2025/12/03 14:06:22] Peer 1001 received the 'have' message from Peer 1002 for the piece 536.
[2025/12/03 14:06:22] Peer 1001 sent 'piece' message for piece 537 to Peer 1002.
[2025/12/03 14:06:22] Peer 1001 received the 'have' message from Peer 1002 for the piece 537.
[2025/12/03 14:06:22] Peer 1001 sent 'piece' message for piece 538 to Peer 1002.
[2025/12/03 14:06:22] Peer 1001 received the 'have' message from Peer 1002 for the piece 538.
[2025/12/03 14:06:22] Peer 1001 sent 'piece' message for piece 539 to Peer 1002.
[2025/12/03 14:06:22] Peer 1001 received the 'have' message from Peer 1002 for the piece 539.
[2025/12/03 14:06:22] Peer 1001 sent 'piece' message for piece 540 to Peer 1002.
[2025/12/03 14:06:22] Peer 1001 received the 'have' message from Peer 1002 for the piece 540.
[2025/12/03 14:06:22] Peer 1001 sent 'piece' message for piece 541 to Peer 1002.
[2025/12/03 14:06:22] Peer 1001 received the 'have' message from Peer 1002 for the piece 541.
[2025/12/03 14:06:22] Peer 1001 sent 'piece' message for piece 542 to Peer 1002.
[2025/12/03 14:06:22] Peer 1001 received the 'have' message from Peer 1002 for the piece 542.
[2025/12/03 14:06:22] Peer 1001 sent 'piece' message for piece 543 to Peer 1002.
[2025/12/03 14:06:22] Peer 1001 received the 'have' message from Peer 1002 for the piece 543.
[2025/12/03 14:06:22] Peer 1001 sent 'piece' message for piece 544 to Peer 1002.
[2025/12/03 14:06:22] Peer 1001 received the 'have' message from Peer 1002 for the piece 544.
[2025/12/03 14:06:22] Peer 1001 sent 'piece' message for piece 545 to Peer 1002.
[2025/12/03 14:06:22] Peer 1001 received the 'have' message from Peer 1002 for the piece 545.
[2025/12/03 14:06:22] Peer 1001 sent 'piece' message for piece 546 to Peer 1002.
[2025/12/03 14:06:22] Peer 1001 received the 'have' message from Peer 1002 for the piece 546.
[2025/12/03 14:06:22] Peer 1001 sent 'piece' message for piece 547 to Peer 1002.
[2025/12/03 14:06:22] Peer 1001 received the 'have' message from Peer 1002 for the piece 547.
[2025/12/03 14:06:22] Peer 1001 sent 'piece' message for piece 548 to Peer 1002.
[2025/12/03 14:06:22] Peer 1001 received the 'have' message from Peer 1002 for the piece 548.
[2025/12/03 14:06:22] Peer 1001 sent 'piece' message for piece 549 to Peer 1002.
[2025/12/03 14:06:22] Peer 1001 received the 'have' message from Peer 1002 for the piece 549.
[2025/12/03 14:06:22] Peer 1001 sent 'piece' message for piece 550 to Peer 1002.
[2025/12/03 14:06:22] Peer 1001 received the 'have' message from Peer 1002 for the piece 550.
[2025/12/03 14:06:22] Peer 1001 sent 'piece' message for piece 551 to Peer 1002.
[2025/12/03 14:06:22] Peer 1001 received the 'have' message from Peer 1002 for the piece 551.
[2025/12/03 14:06:22] Peer 1001 sent 'piece' message for piece 552 to Peer 1002.
[2025/12/03 14:06:22] Peer 1001 received the 'have' message from Peer 1002 for the piece 552.
[2025/12/03 14:06:22] Peer 1001 sent 'piece' message for piece 553 to Peer 1002.
[2025/12/03 14:06:22] Peer 1001 received the 'have' message from Peer 1002 for the piece 553.
[2025/12/03 14:06:22] Peer 1001 sent 'piece' message for piece 554 to Peer 1002.
[2025/12/03 14:06:22] Peer 1001 received the 'have' message from Peer 1002 for the piece 554.
[2025/12/03 14:06:22] Peer 1001 sent 'piece' message for piece 555 to Peer 1002.
[2025/12/03 14:06:22] Peer 1001 received the 'have' message from Peer 1002 for the piece 555.
[2025/12/03 14:06:22] Peer 1001 sent 'piece' message for piece 556 to Peer 1002.
[2025/12/03 14:06:22] Peer 1001 received the 'have' message from Peer 1002 for the piece 556.
[2025/12/03 14:06:22] Peer 1001 sent 'piece' message for piece 557 to Peer 1002.
[2025/12/03 14:06:22] Peer 1001 received the 'have' message from Peer 1002 for the piece 557.
[2025/12/03 14:06:22] Peer 1001 sent 'piece' message for piece 558 to Peer 1002.
[2025/12/03 14:06:22] Peer 1001 received the 'have' message from Peer 1002 for the piece 558.
[2025/12/03 14:06:22] Peer 1001 sent 'piece' message for piece 559 to Peer 1002.
[2025/12/03 14:06:22] Peer 1001 received the 'have' message from Peer 1002 for the piece 559.
[2025/12/03 14:06:22] Peer 1001 sent 'piece' message for piece 560 to Peer 1002.
[2025/12/03 14:06:22] Peer 1001 received the 'have' message from Peer 1002 for the piece 560.
[2025/12/03 14:06:22] Peer 1001 sent 'piece' message for piece 561 to Peer 1002.
[2025/12/03 14:06:22] Peer 1001 received the 'have' message from Peer 1002 for the piece 561.
[2025/12/03 14:06:22] Peer 1001 sent 'piece' message for piece 562 to Peer 1002.
[2025/12/03 14:06:22] Peer 1001 received the 'have' message from Peer 1002 for the piece 562.
[2025/12/03 14:06:22] Peer 1001 sent 'piece' message for piece 563 to Peer 1002.
[2025/12/03 14:06:22] Peer 1001 received the 'have' message from Peer 1002 for the piece 563.
[2025/12/03 14:06:22] Peer 1001 sent 'piece' message for piece 564 to Peer 1002.
[2025/12/03 14:06:22] Peer 1001 received the 'have' message from Peer 1002 for the piece 564.
[2025/12/03 14:06:22] Peer 1001 sent 'piece' message for piece 565 to Peer 1002.
[2025/12/03 14:06:22] Peer 1001 received the 'have' message from Peer 1002 for the piece 565.
[2025/12/03 14:06:22] Peer 1001 sent 'piece' message for piece 566 to Peer 1002.
[2025/12/03 14:06:22] Peer 1001 received the 'have' message from Peer 1002 for the piece 566.
[2025/12/03 14:06:22] Peer 1001 sent 'piece' message for piece 567 to Peer 1002.
[2025/12/03 14:06:22] Peer 1001 received the 'have' message from Peer 1002 for the piece 567.
[2025/12/03 14:06:22] Peer 1001 sent 'piece' message for piece 568 to Peer 1002.
[2025/12/03 14:06:22] Peer 1001 received the 'have' message from Peer 1002 for the piece 568.
[2025/12/03 14:06:22] Peer 1001 sent 'piece' message for piece 569 to Peer 1002.
[2025/12/03 14:06:22] Peer 1001 received the 'have' message from Peer 1002 for the piece 569.
[2025/12/03 14:06:22] Peer 1001 sent 'piece' message for piece 570 to Peer 1002.
[2025/12/03 14:06:22] Peer 1001 received the 'have' message from Peer 1002 for the piece 570.
[2025/12/03 14:06:22] Peer 1001 sent 'piece' message for piece 571 to Peer 1002.
[2025/12/03 14:06:22] Peer 1001 received the 'have' message from Peer 1002 for the piece 571.
[2025/12/03 14:06:22] Peer 1001 sent 'piece' message for piece 572 to Peer 1002.
[2025/12/03 14:06:22] Peer 1001 received the 'have' message from Peer 1002 for the piece 572.
[2025/12/03 14:06:22] Peer 1001 sent 'piece' message for piece 573 to Peer 1002.
[2025/12/03 14:06:22] Peer 1001 received the 'have' message from Peer 1002 for the piece 573.
[2025/12/03 14:06:22] Peer 1001 sent 'piece' message for piece 574 to Peer 1002.
[2025/12/03 14:06:22] Peer 1001 received the 'have' message from Peer 1002 for the piece 574.
[2025/12/03 14:06:22] Peer 1001 sent 'piece' message for piece 575 to Peer 1002.
[2025/12/03 14:06:22] Peer 1001 received the 'have' message from Peer 1002 for the piece 575.
[2025/12/03 14:06:22] Peer 1001 sent 'piece' message for piece 576 to Peer 1002.
[2025/12/03 14:06:22] Peer 1001 received the 'have' message from Peer 1002 for the piece 576.
[2025/12/03 14:06:22] Peer 1001 sent 'piece' message for piece 577 to Peer 1002.
[2025/12/03 14:06:22] Peer 1001 received the 'have' message from Peer 1002 for the piece 577.
[2025/12/03 14:06:22] Peer 1001 sent 'piece' message for piece 578 to Peer 1002.
[2025/12/03 14:06:22] Peer 1001 received the 'have' message from Peer 1002 for the piece 578.
[2025/12/03 14:06:22] Peer 1001 sent 'piece' message for piece 579 to Peer 1002.
[2025/12/03 14:06:22] Peer 1001 received the 'have' message from Peer 1002 for the piece 579.
[2025/12/03 14:06:22] Peer 1001 sent 'piece' message for piece 580 to Peer 1002.
[2025/12/03 14:06:22] Peer 1001 received the 'have' message from Peer 1002 for the piece 580.
[2025/12/03 14:06:22] Peer 1001 sent 'piece' message for piece 581 to Peer 1002.
[2025/12/03 14:06:22] Peer 1001 received the 'have' message from Peer 1002 for the piece 581.
[2025/12/03 14:06:22] Peer 1001 sent 'piece' message for piece 582 to Peer 1002.
[2025/12/03 14:06:22] Peer 1001 received the 'have' message from Peer 1002 for the piece 582.
[2025/12/03 14:06:22] Peer 1001 sent 'piece' message for piece 583 to Peer 1002.
[2025/12/03 14:06:22] Peer 1001 received the 'have' message from Peer 1002 for the piece 583.
[2025/12/03 14:06:22] Peer 1001 sent 'piece' message for piece 584 to Peer 1002.
[2025/12/03 14:06:22] Peer 1001 received the 'have' message from Peer 1002 for the piece 584.
[2025/12/03 14:06:22] Peer 1001 sent 'piece' message for piece 585 to Peer 1002.
[2025/12/03 14:06:22] Peer 1001 received the 'have' message from Peer 1002 for the piece 585.
[2025/12/03 14:06:22] Peer 1001 sent 'piece' message for piece 586 to Peer 1002.
[2025/12/03 14:06:22] Peer 1001 received the 'have' message from Peer 1002 for the piece 586.
[2025/12/03 14:06:22] Peer 1001 sent 'piece' message for piece 587 to Peer 1002.
[2025/12/03 14:06:22] Peer 1001 received the 'have' message from Peer 1002 for the piece 587.
[2025/12/03 14:06:22] Peer 1001 sent 'piece' message for piece 588 to Peer 1002.
[2025/12/03 14:06:22] Peer 1001 received the 'have' message from Peer 1002 for the piece 588.
[2025/12/03 14:06:22] Peer 1001 sent 'piece' message for piece 589 to Peer 1002.
[2025/12/03 14:06:22] Peer 1001 received the 'have' message from Peer 1002 for the piece 589.
[2025/12/03 14:06:22] Peer 1001 sent 'piece' message for piece 590 to Peer 1002.
[2025/12/03 14:06:22] Peer 1001 received the 'have' message from Peer 1002 for the piece 590.
[2025/12/03 14:06:22] Peer 1001 sent 'piece' message for piece 591 to Peer 1002.
[2025/12/03 14:06:22] Peer 1001 received the 'have' message from Peer 1002 for the piece 591.
[2025/12/03 14:06:22] Peer 1001 sent 'piece' message for piece 592 to Peer 1002.
[2025/12/03 14:06:22] Peer 1001 received the 'have' message from Peer 1002 for the piece 592.
[2025/12/03 14:06:22] Peer 1001 sent 'piece' message for piece 593 to Peer 1002.
[2025/12/03 14:06:22] Peer 1001 received the 'have' message from Peer 1002 for the piece 593.
[2025/12/03 14:06:22] Peer 1001 sent 'piece' message for piece 594 to Peer 1002.
[2025/12/03 14:06:22] Peer 1001 received the 'have' message from Peer 1002 for the piece 594.
[2025/12/03 14:06:22] Peer 1001 sent 'piece' message for piece 595 to Peer 1002.
[2025/12/03 14:06:22] Peer 1001 received the 'have' message from Peer 1002 for the piece 595.
[2025/12/03 14:06:22] Peer 1001 sent 'piece' message for piece 596 to Peer 1002.
[2025/12/03 14:06:22] Peer 1001 received the 'have' message from Peer 1002 for the piece 596.
[2025/12/03 14:06:22] Peer 1001 sent 'piece' message for piece 597 to Peer 1002.
[2025/12/03 14:06:22] Peer 1001 received the 'have' message from Peer 1002 for the piece 597.
[2025/12/03 14:06:22] Peer 1001 sent 'piece' message for piece 598 to Peer 1002.
[2025/12/03 14:06:22] Peer 1001 received the 'have' message from Peer 1002 for the piece 598.
[2025/12/03 14:06:22] Peer 1001 sent 'piece' message for piece 599 to Peer 1002.
[2025/12/03 14:06:22] Peer 1001 received the 'have' message from Peer 1002 for the piece 599.
[2025/12/03 14:06:22] Peer 1001 sent 'piece' message for piece 600 to Peer 1002.
[2025/12/03 14:06:22] Peer 1001 received the 'have' message from Peer 1002 for the piece 600.
[2025/12/03 14:06:22] Peer 1001 sent 'piece' message for piece 601 to Peer 1002.
[2025/12/03 14:06:22] Peer 1001 received the 'have' message from Peer 1002 for the piece 601.
[2025/12/03 14:06:22] Peer 1001 sent 'piece' message for piece 602 to Peer 1002.
[2025/12/03 14:06:22] Peer 1001 received the 'have' message from Peer 1002 for the piece 602.
[2025/12/03 14:06:22] Peer 1001 sent 'piece' message for piece 603 to Peer 1002.
[2025/12/03 14:06:22] Peer 1001 received the 'have' message from Peer 1002 for the piece 603.
[2025/12/03 14:06:22] Peer 1001 sent 'piece' message for piece 604 to Peer 1002.
[2025/12/03 14:06:22] Peer 1001 received the 'have' message from Peer 1002 for the piece 604.
[2025/12/03 14:06:22] Peer 1001 sent 'piece' message for piece 605 to Peer 1002.
[2025/12/03 14:06:22] Peer 1001 received the 'have' message from Peer 1002 for the piece 605.
[2025/12/03 14:06:22] Peer 1001 sent 'piece' message for piece 606 to Peer 1002.
[2025/12/03 14:06:22] Peer 1001 received the 'have' message from Peer 1002 for the piece 606.
[2025/12/03 14:06:22] Peer 1001 sent 'piece' message for piece 607 to Peer 1002.
[2025/12/03 14:06:22] Peer 1001 received the 'have' message from Peer 1002 for the piece 607.
[2025/12/03 14:06:22] Peer 1001 sent 'piece' message for piece 608 to Peer 1002.
[2025/12/03 14:06:22] Peer 1001 received the 'have' message from Peer 1002 for the piece 608.
[2025/12/03 14:06:22] Peer 1001 sent 'piece' message for piece 609 to Peer 1002.
[2025/12/03 14:06:22] Peer 1001 received the 'have' message from Peer 1002 for the piece 609.
[2025/12/03 14:06:22] Peer 1001 sent 'piece' message for piece 610 to Peer 1002.
[2025/12/03 14:06:22] Peer 1001 received the 'have' message from Peer 1002 for the piece 610.
[2025/12/03 14:06:22] Peer 1001 sent 'piece' message for piece 611 to Peer 1002.
[2025/12/03 14:06:22] Peer 1001 received the 'have' message from Peer 1002 for the piece 611.
[2025/12/03 14:06:22] Peer 1001 sent 'piece' message for piece 612 to Peer 1002.
[2025/12/03 14:06:22] Peer 1001 received the 'have' message from Peer 1002 for the piece 612.
[2025/12/03 14:06:22] Peer 1001 sent 'piece' message for piece 613 to Peer 1002.
[2025/12/03 14:06:22] Peer 1001 received the 'have' message from Peer 1002 for the piece 613.
[2025/12/03 14:06:22] Peer 1001 sent 'piece' message for piece 614 to Peer 1002.
[2025/12/03 14:06:22] Peer 1001 received the 'have' message from Peer 1002 for the piece 614.
[2025/12/03 14:06:22] Peer 1001 sent 'piece' message for piece 615 to Peer 1002.
[2025/12/03 14:06:22] Peer 1001 received the 'have' message from Peer 1002 for the piece 615.
[2025/12/03 14:06:22] Peer 1001 sent 'piece' message for piece 616 to Peer 1002.
[2025/12/03 14:06:22] Peer 1001 received the 'have' message from Peer 1002 for the piece 616.
[2025/12/03 14:06:22] Peer 1001 sent 'piece' message for piece 617 to Peer 1002.
[2025/12/03 14:06:22] Peer 1001 received the 'have' message from Peer 1002 for the piece 617.
[2025/12/03 14:06:22] Peer 1001 sent 'piece' message for piece 618 to Peer 1002.
[2025/12/03 14:06:22] Peer 1001 received the 'have' message from Peer 1002 for the piece 618.
[2025/12/03 14:06:22] Peer 1001 sent 'piece' message for piece 619 to Peer 1002.
[2025/12/03 14:06:22] Peer 1001 received the 'have' message from Peer 1002 for the piece 619.
[2025/12/03 14:06:22] Peer 1001 sent 'piece' message for piece 620 to Peer 1002.
[2025/12/03 14:06:22] Peer 1001 received the 'have' message from Peer 1002 for the piece 620.
[2025/12/03 14:06:22] Peer 1001 sent 'piece' message for piece 621 to Peer 1002.
[2025/12/03 14:06:22] Peer 1001 received the 'have' message from Peer 1002 for the piece 621.
[2025/12/03 14:06:22] Peer 1001 sent 'piece' message for piece 622 to Peer 1002.
[2025/12/03 14:06:22] Peer 1001 received the 'have' message from Peer 1002 for the piece 622.
[2025/12/03 14:06:22] Peer 1001 sent 'piece' message for piece 623 to Peer 1002.
[2025/12/03 14:06:22] Peer 1001 received the 'have' message from Peer 1002 for the piece 623.
[2025/12/03 14:06:22] Peer 1001 sent 'piece' message for piece 624 to Peer 1002.
[2025/12/03 14:06:22] Peer 1001 received the 'have' message from Peer 1002 for the piece 624.
[2025/12/03 14:06:22] Peer 1001 sent 'piece' message for piece 625 to Peer 1002.
[2025/12/03 14:06:22] Peer 1001 received the 'have' message from Peer 1002 for the piece 625.
[2025/12/03 14:06:22] Peer 1001 sent 'piece' message for piece 626 to Peer 1002.
[2025/12/03 14:06:22] Peer 1001 received the 'have' message from Peer 1002 for the piece 626.
[2025/12/03 14:06:22] Peer 1001 sent 'piece' message for piece 627 to Peer 1002.
[2025/12/03 14:06:22] Peer 1001 received the 'have' message from Peer 1002 for the piece 627.
[2025/12/03 14:06:22] Peer 1001 sent 'piece' message for piece 628 to Peer 1002.
[2025/12/03 14:06:22] Peer 1001 received the 'have' message from Peer 1002 for the piece 628.
[2025/12/03 14:06:22] Peer 1001 sent 'piece' message for piece 629 to Peer 1002.
[2025/12/03 14:06:22] Peer 1001 received the 'have' message from Peer 1002 for the piece 629.
[2025/12/03 14:06:22] Peer 1001 sent 'piece' message for piece 630 to Peer 1002.
[2025/12/03 14:06:22] Peer 1001 received the 'have' message from Peer 1002 for the piece 630.
[2025/12/03 14:06:22] Peer 1001 sent 'piece' message for piece 631 to Peer 1002.
[2025/12/03 14:06:22] Peer 1001 received the 'have' message from Peer 1002 for the piece 631.
[2025/12/03 14:06:22] Peer 1001 sent 'piece' message for piece 632 to Peer 1002.
[2025/12/03 14:06:22] Peer 1001 received the 'have' message from Peer 1002 for the piece 632.
[2025/12/03 14:06:22] Peer 1001 sent 'piece' message for piece 633 to Peer 1002.
[2025/12/03 14:06:22] Peer 1001 received the 'have' message from Peer 1002 for the piece 633.
[2025/12/03 14:06:22] Peer 1001 sent 'piece' message for piece 634 to Peer 1002.
[2025/12/03 14:06:22] Peer 1001 received the 'have' message from Peer 1002 for the piece 634.
[2025/12/03 14:06:22] Peer 1001 sent 'piece' message for piece 635 to Peer 1002.
[2025/12/03 14:06:22] Peer 1001 received the 'have' message from Peer 1002 for the piece 635.
[2025/12/03 14:06:22] Peer 1001 sent 'piece' message for piece 636 to Peer 1002.
[2025/12/03 14:06:22] Peer 1001 received the 'have' message from Peer 1002 for the piece 636.
[2025/12/03 14:06:22] Peer 1001 sent 'piece' message for piece 637 to Peer 1002.
[2025/12/03 14:06:22] Peer 1001 received the 'have' message from Peer 1002 for the piece 637.
[2025/12/03 14:06:22] Peer 1001 sent 'piece' message for piece 638 to Peer 1002.
[2025/12/03 14:06:22] Peer 1001 received the 'have' message from Peer 1002 for the piece 638.
[2025/12/03 14:06:22] Peer 1001 sent 'piece' message for piece 639 to Peer 1002.
[2025/12/03 14:06:22] Peer 1001 received the 'have' message from Peer 1002 for the piece 639.
[2025/12/03 14:06:22] Peer 1001 sent 'piece' message for piece 640 to Peer 1002.
[2025/12/03 14:06:22] Peer 1001 received the 'have' message from Peer 1002 for the piece 640.
[2025/12/03 14:06:22] Peer 1001 sent 'piece' message for piece 641 to Peer 1002.
[2025/12/03 14:06:22] Peer 1001 received the 'have' message from Peer 1002 for the piece 641.
[2025/12/03 14:06:22] Peer 1001 sent 'piece' message for piece 642 to Peer 1002.
[2025/12/03 14:06:22] Peer 1001 received the 'have' message from Peer 1002 for the piece 642.
[2025/12/03 14:06:22] Peer 1001 sent 'piece' message for piece 643 to Peer 1002.
[2025/12/03 14:06:22] Peer 1001 received the 'have' message from Peer 1002 for the piece 643.
[2025/12/03 14:06:22] Peer 1001 sent 'piece' message for piece 644 to Peer 1002.
[2025/12/03 14:06:22] Peer 1001 received the 'have' message from Peer 1002 for the piece 644.
[2025/12/03 14:06:22] Peer 1001 sent 'piece' message for piece 645 to Peer 1002.
[2025/12/03 14:06:22] Peer 1001 received the 'have' message from Peer 1002 for the piece 645.
[2025/12/03 14:06:22] Peer 1001 sent 'piece' message for piece 646 to Peer 1002.
[2025/12/03 14:06:22] Peer 1001 received the 'have' message from Peer 1002 for the piece 646.
[2025/12/03 14:06:22] Peer 1001 sent 'piece' message for piece 647 to Peer 1002.
[2025/12/03 14:06:22] Peer 1001 received the 'have' message from Peer 1002 for the piece 647.
[2025/12/03 14:06:22] Peer 1001 sent 'piece' message for piece 648 to Peer 1002.
[2025/12/03 14:06:22] Peer 1001 received the 'have' message from Peer 1002 for the piece 648.
[2025/12/03 14:06:22] Peer 1001 sent 'piece' message for piece 649 to Peer 1002.
[2025/12/03 14:06:22] Peer 1001 received the 'have' message from Peer 1002 for the piece 649.
[2025/12/03 14:06:22] Peer 1001 sent 'piece' message for piece 650 to Peer 1002.
[2025/12/03 14:06:22] Peer 1001 received the 'have' message from Peer 1002 for the piece 650.
[2025/12/03 14:06:22] Peer 1001 sent 'piece' message for piece 651 to Peer 1002.
[2025/12/03 14:06:22] Peer 1001 received the 'have' message from Peer 1002 for the piece 651.
[2025/12/03 14:06:22] Peer 1001 sent 'piece' message for piece 652 to Peer 1002.
[2025/12/03 14:06:22] Peer 1001 received the 'have' message from Peer 1002 for the piece 652.
[2025/12/03 14:06:22] Peer 1001 sent 'piece' message for piece 653 to Peer 1002.
[2025/12/03 14:06:22] Peer 1001 received the 'have' message from Peer 1002 for the piece 653.
[2025/12/03 14:06:22] Peer 1001 sent 'piece' message for piece 654 to Peer 1002.
[2025/12/03 14:06:22] Peer 1001 received the 'have' message from Peer 1002 for the piece 654.
[2025/12/03 14:06:22] Peer 1001 sent 'piece' message for piece 655 to Peer 1002.
[2025/12/03 14:06:22] Peer 1001 received the 'have' message from Peer 1002 for the piece 655.
[2025/12/03 14:06:22] Peer 1001 sent 'piece' message for piece 656 to Peer 1002.
[2025/12/03 14:06:22] Peer 1001 received the 'have' message from Peer 1002 for the piece 656.
[2025/12/03 14:06:22] Peer 1001 sent 'piece' message for piece 657 to Peer 1002.
[2025/12/03 14:06:22] Peer 1001 received the 'have' message from Peer 1002 for the piece 657.
[2025/12/03 14:06:22] Peer 1001 sent 'piece' message for piece 658 to Peer 1002.
[2025/12/03 14:06:23] Peer 1001 received the 'have' message from Peer 1002 for the piece 658.
[2025/12/03 14:06:23] Peer 1001 sent 'piece' message for piece 659 to Peer 1002.
[2025/12/03 14:06:23] Peer 1001 received the 'have' message from Peer 1002 for the piece 659.
[2025/12/03 14:06:23] Peer 1001 sent 'piece' message for piece 660 to Peer 1002.
[2025/12/03 14:06:23] Peer 1001 received the 'have' message from Peer 1002 for the piece 660.
[2025/12/03 14:06:23] Peer 1001 sent 'piece' message for piece 661 to Peer 1002.
[2025/12/03 14:06:23] Peer 1001 received the 'have' message from Peer 1002 for the piece 661.
[2025/12/03 14:06:23] Peer 1001 sent 'piece' message for piece 662 to Peer 1002.
[2025/12/03 14:06:23] Peer 1001 received the 'have' message from Peer 1002 for the piece 662.
[2025/12/03 14:06:23] Peer 1001 sent 'piece' message for piece 663 to Peer 1002.
[2025/12/03 14:06:23] Peer 1001 received the 'have' message from Peer 1002 for the piece 663.
[2025/12/03 14:06:23] Peer 1001 sent 'piece' message for piece 664 to Peer 1002.
[2025/12/03 14:06:23] Peer 1001 received the 'have' message from Peer 1002 for the piece 664.
[2025/12/03 14:06:23] Peer 1001 sent 'piece' message for piece 665 to Peer 1002.
[2025/12/03 14:06:23] Peer 1001 received the 'have' message from Peer 1002 for the piece 665.
[2025/12/03 14:06:23] Peer 1001 sent 'piece' message for piece 666 to Peer 1002.
[2025/12/03 14:06:23] Peer 1001 received the 'have' message from Peer 1002 for the piece 666.
[2025/12/03 14:06:23] Peer 1001 sent 'piece' message for piece 667 to Peer 1002.
[2025/12/03 14:06:23] Peer 1001 received the 'have' message from Peer 1002 for the piece 667.
[2025/12/03 14:06:23] Peer 1001 sent 'piece' message for piece 668 to Peer 1002.
[2025/12/03 14:06:23] Peer 1001 received the 'have' message from Peer 1002 for the piece 668.
[2025/12/03 14:06:23] Peer 1001 sent 'piece' message for piece 669 to Peer 1002.
[2025/12/03 14:06:23] Peer 1001 received the 'have' message from Peer 1002 for the piece 669.
[2025/12/03 14:06:23] Peer 1001 sent 'piece' message for piece 670 to Peer 1002.
[2025/12/03 14:06:23] Peer 1001 received the 'have' message from Peer 1002 for the piece 670.
[2025/12/03 14:06:23] Peer 1001 sent 'piece' message for piece 671 to Peer 1002.
[2025/12/03 14:06:23] Peer 1001 received the 'have' message from Peer 1002 for the piece 671.
[2025/12/03 14:06:23] Peer 1001 sent 'piece' message for piece 672 to Peer 1002.
[2025/12/03 14:06:23] Peer 1001 received the 'have' message from Peer 1002 for the piece 672.
[2025/12/03 14:06:23] Peer 1001 sent 'piece' message for piece 673 to Peer 1002.
[2025/12/03 14:06:23] Peer 1001 received the 'have' message from Peer 1002 for the piece 673.
[2025/12/03 14:06:23] Peer 1001 sent 'piece' message for piece 674 to Peer 1002.
[2025/12/03 14:06:23] Peer 1001 received the 'have' message from Peer 1002 for the piece 674.
[2025/12/03 14:06:23] Peer 1001 sent 'piece' message for piece 675 to Peer 1002.
[2025/12/03 14:06:23] Peer 1001 received the 'have' message from Peer 1002 for the piece 675.
[2025/12/03 14:06:23] Peer 1001 sent 'piece' message for piece 676 to Peer 1002.
[2025/12/03 14:06:23] Peer 1001 received the 'have' message from Peer 1002 for the piece 676.
[2025/12/03 14:06:23] Peer 1001 sent 'piece' message for piece 677 to Peer 1002.
[2025/12/03 14:06:23] Peer 1001 received the 'have' message from Peer 1002 for the piece 677.
[2025/12/03 14:06:23] Peer 1001 sent 'piece' message for piece 678 to Peer 1002.
[2025/12/03 14:06:23] Peer 1001 received the 'have' message from Peer 1002 for the piece 678.
[2025/12/03 14:06:23] Peer 1001 sent 'piece' message for piece 679 to Peer 1002.
[2025/12/03 14:06:23] Peer 1001 received the 'have' message from Peer 1002 for the piece 679.
[2025/12/03 14:06:23] Peer 1001 sent 'piece' message for piece 680 to Peer 1002.
[2025/12/03 14:06:23] Peer 1001 received the 'have' message from Peer 1002 for the piece 680.
[2025/12/03 14:06:23] Peer 1001 sent 'piece' message for piece 681 to Peer 1002.
[2025/12/03 14:06:23] Peer 1001 received the 'have' message from Peer 1002 for the piece 681.
[2025/12/03 14:06:23] Peer 1001 sent 'piece' message for piece 682 to Peer 1002.
[2025/12/03 14:06:23] Peer 1001 received the 'have' message from Peer 1002 for the piece 682.
[2025/12/03 14:06:23] Peer 1001 sent 'piece' message for piece 683 to Peer 1002.
[2025/12/03 14:06:23] Peer 1001 received the 'have' message from Peer 1002 for the piece 683.
[2025/12/03 14:06:23] Peer 1001 sent 'piece' message for piece 684 to Peer 1002.
[2025/12/03 14:06:23] Peer 1001 received the 'have' message from Peer 1002 for the piece 684.
[2025/12/03 14:06:23] Peer 1001 sent 'piece' message for piece 685 to Peer 1002.
[2025/12/03 14:06:23] Peer 1001 received the 'have' message from Peer 1002 for the piece 685.
[2025/12/03 14:06:23] Peer 1001 sent 'piece' message for piece 686 to Peer 1002.
[2025/12/03 14:06:23] Peer 1001 received the 'have' message from Peer 1002 for the piece 686.
[2025/12/03 14:06:23] Peer 1001 sent 'piece' message for piece 687 to Peer 1002.
[2025/12/03 14:06:23] Peer 1001 received the 'have' message from Peer 1002 for the piece 687.
[2025/12/03 14:06:23] Peer 1001 sent 'piece' message for piece 688 to Peer 1002.
[2025/12/03 14:06:23] Peer 1001 received the 'have' message from Peer 1002 for the piece 688.
[2025/12/03 14:06:23] Peer 1001 sent 'piece' message for piece 689 to Peer 1002.
[2025/12/03 14:06:23] Peer 1001 received the 'have' message from Peer 1002 for the piece 689.
[2025/12/03 14:06:23] Peer 1001 sent 'piece' message for piece 690 to Peer 1002.
[2025/12/03 14:06:23] Peer 1001 received the 'have' message from Peer 1002 for the piece 690.
[2025/12/03 14:06:23] Peer 1001 sent 'piece' message for piece 691 to Peer 1002.
[2025/12/03 14:06:23] Peer 1001 received the 'have' message from Peer 1002 for the piece 691.
[2025/12/03 14:06:23] Peer 1001 sent 'piece' message for piece 692 to Peer 1002.
[2025/12/03 14:06:23] Peer 1001 received the 'have' message from Peer 1002 for the piece 692.
[2025/12/03 14:06:23] Peer 1001 sent 'piece' message for piece 693 to Peer 1002.
[2025/12/03 14:06:23] Peer 1001 received the 'have' message from Peer 1002 for the piece 693.
[2025/12/03 14:06:23] Peer 1001 sent 'piece' message for piece 694 to Peer 1002.
[2025/12/03 14:06:23] Peer 1001 received the 'have' message from Peer 1002 for the piece 694.
[2025/12/03 14:06:23] Peer 1001 sent 'piece' message for piece 695 to Peer 1002.
[2025/12/03 14:06:23] Peer 1001 received the 'have' message from Peer 1002 for the piece 695.
[2025/12/03 14:06:23] Peer 1001 sent 'piece' message for piece 696 to Peer 1002.
[2025/12/03 14:06:23] Peer 1001 received the 'have' message from Peer 1002 for the piece 696.
[2025/12/03 14:06:23] Peer 1001 sent 'piece' message for piece 697 to Peer 1002.
[2025/12/03 14:06:23] Peer 1001 received the 'have' message from Peer 1002 for the piece 697.
[2025/12/03 14:06:23] Peer 1001 sent 'piece' message for piece 698 to Peer 1002.
[2025/12/03 14:06:23] Peer 1001 received the 'have' message from Peer 1002 for the piece 698.
[2025/12/03 14:06:23] Peer 1001 sent 'piece' message for piece 699 to Peer 1002.
[2025/12/03 14:06:23] Peer 1001 received the 'have' message from Peer 1002 for the piece 699.
[2025/12/03 14:06:23] Peer 1001 sent 'piece' message for piece 700 to Peer 1002.
[2025/12/03 14:06:23] Peer 1001 received the 'have' message from Peer 1002 for the piece 700.
[2025/12/03 14:06:23] Peer 1001 sent 'piece' message for piece 701 to Peer 1002.
[2025/12/03 14:06:23] Peer 1001 received the 'have' message from Peer 1002 for the piece 701.
[2025/12/03 14:06:23] Peer 1001 sent 'piece' message for piece 702 to Peer 1002.
[2025/12/03 14:06:23] Peer 1001 received the 'have' message from Peer 1002 for the piece 702.
[2025/12/03 14:06:23] Peer 1001 sent 'piece' message for piece 703 to Peer 1002.
[2025/12/03 14:06:23] Peer 1001 received the 'have' message from Peer 1002 for the piece 703.
[2025/12/03 14:06:23] Peer 1001 sent 'piece' message for piece 704 to Peer 1002.
[2025/12/03 14:06:23] Peer 1001 received the 'have' message from Peer 1002 for the piece 704.
[2025/12/03 14:06:23] Peer 1001 sent 'piece' message for piece 705 to Peer 1002.
[2025/12/03 14:06:23] Peer 1001 received the 'have' message from Peer 1002 for the piece 705.
[2025/12/03 14:06:23] Peer 1001 sent 'piece' message for piece 706 to Peer 1002.
[2025/12/03 14:06:23] Peer 1001 received the 'have' message from Peer 1002 for the piece 706.
[2025/12/03 14:06:23] Peer 1001 sent 'piece' message for piece 707 to Peer 1002.
[2025/12/03 14:06:23] Peer 1001 received the 'have' message from Peer 1002 for the piece 707.
[2025/12/03 14:06:23] Peer 1001 sent 'piece' message for piece 708 to Peer 1002.
[2025/12/03 14:06:23] Peer 1001 received the 'have' message from Peer 1002 for the piece 708.
[2025/12/03 14:06:23] Peer 1001 sent 'piece' message for piece 709 to Peer 1002.
[2025/12/03 14:06:23] Peer 1001 received the 'have' message from Peer 1002 for the piece 709.
[2025/12/03 14:06:23] Peer 1001 sent 'piece' message for piece 710 to Peer 1002.
[2025/12/03 14:06:23] Peer 1001 received the 'have' message from Peer 1002 for the piece 710.
[2025/12/03 14:06:23] Peer 1001 sent 'piece' message for piece 711 to Peer 1002.
[2025/12/03 14:06:23] Peer 1001 received the 'have' message from Peer 1002 for the piece 711.
[2025/12/03 14:06:23] Peer 1001 sent 'piece' message for piece 712 to Peer 1002.
[2025/12/03 14:06:23] Peer 1001 received the 'have' message from Peer 1002 for the piece 712.
[2025/12/03 14:06:23] Peer 1001 sent 'piece' message for piece 713 to Peer 1002.
[2025/12/03 14:06:23] Peer 1001 received the 'have' message from Peer 1002 for the piece 713.
[2025/12/03 14:06:23] Peer 1001 sent 'piece' message for piece 714 to Peer 1002.
[2025/12/03 14:06:23] Peer 1001 received the 'have' message from Peer 1002 for the piece 714.
[2025/12/03 14:06:23] Peer 1001 sent 'piece' message for piece 715 to Peer 1002.
[2025/12/03 14:06:23] Peer 1001 received the 'have' message from Peer 1002 for the piece 715.
[2025/12/03 14:06:23] Peer 1001 sent 'piece' message for piece 716 to Peer 1002.
[2025/12/03 14:06:23] Peer 1001 received the 'have' message from Peer 1002 for the piece 716.
[2025/12/03 14:06:23] Peer 1001 sent 'piece' message for piece 717 to Peer 1002.
[2025/12/03 14:06:23] Peer 1001 received the 'have' message from Peer 1002 for the piece 717.
[2025/12/03 14:06:23] Peer 1001 sent 'piece' message for piece 718 to Peer 1002.
[2025/12/03 14:06:23] Peer 1001 received the 'have' message from Peer 1002 for the piece 718.
[2025/12/03 14:06:23] Peer 1001 sent 'piece' message for piece 719 to Peer 1002.
[2025/12/03 14:06:23] Peer 1001 received the 'have' message from Peer 1002 for the piece 719.
[2025/12/03 14:06:23] Peer 1001 sent 'piece' message for piece 720 to Peer 1002.
[2025/12/03 14:06:23] Peer 1001 received the 'have' message from Peer 1002 for the piece 720.
[2025/12/03 14:06:23] Peer 1001 sent 'piece' message for piece 721 to Peer 1002.
[2025/12/03 14:06:23] Peer 1001 received the 'have' message from Peer 1002 for the piece 721.
[2025/12/03 14:06:23] Peer 1001 sent 'piece' message for piece 722 to Peer 1002.
[2025/12/03 14:06:23] Peer 1001 received the 'have' message from Peer 1002 for the piece 722.
[2025/12/03 14:06:23] Peer 1001 sent 'piece' message for piece 723 to Peer 1002.
[2025/12/03 14:06:23] Peer 1001 received the 'have' message from Peer 1002 for the piece 723.
[2025/12/03 14:06:23] Peer 1001 sent 'piece' message for piece 724 to Peer 1002.
[2025/12/03 14:06:23] Peer 1001 received the 'have' message from Peer 1002 for the piece 724.
[2025/12/03 14:06:23] Peer 1001 sent 'piece' message for piece 725 to Peer 1002.
[2025/12/03 14:06:23] Peer 1001 received the 'have' message from Peer 1002 for the piece 725.
[2025/12/03 14:06:23] Peer 1001 sent 'piece' message for piece 726 to Peer 1002.
[2025/12/03 14:06:23] Peer 1001 received the 'have' message from Peer 1002 for the piece 726.
[2025/12/03 14:06:23] Peer 1001 sent 'piece' message for piece 727 to Peer 1002.
[2025/12/03 14:06:23] Peer 1001 received the 'have' message from Peer 1002 for the piece 727.
[2025/12/03 14:06:23] Peer 1001 sent 'piece' message for piece 728 to Peer 1002.
[2025/12/03 14:06:23] Peer 1001 received the 'have' message from Peer 1002 for the piece 728.
[2025/12/03 14:06:23] Peer 1001 sent 'piece' message for piece 729 to Peer 1002.
[2025/12/03 14:06:23] Peer 1001 received the 'have' message from Peer 1002 for the piece 729.
[2025/12/03 14:06:23] Peer 1001 sent 'piece' message for piece 730 to Peer 1002.
[2025/12/03 14:06:23] Peer 1001 received the 'have' message from Peer 1002 for the piece 730.
[2025/12/03 14:06:23] Peer 1001 sent 'piece' message for piece 731 to Peer 1002.
[2025/12/03 14:06:23] Peer 1001 received the 'have' message from Peer 1002 for the piece 731.
[2025/12/03 14:06:23] Peer 1001 sent 'piece' message for piece 732 to Peer 1002.
[2025/12/03 14:06:23] Peer 1001 received the 'have' message from Peer 1002 for the piece 732.
[2025/12/03 14:06:23] Peer 1001 sent 'piece' message for piece 733 to Peer 1002.
[2025/12/03 14:06:23] Peer 1001 received the 'have' message from Peer 1002 for the piece 733.
[2025/12/03 14:06:23] Peer 1001 sent 'piece' message for piece 734 to Peer 1002.
[2025/12/03 14:06:23] Peer 1001 received the 'have' message from Peer 1002 for the piece 734.
[2025/12/03 14:06:23] Peer 1001 sent 'piece' message for piece 735 to Peer 1002.
[2025/12/03 14:06:23] Peer 1001 received the 'have' message from Peer 1002 for the piece 735.
[2025/12/03 14:06:23] Peer 1001 sent 'piece' message for piece 736 to Peer 1002.
[2025/12/03 14:06:23] Peer 1001 received the 'have' message from Peer 1002 for the piece 736.
[2025/12/03 14:06:23] Peer 1001 sent 'piece' message for piece 737 to Peer 1002.
[2025/12/03 14:06:23] Peer 1001 received the 'have' message from Peer 1002 for the piece 737.
[2025/12/03 14:06:23] Peer 1001 sent 'piece' message for piece 738 to Peer 1002.
[2025/12/03 14:06:23] Peer 1001 received the 'have' message from Peer 1002 for the piece 738.
[2025/12/03 14:06:23] Peer 1001 sent 'piece' message for piece 739 to Peer 1002.
[2025/12/03 14:06:23] Peer 1001 received the 'have' message from Peer 1002 for the piece 739.
[2025/12/03 14:06:23] Peer 1001 sent 'piece' message for piece 740 to Peer 1002.
[2025/12/03 14:06:23] Peer 1001 received the 'have' message from Peer 1002 for the piece 740.
[2025/12/03 14:06:23] Peer 1001 sent 'piece' message for piece 741 to Peer 1002.
[2025/12/03 14:06:23] Peer 1001 received the 'have' message from Peer 1002 for the piece 741.
[2025/12/03 14:06:23] Peer 1001 sent 'piece' message for piece 742 to Peer 1002.
[2025/12/03 14:06:23] Peer 1001 received the 'have' message from Peer 1002 for the piece 742.
[2025/12/03 14:06:23] Peer 1001 sent 'piece' message for piece 743 to Peer 1002.
[2025/12/03 14:06:23] Peer 1001 received the 'have' message from Peer 1002 for the piece 743.
[2025/12/03 14:06:23] Peer 1001 sent 'piece' message for piece 744 to Peer 1002.
[2025/12/03 14:06:23] Peer 1001 received the 'have' message from Peer 1002 for the piece 744.
[2025/12/03 14:06:23] Peer 1001 sent 'piece' message for piece 745 to Peer 1002.
[2025/12/03 14:06:23] Peer 1001 received the 'have' message from Peer 1002 for the piece 745.
[2025/12/03 14:06:23] Peer 1001 sent 'piece' message for piece 746 to Peer 1002.
[2025/12/03 14:06:23] Peer 1001 received the 'have' message from Peer 1002 for the piece 746.
[2025/12/03 14:06:23] Peer 1001 sent 'piece' message for piece 747 to Peer 1002.
[2025/12/03 14:06:23] Peer 1001 received the 'have' message from Peer 1002 for the piece 747.
[2025/12/03 14:06:23] Peer 1001 sent 'piece' message for piece 748 to Peer 1002.
[2025/12/03 14:06:23] Peer 1001 received the 'have' message from Peer 1002 for the piece 748.
[2025/12/03 14:06:23] Peer 1001 sent 'piece' message for piece 749 to Peer 1002.
[2025/12/03 14:06:23] Peer 1001 received the 'have' message from Peer 1002 for the piece 749.
[2025/12/03 14:06:23] Peer 1001 sent 'piece' message for piece 750 to Peer 1002.
[2025/12/03 14:06:23] Peer 1001 received the 'have' message from Peer 1002 for the piece 750.
[2025/12/03 14:06:23] Peer 1001 sent 'piece' message for piece 751 to Peer 1002.
[2025/12/03 14:06:23] Peer 1001 received the 'have' message from Peer 1002 for the piece 751.
[2025/12/03 14:06:23] Peer 1001 sent 'piece' message for piece 752 to Peer 1002.
[2025/12/03 14:06:23] Peer 1001 received the 'have' message from Peer 1002 for the piece 752.
[2025/12/03 14:06:23] Peer 1001 sent 'piece' message for piece 753 to Peer 1002.
[2025/12/03 14:06:23] Peer 1001 received the 'have' message from Peer 1002 for the piece 753.
[2025/12/03 14:06:23] Peer 1001 sent 'piece' message for piece 754 to Peer 1002.
[2025/12/03 14:06:23] Peer 1001 received the 'have' message from Peer 1002 for the piece 754.
[2025/12/03 14:06:23] Peer 1001 sent 'piece' message for piece 755 to Peer 1002.
[2025/12/03 14:06:23] Peer 1001 received the 'have' message from Peer 1002 for the piece 755.
[2025/12/03 14:06:23] Peer 1001 sent 'piece' message for piece 756 to Peer 1002.
[2025/12/03 14:06:23] Peer 1001 received the 'have' message from Peer 1002 for the piece 756.
[2025/12/03 14:06:23] Peer 1001 sent 'piece' message for piece 757 to Peer 1002.
[2025/12/03 14:06:23] Peer 1001 received the 'have' message from Peer 1002 for the piece 757.
[2025/12/03 14:06:23] Peer 1001 sent 'piece' message for piece 758 to Peer 1002.
[2025/12/03 14:06:23] Peer 1001 received the 'have' message from Peer 1002 for the piece 758.
[2025/12/03 14:06:23] Peer 1001 sent 'piece' message for piece 759 to Peer 1002.
[2025/12/03 14:06:23] Peer 1001 received the 'have' message from Peer 1002 for the piece 759.
[2025/12/03 14:06:23] Peer 1001 sent 'piece' message for piece 760 to Peer 1002.
[2025/12/03 14:06:23] Peer 1001 received the 'have' message from Peer 1002 for the piece 760.
[2025/12/03 14:06:23] Peer 1001 sent 'piece' message for piece 761 to Peer 1002.
[2025/12/03 14:06:23] Peer 1001 received the 'have' message from Peer 1002 for the piece 761.
[2025/12/03 14:06:23] Peer 1001 sent 'piece' message for piece 762 to Peer 1002.
[2025/12/03 14:06:23] Peer 1001 received the 'have' message from Peer 1002 for the piece 762.
[2025/12/03 14:06:23] Peer 1001 sent 'piece' message for piece 763 to Peer 1002.
[2025/12/03 14:06:23] Peer 1001 received the 'have' message from Peer 1002 for the piece 763.
[2025/12/03 14:06:23] Peer 1001 sent 'piece' message for piece 764 to Peer 1002.
[2025/12/03 14:06:23] Peer 1001 received the 'have' message from Peer 1002 for the piece 764.
[2025/12/03 14:06:23] Peer 1001 sent 'piece' message for piece 765 to Peer 1002.
[2025/12/03 14:06:23] Peer 1001 received the 'have' message from Peer 1002 for the piece 765.
[2025/12/03 14:06:23] Peer 1001 sent 'piece' message for piece 766 to Peer 1002.
[2025/12/03 14:06:23] Peer 1001 received the 'have' message from Peer 1002 for the piece 766.
[2025/12/03 14:06:23] Peer 1001 sent 'piece' message for piece 767 to Peer 1002.
[2025/12/03 14:06:23] Peer 1001 received the 'have' message from Peer 1002 for the piece 767.
[2025/12/03 14:06:23] Peer 1001 sent 'piece' message for piece 768 to Peer 1002.
[2025/12/03 14:06:23] Peer 1001 received the 'have' message from Peer 1002 for the piece 768.
[2025/12/03 14:06:23] Peer 1001 sent 'piece' message for piece 769 to Peer 1002.
[2025/12/03 14:06:23] Peer 1001 received the 'have' message from Peer 1002 for the piece 769.
[2025/12/03 14:06:23] Peer 1001 sent 'piece' message for piece 770 to Peer 1002.
[2025/12/03 14:06:23] Peer 1001 received the 'have' message from Peer 1002 for the piece 770.
[2025/12/03 14:06:23] Peer 1001 sent 'piece' message for piece 771 to Peer 1002.
[2025/12/03 14:06:23] Peer 1001 received the 'have' message from Peer 1002 for the piece 771.
[2025/12/03 14:06:23] Peer 1001 sent 'piece' message for piece 772 to Peer 1002.
[2025/12/03 14:06:23] Peer 1001 received the 'have' message from Peer 1002 for the piece 772.
[2025/12/03 14:06:23] Peer 1001 sent 'piece' message for piece 773 to Peer 1002.
[2025/12/03 14:06:23] Peer 1001 received the 'have' message from Peer 1002 for the piece 773.
[2025/12/03 14:06:23] Peer 1001 sent 'piece' message for piece 774 to Peer 1002.
[2025/12/03 14:06:23] Peer 1001 received the 'have' message from Peer 1002 for the piece 774.
[2025/12/03 14:06:23] Peer 1001 sent 'piece' message for piece 775 to Peer 1002.
[2025/12/03 14:06:23] Peer 1001 received the 'have' message from Peer 1002 for the piece 775.
[2025/12/03 14:06:23] Peer 1001 sent 'piece' message for piece 776 to Peer 1002.
[2025/12/03 14:06:23] Peer 1001 received the 'have' message from Peer 1002 for the piece 776.
[2025/12/03 14:06:23] Peer 1001 sent 'piece' message for piece 777 to Peer 1002.
[2025/12/03 14:06:23] Peer 1001 received the 'have' message from Peer 1002 for the piece 777.
[2025/12/03 14:06:23] Peer 1001 sent 'piece' message for piece 778 to Peer 1002.
[2025/12/03 14:06:23] Peer 1001 received the 'have' message from Peer 1002 for the piece 778.
[2025/12/03 14:06:23] Peer 1001 sent 'piece' message for piece 779 to Peer 1002.
[2025/12/03 14:06:23] Peer 1001 received the 'have' message from Peer 1002 for the piece 779.
[2025/12/03 14:06:23] Peer 1001 sent 'piece' message for piece 780 to Peer 1002.
[2025/12/03 14:06:23] Peer 1001 received the 'have' message from Peer 1002 for the piece 780.
[2025/12/03 14:06:23] Peer 1001 sent 'piece' message for piece 781 to Peer 1002.
[2025/12/03 14:06:23] Peer 1001 received the 'have' message from Peer 1002 for the piece 781.
[2025/12/03 14:06:23] Peer 1001 sent 'piece' message for piece 782 to Peer 1002.
[2025/12/03 14:06:23] Peer 1001 received the 'have' message from Peer 1002 for the piece 782.
[2025/12/03 14:06:23] Peer 1001 sent 'piece' message for piece 783 to Peer 1002.
[2025/12/03 14:06:23] Peer 1001 received the 'have' message from Peer 1002 for the piece 783.
[2025/12/03 14:06:23] Peer 1001 sent 'piece' message for piece 784 to Peer 1002.
[2025/12/03 14:06:23] Peer 1001 received the 'have' message from Peer 1002 for the piece 784.
[2025/12/03 14:06:23] Peer 1001 sent 'piece' message for piece 785 to Peer 1002.
[2025/12/03 14:06:23] Peer 1001 received the 'have' message from Peer 1002 for the piece 785.
[2025/12/03 14:06:23] Peer 1001 sent 'piece' message for piece 786 to Peer 1002.
[2025/12/03 14:06:23] Peer 1001 received the 'have' message from Peer 1002 for the piece 786.
[2025/12/03 14:06:23] Peer 1001 sent 'piece' message for piece 787 to Peer 1002.
[2025/12/03 14:06:23] Peer 1001 received the 'have' message from Peer 1002 for the piece 787.
[2025/12/03 14:06:23] Peer 1001 sent 'piece' message for piece 788 to Peer 1002.
[2025/12/03 14:06:23] Peer 1001 received the 'have' message from Peer 1002 for the piece 788.
[2025/12/03 14:06:23] Peer 1001 sent 'piece' message for piece 789 to Peer 1002.
[2025/12/03 14:06:23] Peer 1001 received the 'have' message from Peer 1002 for the piece 789.
[2025/12/03 14:06:23] Peer 1001 sent 'piece' message for piece 790 to Peer 1002.
[2025/12/03 14:06:23] Peer 1001 received the 'have' message from Peer 1002 for the piece 790.
[2025/12/03 14:06:23] Peer 1001 sent 'piece' message for piece 791 to Peer 1002.
[2025/12/03 14:06:23] Peer 1001 received the 'have' message from Peer 1002 for the piece 791.
[2025/12/03 14:06:23] Peer 1001 sent 'piece' message for piece 792 to Peer 1002.
[2025/12/03 14:06:23] Peer 1001 received the 'have' message from Peer 1002 for the piece 792.
[2025/12/03 14:06:23] Peer 1001 sent 'piece' message for piece 793 to Peer 1002.
[2025/12/03 14:06:23] Peer 1001 received the 'have' message from Peer 1002 for the piece 793.
[2025/12/03 14:06:23] Peer 1001 sent 'piece' message for piece 794 to Peer 1002.
[2025/12/03 14:06:23] Peer 1001 received the 'have' message from Peer 1002 for the piece 794.
[2025/12/03 14:06:23] Peer 1001 sent 'piece' message for piece 795 to Peer 1002.
[2025/12/03 14:06:23] Peer 1001 received the 'have' message from Peer 1002 for the piece 795.
[2025/12/03 14:06:23] Peer 1001 sent 'piece' message for piece 796 to Peer 1002.
[2025/12/03 14:06:23] Peer 1001 received the 'have' message from Peer 1002 for the piece 796.
[2025/12/03 14:06:23] Peer 1001 sent 'piece' message for piece 797 to Peer 1002.
[2025/12/03 14:06:23] Peer 1001 received the 'have' message from Peer 1002 for the piece 797.
[2025/12/03 14:06:23] Peer 1001 sent 'piece' message for piece 798 to Peer 1002.
[2025/12/03 14:06:23] Peer 1001 received the 'have' message from Peer 1002 for the piece 798.
[2025/12/03 14:06:23] Peer 1001 sent 'piece' message for piece 799 to Peer 1002.
[2025/12/03 14:06:23] Peer 1001 received the 'have' message from Peer 1002 for the piece 799.
[2025/12/03 14:06:23] Peer 1001 sent 'piece' message for piece 800 to Peer 1002.
[2025/12/03 14:06:23] Peer 1001 received the 'have' message from Peer 1002 for the piece 800.
[2025/12/03 14:06:23] Peer 1001 sent 'piece' message for piece 801 to Peer 1002.
[2025/12/03 14:06:23] Peer 1001 received the 'have' message from Peer 1002 for the piece 801.
[2025/12/03 14:06:23] Peer 1001 sent 'piece' message for piece 802 to Peer 1002.
[2025/12/03 14:06:23] Peer 1001 received the 'have' message from Peer 1002 for the piece 802.
[2025/12/03 14:06:23] Peer 1001 sent 'piece' message for piece 803 to Peer 1002.
[2025/12/03 14:06:23] Peer 1001 received the 'have' message from Peer 1002 for the piece 803.
[2025/12/03 14:06:23] Peer 1001 sent 'piece' message for piece 804 to Peer 1002.
[2025/12/03 14:06:23] Peer 1001 received the 'have' message from Peer 1002 for the piece 804.
[2025/12/03 14:06:23] Peer 1001 sent 'piece' message for piece 805 to Peer 1002.
[2025/12/03 14:06:23] Peer 1001 received the 'have' message from Peer 1002 for the piece 805.
[2025/12/03 14:06:23] Peer 1001 sent 'piece' message for piece 806 to Peer 1002.
[2025/12/03 14:06:23] Peer 1001 received the 'have' message from Peer 1002 for the piece 806.
[2025/12/03 14:06:23] Peer 1001 sent 'piece' message for piece 807 to Peer 1002.
[2025/12/03 14:06:23] Peer 1001 received the 'have' message from Peer 1002 for the piece 807.
[2025/12/03 14:06:23] Peer 1001 sent 'piece' message for piece 808 to Peer 1002.
[2025/12/03 14:06:23] Peer 1001 received the 'have' message from Peer 1002 for the piece 808.
[2025/12/03 14:06:23] Peer 1001 sent 'piece' message for piece 809 to Peer 1002.
[2025/12/03 14:06:23] Peer 1001 received the 'have' message from Peer 1002 for the piece 809.
[2025/12/03 14:06:23] Peer 1001 sent 'piece' message for piece 810 to Peer 1002.
[2025/12/03 14:06:23] Peer 1001 received the 'have' message from Peer 1002 for the piece 810.
[2025/12/03 14:06:23] Peer 1001 sent 'piece' message for piece 811 to Peer 1002.
[2025/12/03 14:06:23] Peer 1001 received the 'have' message from Peer 1002 for the piece 811.
[2025/12/03 14:06:23] Peer 1001 sent 'piece' message for piece 812 to Peer 1002.
[2025/12/03 14:06:23] Peer 1001 received the 'have' message from Peer 1002 for the piece 812.
[2025/12/03 14:06:23] Peer 1001 sent 'piece' message for piece 813 to Peer 1002.
[2025/12/03 14:06:23] Peer 1001 received the 'have' message from Peer 1002 for the piece 813.
[2025/12/03 14:06:23] Peer 1001 sent 'piece' message for piece 814 to Peer 1002.
[2025/12/03 14:06:23] Peer 1001 received the 'have' message from Peer 1002 for the piece 814.
[2025/12/03 14:06:23] Peer 1001 sent 'piece' message for piece 815 to Peer 1002.
[2025/12/03 14:06:23] Peer 1001 received the 'have' message from Peer 1002 for the piece 815.
[2025/12/03 14:06:23] Peer 1001 sent 'piece' message for piece 816 to Peer 1002.
[2025/12/03 14:06:23] Peer 1001 received the 'have' message from Peer 1002 for the piece 816.
[2025/12/03 14:06:23] Peer 1001 sent 'piece' message for piece 817 to Peer 1002.
[2025/12/03 14:06:23] Peer 1001 received the 'have' message from Peer 1002 for the piece 817.
[2025/12/03 14:06:23] Peer 1001 sent 'piece' message for piece 818 to Peer 1002.
[2025/12/03 14:06:23] Peer 1001 received the 'have' message from Peer 1002 for the piece 818.
[2025/12/03 14:06:23] Peer 1001 sent 'piece' message for piece 819 to Peer 1002.
[2025/12/03 14:06:23] Peer 1001 received the 'have' message from Peer 1002 for the piece 819.
[2025/12/03 14:06:23] Peer 1001 sent 'piece' message for piece 820 to Peer 1002.
[2025/12/03 14:06:23] Peer 1001 received the 'have' message from Peer 1002 for the piece 820.
[2025/12/03 14:06:23] Peer 1001 sent 'piece' message for piece 821 to Peer 1002.
[2025/12/03 14:06:23] Peer 1001 received the 'have' message from Peer 1002 for the piece 821.
[2025/12/03 14:06:23] Peer 1001 sent 'piece' message for piece 822 to Peer 1002.
[2025/12/03 14:06:23] Peer 1001 received the 'have' message from Peer 1002 for the piece 822.
[2025/12/03 14:06:23] Peer 1001 sent 'piece' message for piece 823 to Peer 1002.
[2025/12/03 14:06:23] Peer 1001 received the 'have' message from Peer 1002 for the piece 823.
[2025/12/03 14:06:23] Peer 1001 sent 'piece' message for piece 824 to Peer 1002.
[2025/12/03 14:06:23] Peer 1001 received the 'have' message from Peer 1002 for the piece 824.
[2025/12/03 14:06:23] Peer 1001 sent 'piece' message for piece 825 to Peer 1002.
[2025/12/03 14:06:23] Peer 1001 received the 'have' message from Peer 1002 for the piece 825.
[2025/12/03 14:06:23] Peer 1001 sent 'piece' message for piece 826 to Peer 1002.
[2025/12/03 14:06:23] Peer 1001 received the 'have' message from Peer 1002 for the piece 826.
[2025/12/03 14:06:23] Peer 1001 sent 'piece' message for piece 827 to Peer 1002.
[2025/12/03 14:06:23] Peer 1001 received the 'have' message from Peer 1002 for the piece 827.
[2025/12/03 14:06:23] Peer 1001 sent 'piece' message for piece 828 to Peer 1002.
[2025/12/03 14:06:23] Peer 1001 received the 'have' message from Peer 1002 for the piece 828.
[2025/12/03 14:06:23] Peer 1001 sent 'piece' message for piece 829 to Peer 1002.
[2025/12/03 14:06:23] Peer 1001 received the 'have' message from Peer 1002 for the piece 829.
[2025/12/03 14:06:23] Peer 1001 sent 'piece' message for piece 830 to Peer 1002.
[2025/12/03 14:06:23] Peer 1001 received the 'have' message from Peer 1002 for the piece 830.
[2025/12/03 14:06:23] Peer 1001 sent 'piece' message for piece 831 to Peer 1002.
[2025/12/03 14:06:23] Peer 1001 received the 'have' message from Peer 1002 for the piece 831.
[2025/12/03 14:06:23] Peer 1001 sent 'piece' message for piece 832 to Peer 1002.
[2025/12/03 14:06:23] Peer 1001 received the 'have' message from Peer 1002 for the piece 832.
[2025/12/03 14:06:23] Peer 1001 sent 'piece' message for piece 833 to Peer 1002.
[2025/12/03 14:06:23] Peer 1001 received the 'have' message from Peer 1002 for the piece 833.
[2025/12/03 14:06:23] Peer 1001 sent 'piece' message for piece 834 to Peer 1002.
[2025/12/03 14:06:23] Peer 1001 received the 'have' message from Peer 1002 for the piece 834.
[2025/12/03 14:06:23] Peer 1001 sent 'piece' message for piece 835 to Peer 1002.
[2025/12/03 14:06:23] Peer 1001 received the 'have' message from Peer 1002 for the piece 835.
[2025/12/03 14:06:23] Peer 1001 sent 'piece' message for piece 836 to Peer 1002.
[2025/12/03 14:06:23] Peer 1001 received the 'have' message from Peer 1002 for the piece 836.
[2025/12/03 14:06:23] Peer 1001 sent 'piece' message for piece 837 to Peer 1002.
[2025/12/03 14:06:23] Peer 1001 received the 'have' message from Peer 1002 for the piece 837.
[2025/12/03 14:06:23] Peer 1001 sent 'piece' message for piece 838 to Peer 1002.
[2025/12/03 14:06:23] Peer 1001 received the 'have' message from Peer 1002 for the piece 838.
[2025/12/03 14:06:23] Peer 1001 sent 'piece' message for piece 839 to Peer 1002.
[2025/12/03 14:06:23] Peer 1001 received the 'have' message from Peer 1002 for the piece 839.
[2025/12/03 14:06:23] Peer 1001 sent 'piece' message for piece 840 to Peer 1002.
[2025/12/03 14:06:23] Peer 1001 received the 'have' message from Peer 1002 for the piece 840.
[2025/12/03 14:06:23] Peer 1001 sent 'piece' message for piece 841 to Peer 1002.
[2025/12/03 14:06:23] Peer 1001 received the 'have' message from Peer 1002 for the piece 841.
[2025/12/03 14:06:23] Peer 1001 sent 'piece' message for piece 842 to Peer 1002.
[2025/12/03 14:06:23] Peer 1001 received the 'have' message from Peer 1002 for the piece 842.
[2025/12/03 14:06:23] Peer 1001 sent 'piece' message for piece 843 to Peer 1002.
[2025/12/03 14:06:23] Peer 1001 received the 'have' message from Peer 1002 for the piece 843.
[2025/12/03 14:06:23] Peer 1001 sent 'piece' message for piece 844 to Peer 1002.
[2025/12/03 14:06:23] Peer 1001 received the 'have' message from Peer 1002 for the piece 844.
[2025/12/03 14:06:23] Peer 1001 sent 'piece' message for piece 845 to Peer 1002.
[2025/12/03 14:06:23] Peer 1001 received the 'have' message from Peer 1002 for the piece 845.
[2025/12/03 14:06:23] Peer 1001 sent 'piece' message for piece 846 to Peer 1002.
[2025/12/03 14:06:23] Peer 1001 received the 'have' message from Peer 1002 for the piece 846.
[2025/12/03 14:06:23] Peer 1001 sent 'piece' message for piece 847 to Peer 1002.
[2025/12/03 14:06:23] Peer 1001 received the 'have' message from Peer 1002 for the piece 847.
[2025/12/03 14:06:23] Peer 1001 sent 'piece' message for piece 848 to Peer 1002.
[2025/12/03 14:06:23] Peer 1001 received the 'have' message from Peer 1002 for the piece 848.
[2025/12/03 14:06:23] Peer 1001 sent 'piece' message for piece 849 to Peer 1002.
[2025/12/03 14:06:23] Peer 1001 received the 'have' message from Peer 1002 for the piece 849.
[2025/12/03 14:06:23] Peer 1001 sent 'piece' message for piece 850 to Peer 1002.
[2025/12/03 14:06:23] Peer 1001 received the 'have' message from Peer 1002 for the piece 850.
[2025/12/03 14:06:23] Peer 1001 sent 'piece' message for piece 851 to Peer 1002.
[2025/12/03 14:06:23] Peer 1001 received the 'have' message from Peer 1002 for the piece 851.
[2025/12/03 14:06:23] Peer 1001 sent 'piece' message for piece 852 to Peer 1002.
[2025/12/03 14:06:23] Peer 1001 received the 'have' message from Peer 1002 for the piece 852.
[2025/12/03 14:06:23] Peer 1001 sent 'piece' message for piece 853 to Peer 1002.
[2025/12/03 14:06:23] Peer 1001 received the 'have' message from Peer 1002 for the piece 853.
[2025/12/03 14:06:23] Peer 1001 sent 'piece' message for piece 854 to Peer 1002.
[2025/12/03 14:06:23] Peer 1001 received the 'have' message from Peer 1002 for the piece 854.
[2025/12/03 14:06:23] Peer 1001 sent 'piece' message for piece 855 to Peer 1002.
[2025/12/03 14:06:23] Peer 1001 received the 'have' message from Peer 1002 for the piece 855.
[2025/12/03 14:06:23] Peer 1001 sent 'piece' message for piece 856 to Peer 1002.
[2025/12/03 14:06:23] Peer 1001 received the 'have' message from Peer 1002 for the piece 856.
[2025/12/03 14:06:23] Peer 1001 sent 'piece' message for piece 857 to Peer 1002.
[2025/12/03 14:06:23] Peer 1001 received the 'have' message from Peer 1002 for the piece 857.
[2025/12/03 14:06:23] Peer 1001 sent 'piece' message for piece 858 to Peer 1002.
[2025/12/03 14:06:23] Peer 1001 received the 'have' message from Peer 1002 for the piece 858.
[2025/12/03 14:06:23] Peer 1001 sent 'piece' message for piece 859 to Peer 1002.
[2025/12/03 14:06:23] Peer 1001 received the 'have' message from Peer 1002 for the piece 859.
[2025/12/03 14:06:23] Peer 1001 sent 'piece' message for piece 860 to Peer 1002.
[2025/12/03 14:06:23] Peer 1001 received the 'have' message from Peer 1002 for the piece 860.
[2025/12/03 14:06:23] Peer 1001 sent 'piece' message for piece 861 to Peer 1002.
[2025/12/03 14:06:23] Peer 1001 received the 'have' message from Peer 1002 for the piece 861.
[2025/12/03 14:06:23] Peer 1001 sent 'piece' message for piece 862 to Peer 1002.
[2025/12/03 14:06:23] Peer 1001 received the 'have' message from Peer 1002 for the piece 862.
[2025/12/03 14:06:23] Peer 1001 sent 'piece' message for piece 863 to Peer 1002.
[2025/12/03 14:06:23] Peer 1001 received the 'have' message from Peer 1002 for the piece 863.
[2025/12/03 14:06:23] Peer 1001 sent 'piece' message for piece 864 to Peer 1002.
[2025/12/03 14:06:23] Peer 1001 received the 'have' message from Peer 1002 for the piece 864.
[2025/12/03 14:06:23] Peer 1001 sent 'piece' message for piece 865 to Peer 1002.
[2025/12/03 14:06:23] Peer 1001 received the 'have' message from Peer 1002 for the piece 865.
[2025/12/03 14:06:23] Peer 1001 sent 'piece' message for piece 866 to Peer 1002.
[2025/12/03 14:06:23] Peer 1001 received the 'have' message from Peer 1002 for the piece 866.
[2025/12/03 14:06:23] Peer 1001 sent 'piece' message for piece 867 to Peer 1002.
[2025/12/03 14:06:23] Peer 1001 received the 'have' message from Peer 1002 for the piece 867.
[2025/12/03 14:06:23] Peer 1001 sent 'piece' message for piece 868 to Peer 1002.
[2025/12/03 14:06:23] Peer 1001 received the 'have' message from Peer 1002 for the piece 868.
[2025/12/03 14:06:23] Peer 1001 sent 'piece' message for piece 869 to Peer 1002.
[2025/12/03 14:06:23] Peer 1001 received the 'have' message from Peer 1002 for the piece 869.
[2025/12/03 14:06:23] Peer 1001 sent 'piece' message for piece 870 to Peer 1002.
[2025/12/03 14:06:23] Peer 1001 received the 'have' message from Peer 1002 for the piece 870.
[2025/12/03 14:06:23] Peer 1001 sent 'piece' message for piece 871 to Peer 1002.
[2025/12/03 14:06:23] Peer 1001 received the 'have' message from Peer 1002 for the piece 871.
[2025/12/03 14:06:23] Peer 1001 sent 'piece' message for piece 872 to Peer 1002.
[2025/12/03 14:06:23] Peer 1001 received the 'have' message from Peer 1002 for the piece 872.
[2025/12/03 14:06:23] Peer 1001 sent 'piece' message for piece 873 to Peer 1002.
[2025/12/03 14:06:23] Peer 1001 received the 'have' message from Peer 1002 for the piece 873.
[2025/12/03 14:06:23] Peer 1001 sent 'piece' message for piece 874 to Peer 1002.
[2025/12/03 14:06:23] Peer 1001 received the 'have' message from Peer 1002 for the piece 874.
[2025/12/03 14:06:23] Peer 1001 sent 'piece' message for piece 875 to Peer 1002.
[2025/12/03 14:06:23] Peer 1001 received the 'have' message from Peer 1002 for the piece 875.
[2025/12/03 14:06:23] Peer 1001 sent 'piece' message for piece 876 to Peer 1002.
[2025/12/03 14:06:23] Peer 1001 received the 'have' message from Peer 1002 for the piece 876.
[2025/12/03 14:06:23] Peer 1001 sent 'piece' message for piece 877 to Peer 1002.
[2025/12/03 14:06:23] Peer 1001 received the 'have' message from Peer 1002 for the piece 877.
[2025/12/03 14:06:23] Peer 1001 sent 'piece' message for piece 878 to Peer 1002.
[2025/12/03 14:06:23] Peer 1001 received the 'have' message from Peer 1002 for the piece 878.
[2025/12/03 14:06:23] Peer 1001 sent 'piece' message for piece 879 to Peer 1002.
[2025/12/03 14:06:23] Peer 1001 received the 'have' message from Peer 1002 for the piece 879.
[2025/12/03 14:06:23] Peer 1001 sent 'piece' message for piece 880 to Peer 1002.
[2025/12/03 14:06:23] Peer 1001 received the 'have' message from Peer 1002 for the piece 880.
[2025/12/03 14:06:23] Peer 1001 sent 'piece' message for piece 881 to Peer 1002.
[2025/12/03 14:06:23] Peer 1001 received the 'have' message from Peer 1002 for the piece 881.
[2025/12/03 14:06:23] Peer 1001 sent 'piece' message for piece 882 to Peer 1002.
[2025/12/03 14:06:23] Peer 1001 received the 'have' message from Peer 1002 for the piece 882.
[2025/12/03 14:06:23] Peer 1001 sent 'piece' message for piece 883 to Peer 1002.
[2025/12/03 14:06:23] Peer 1001 received the 'have' message from Peer 1002 for the piece 883.
[2025/12/03 14:06:23] Peer 1001 sent 'piece' message for piece 884 to Peer 1002.
[2025/12/03 14:06:23] Peer 1001 received the 'have' message from Peer 1002 for the piece 884.
[2025/12/03 14:06:23] Peer 1001 sent 'piece' message for piece 885 to Peer 1002.
[2025/12/03 14:06:23] Peer 1001 received the 'have' message from Peer 1002 for the piece 885.
[2025/12/03 14:06:23] Peer 1001 sent 'piece' message for piece 886 to Peer 1002.
[2025/12/03 14:06:23] Peer 1001 received the 'have' message from Peer 1002 for the piece 886.
[2025/12/03 14:06:23] Peer 1001 sent 'piece' message for piece 887 to Peer 1002.
[2025/12/03 14:06:23] Peer 1001 received the 'have' message from Peer 1002 for the piece 887.
[2025/12/03 14:06:23] Peer 1001 sent 'piece' message for piece 888 to Peer 1002.
[2025/12/03 14:06:23] Peer 1001 received the 'have' message from Peer 1002 for the piece 888.
[2025/12/03 14:06:23] Peer 1001 sent 'piece' message for piece 889 to Peer 1002.
[2025/12/03 14:06:23] Peer 1001 received the 'have' message from Peer 1002 for the piece 889.
[2025/12/03 14:06:23] Peer 1001 sent 'piece' message for piece 890 to Peer 1002.
[2025/12/03 14:06:23] Peer 1001 received the 'have' message from Peer 1002 for the piece 890.
[2025/12/03 14:06:23] Peer 1001 sent 'piece' message for piece 891 to Peer 1002.
[2025/12/03 14:06:23] Peer 1001 received the 'have' message from Peer 1002 for the piece 891.
[2025/12/03 14:06:23] Peer 1001 sent 'piece' message for piece 892 to Peer 1002.
[2025/12/03 14:06:23] Peer 1001 received the 'have' message from Peer 1002 for the piece 892.
[2025/12/03 14:06:23] Peer 1001 sent 'piece' message for piece 893 to Peer 1002.
[2025/12/03 14:06:23] Peer 1001 received the 'have' message from Peer 1002 for the piece 893.
[2025/12/03 14:06:23] Peer 1001 sent 'piece' message for piece 894 to Peer 1002.
[2025/12/03 14:06:23] Peer 1001 received the 'have' message from Peer 1002 for the piece 894.
[2025/12/03 14:06:23] Peer 1001 sent 'piece' message for piece 895 to Peer 1002.
[2025/12/03 14:06:23] Peer 1001 received the 'have' message from Peer 1002 for the piece 895.
[2025/12/03 14:06:23] Peer 1001 sent 'piece' message for piece 896 to Peer 1002.
[2025/12/03 14:06:23] Peer 1001 received the 'have' message from Peer 1002 for the piece 896.
[2025/12/03 14:06:23] Peer 1001 sent 'piece' message for piece 897 to Peer 1002.
[2025/12/03 14:06:23] Peer 1001 received the 'have' message from Peer 1002 for the piece 897.
[2025/12/03 14:06:23] Peer 1001 sent 'piece' message for piece 898 to Peer 1002.
[2025/12/03 14:06:23] Peer 1001 received the 'have' message from Peer 1002 for the piece 898.
[2025/12/03 14:06:23] Peer 1001 sent 'piece' message for piece 899 to Peer 1002.
[2025/12/03 14:06:23] Peer 1001 received the 'have' message from Peer 1002 for the piece 899.
[2025/12/03 14:06:23] Peer 1001 sent 'piece' message for piece 900 to Peer 1002.
[2025/12/03 14:06:23] Peer 1001 received the 'have' message from Peer 1002 for the piece 900.
[2025/12/03 14:06:23] Peer 1001 sent 'piece' message for piece 901 to Peer 1002.
[2025/12/03 14:06:23] Peer 1001 received the 'have' message from Peer 1002 for the piece 901.
[2025/12/03 14:06:23] Peer 1001 sent 'piece' message for piece 902 to Peer 1002.
[2025/12/03 14:06:23] Peer 1001 received the 'have' message from Peer 1002 for the piece 902.
[2025/12/03 14:06:23] Peer 1001 sent 'piece' message for piece 903 to Peer 1002.
[2025/12/03 14:06:23] Peer 1001 received the 'have' message from Peer 1002 for the piece 903.
[2025/12/03 14:06:23] Peer 1001 sent 'piece' message for piece 904 to Peer 1002.
[2025/12/03 14:06:23] Peer 1001 received the 'have' message from Peer 1002 for the piece 904.
[2025/12/03 14:06:23] Peer 1001 sent 'piece' message for piece 905 to Peer 1002.
[2025/12/03 14:06:23] Peer 1001 received the 'have' message from Peer 1002 for the piece 905.
[2025/12/03 14:06:23] Peer 1001 sent 'piece' message for piece 906 to Peer 1002.
[2025/12/03 14:06:23] Peer 1001 received the 'have' message from Peer 1002 for the piece 906.
[2025/12/03 14:06:23] Peer 1001 sent 'piece' message for piece 907 to Peer 1002.
[2025/12/03 14:06:23] Peer 1001 received the 'have' message from Peer 1002 for the piece 907.
[2025/12/03 14:06:23] Peer 1001 sent 'piece' message for piece 908 to Peer 1002.
[2025/12/03 14:06:23] Peer 1001 received the 'have' message from Peer 1002 for the piece 908.
[2025/12/03 14:06:23] Peer 1001 sent 'piece' message for piece 909 to Peer 1002.
[2025/12/03 14:06:23] Peer 1001 received the 'have' message from Peer 1002 for the piece 909.
[2025/12/03 14:06:23] Peer 1001 sent 'piece' message for piece 910 to Peer 1002.
[2025/12/03 14:06:23] Peer 1001 received the 'have' message from Peer 1002 for the piece 910.
[2025/12/03 14:06:23] Peer 1001 sent 'piece' message for piece 911 to Peer 1002.
[2025/12/03 14:06:23] Peer 1001 received the 'have' message from Peer 1002 for the piece 911.
[2025/12/03 14:06:23] Peer 1001 sent 'piece' message for piece 912 to Peer 1002.
[2025/12/03 14:06:23] Peer 1001 received the 'have' message from Peer 1002 for the piece 912.
[2025/12/03 14:06:23] Peer 1001 sent 'piece' message for piece 913 to Peer 1002.
[2025/12/03 14:06:23] Peer 1001 received the 'have' message from Peer 1002 for the piece 913.
[2025/12/03 14:06:23] Peer 1001 sent 'piece' message for piece 914 to Peer 1002.
[2025/12/03 14:06:23] Peer 1001 received the 'have' message from Peer 1002 for the piece 914.
[2025/12/03 14:06:23] Peer 1001 sent 'piece' message for piece 915 to Peer 1002.
[2025/12/03 14:06:23] Peer 1001 received the 'have' message from Peer 1002 for the piece 915.
[2025/12/03 14:06:23] Peer 1001 sent 'piece' message for piece 916 to Peer 1002.
[2025/12/03 14:06:23] Peer 1001 received the 'have' message from Peer 1002 for the piece 916.
[2025/12/03 14:06:23] Peer 1001 sent 'piece' message for piece 917 to Peer 1002.
[2025/12/03 14:06:23] Peer 1001 received the 'have' message from Peer 1002 for the piece 917.
[2025/12/03 14:06:23] Peer 1001 sent 'piece' message for piece 918 to Peer 1002.
[2025/12/03 14:06:23] Peer 1001 received the 'have' message from Peer 1002 for the piece 918.
[2025/12/03 14:06:23] Peer 1001 sent 'piece' message for piece 919 to Peer 1002.
[2025/12/03 14:06:23] Peer 1001 received the 'have' message from Peer 1002 for the piece 919.
[2025/12/03 14:06:23] Peer 1001 sent 'piece' message for piece 920 to Peer 1002.
[2025/12/03 14:06:23] Peer 1001 received the 'have' message from Peer 1002 for the piece 920.
[2025/12/03 14:06:23] Peer 1001 sent 'piece' message for piece 921 to Peer 1002.
[2025/12/03 14:06:23] Peer 1001 received the 'have' message from Peer 1002 for the piece 921.
[2025/12/03 14:06:23] Peer 1001 sent 'piece' message for piece 922 to Peer 1002.
[2025/12/03 14:06:23] Peer 1001 received the 'have' message from Peer 1002 for the piece 922.
[2025/12/03 14:06:23] Peer 1001 sent 'piece' message for piece 923 to Peer 1002.
[2025/12/03 14:06:23] Peer 1001 received the 'have' message from Peer 1002 for the piece 923.
[2025/12/03 14:06:23] Peer 1001 sent 'piece' message for piece 924 to Peer 1002.
[2025/12/03 14:06:23] Peer 1001 received the 'have' message from Peer 1002 for the piece 924.
[2025/12/03 14:06:23] Peer 1001 sent 'piece' message for piece 925 to Peer 1002.
[2025/12/03 14:06:23] Peer 1001 received the 'have' message from Peer 1002 for the piece 925.
[2025/12/03 14:06:23] Peer 1001 sent 'piece' message for piece 926 to Peer 1002.
[2025/12/03 14:06:23] Peer 1001 received the 'have' message from Peer 1002 for the piece 926.
[2025/12/03 14:06:23] Peer 1001 sent 'piece' message for piece 927 to Peer 1002.
[2025/12/03 14:06:23] Peer 1001 received the 'have' message from Peer 1002 for the piece 927.
[2025/12/03 14:06:23] Peer 1001 sent 'piece' message for piece 928 to Peer 1002.
[2025/12/03 14:06:23] Peer 1001 received the 'have' message from Peer 1002 for the piece 928.
[2025/12/03 14:06:23] Peer 1001 sent 'piece' message for piece 929 to Peer 1002.
[2025/12/03 14:06:23] Peer 1001 received the 'have' message from Peer 1002 for the piece 929.
[2025/12/03 14:06:23] Peer 1001 sent 'piece' message for piece 930 to Peer 1002.
[2025/12/03 14:06:23] Peer 1001 received the 'have' message from Peer 1002 for the piece 930.
[2025/12/03 14:06:23] Peer 1001 sent 'piece' message for piece 931 to Peer 1002.
[2025/12/03 14:06:23] Peer 1001 received the 'have' message from Peer 1002 for the piece 931.
[2025/12/03 14:06:23] Peer 1001 sent 'piece' message for piece 932 to Peer 1002.
[2025/12/03 14:06:23] Peer 1001 received the 'have' message from Peer 1002 for the piece 932.
[2025/12/03 14:06:23] Peer 1001 sent 'piece' message for piece 933 to Peer 1002.
[2025/12/03 14:06:23] Peer 1001 received the 'have' message from Peer 1002 for the piece 933.
[2025/12/03 14:06:23] Peer 1001 sent 'piece' message for piece 934 to Peer 1002.
[2025/12/03 14:06:23] Peer 1001 received the 'have' message from Peer 1002 for the piece 934.
[2025/12/03 14:06:23] Peer 1001 sent 'piece' message for piece 935 to Peer 1002.
[2025/12/03 14:06:23] Peer 1001 received the 'have' message from Peer 1002 for the piece 935.
[2025/12/03 14:06:23] Peer 1001 sent 'piece' message for piece 936 to Peer 1002.
[2025/12/03 14:06:23] Peer 1001 received the 'have' message from Peer 1002 for the piece 936.
[2025/12/03 14:06:23] Peer 1001 sent 'piece' message for piece 937 to Peer 1002.
[2025/12/03 14:06:23] Peer 1001 received the 'have' message from Peer 1002 for the piece 937.
[2025/12/03 14:06:23] Peer 1001 sent 'piece' message for piece 938 to Peer 1002.
[2025/12/03 14:06:23] Peer 1001 received the 'have' message from Peer 1002 for the piece 938.
[2025/12/03 14:06:23] Peer 1001 sent 'piece' message for piece 939 to Peer 1002.
[2025/12/03 14:06:23] Peer 1001 received the 'have' message from Peer 1002 for the piece 939.
[2025/12/03 14:06:23] Peer 1001 sent 'piece' message for piece 940 to Peer 1002.
[2025/12/03 14:06:23] Peer 1001 received the 'have' message from Peer 1002 for the piece 940.
[2025/12/03 14:06:23] Peer 1001 sent 'piece' message for piece 941 to Peer 1002.
[2025/12/03 14:06:23] Peer 1001 received the 'have' message from Peer 1002 for the piece 941.
[2025/12/03 14:06:23] Peer 1001 sent 'piece' message for piece 942 to Peer 1002.
[2025/12/03 14:06:23] Peer 1001 received the 'have' message from Peer 1002 for the piece 942.
[2025/12/03 14:06:23] Peer 1001 sent 'piece' message for piece 943 to Peer 1002.
[2025/12/03 14:06:23] Peer 1001 received the 'have' message from Peer 1002 for the piece 943.
[2025/12/03 14:06:23] Peer 1001 sent 'piece' message for piece 944 to Peer 1002.
[2025/12/03 14:06:23] Peer 1001 received the 'have' message from Peer 1002 for the piece 944.
[2025/12/03 14:06:23] Peer 1001 sent 'piece' message for piece 945 to Peer 1002.
[2025/12/03 14:06:23] Peer 1001 received the 'have' message from Peer 1002 for the piece 945.
[2025/12/03 14:06:23] Peer 1001 sent 'piece' message for piece 946 to Peer 1002.
[2025/12/03 14:06:23] Peer 1001 received the 'have' message from Peer 1002 for the piece 946.
[2025/12/03 14:06:23] Peer 1001 sent 'piece' message for piece 947 to Peer 1002.
[2025/12/03 14:06:23] Peer 1001 received the 'have' message from Peer 1002 for the piece 947.
[2025/12/03 14:06:23] Peer 1001 sent 'piece' message for piece 948 to Peer 1002.
[2025/12/03 14:06:23] Peer 1001 received the 'have' message from Peer 1002 for the piece 948.
[2025/12/03 14:06:23] Peer 1001 sent 'piece' message for piece 949 to Peer 1002.
[2025/12/03 14:06:23] Peer 1001 received the 'have' message from Peer 1002 for the piece 949.
[2025/12/03 14:06:23] Peer 1001 sent 'piece' message for piece 950 to Peer 1002.
[2025/12/03 14:06:23] Peer 1001 received the 'have' message from Peer 1002 for the piece 950.
[2025/12/03 14:06:23] Peer 1001 sent 'piece' message for piece 951 to Peer 1002.
[2025/12/03 14:06:23] Peer 1001 received the 'have' message from Peer 1002 for the piece 951.
[2025/12/03 14:06:23] Peer 1001 sent 'piece' message for piece 952 to Peer 1002.
[2025/12/03 14:06:23] Peer 1001 received the 'have' message from Peer 1002 for the piece 952.
[2025/12/03 14:06:23] Peer 1001 sent 'piece' message for piece 953 to Peer 1002.
[2025/12/03 14:06:23] Peer 1001 received the 'have' message from Peer 1002 for the piece 953.
[2025/12/03 14:06:23] Peer 1001 sent 'piece' message for piece 954 to Peer 1002.
[2025/12/03 14:06:23] Peer 1001 received the 'have' message from Peer 1002 for the piece 954.
[2025/12/03 14:06:23] Peer 1001 sent 'piece' message for piece 955 to Peer 1002.
[2025/12/03 14:06:23] Peer 1001 received the 'have' message from Peer 1002 for the piece 955.
[2025/12/03 14:06:23] Peer 1001 sent 'piece' message for piece 956 to Peer 1002.
[2025/12/03 14:06:23] Peer 1001 received the 'have' message from Peer 1002 for the piece 956.
[2025/12/03 14:06:23] Peer 1001 sent 'piece' message for piece 957 to Peer 1002.
[2025/12/03 14:06:23] Peer 1001 received the 'have' message from Peer 1002 for the piece 957.
[2025/12/03 14:06:23] Peer 1001 sent 'piece' message for piece 958 to Peer 1002.
[2025/12/03 14:06:23] Peer 1001 received the 'have' message from Peer 1002 for the piece 958.
[2025/12/03 14:06:23] Peer 1001 sent 'piece' message for piece 959 to Peer 1002.
[2025/12/03 14:06:23] Peer 1001 received the 'have' message from Peer 1002 for the piece 959.
[2025/12/03 14:06:23] Peer 1001 sent 'piece' message for piece 960 to Peer 1002.
[2025/12/03 14:06:23] Peer 1001 received the 'have' message from Peer 1002 for the piece 960.
[2025/12/03 14:06:23] Peer 1001 sent 'piece' message for piece 961 to Peer 1002.
[2025/12/03 14:06:23] Peer 1001 received the 'have' message from Peer 1002 for the piece 961.
[2025/12/03 14:06:23] Peer 1001 sent 'piece' message for piece 962 to Peer 1002.
[2025/12/03 14:06:23] Peer 1001 received the 'have' message from Peer 1002 for the piece 962.
[2025/12/03 14:06:23] Peer 1001 sent 'piece' message for piece 963 to Peer 1002.
[2025/12/03 14:06:23] Peer 1001 received the 'have' message from Peer 1002 for the piece 963.
[2025/12/03 14:06:23] Peer 1001 sent 'piece' message for piece 964 to Peer 1002.
[2025/12/03 14:06:23] Peer 1001 received the 'have' message from Peer 1002 for the piece 964.
[2025/12/03 14:06:23] Peer 1001 sent 'piece' message for piece 965 to Peer 1002.
[2025/12/03 14:06:23] Peer 1001 received the 'have' message from Peer 1002 for the piece 965.
[2025/12/03 14:06:23] Peer 1001 sent 'piece' message for piece 966 to Peer 1002.
[2025/12/03 14:06:23] Peer 1001 received the 'have' message from Peer 1002 for the piece 966.
[2025/12/03 14:06:23] Peer 1001 sent 'piece' message for piece 967 to Peer 1002.
[2025/12/03 14:06:23] Peer 1001 received the 'have' message from Peer 1002 for the piece 967.
[2025/12/03 14:06:23] Peer 1001 sent 'piece' message for piece 968 to Peer 1002.
[2025/12/03 14:06:23] Peer 1001 received the 'have' message from Peer 1002 for the piece 968.
[2025/12/03 14:06:23] Peer 1001 sent 'piece' message for piece 969 to Peer 1002.
[2025/12/03 14:06:23] Peer 1001 received the 'have' message from Peer 1002 for the piece 969.
[2025/12/03 14:06:23] Peer 1001 sent 'piece' message for piece 970 to Peer 1002.
[2025/12/03 14:06:23] Peer 1001 received the 'have' message from Peer 1002 for the piece 970.
[2025/12/03 14:06:23] Peer 1001 sent 'piece' message for piece 971 to Peer 1002.
[2025/12/03 14:06:23] Peer 1001 received the 'have' message from Peer 1002 for the piece 971.
[2025/12/03 14:06:23] Peer 1001 sent 'piece' message for piece 972 to Peer 1002.
[2025/12/03 14:06:23] Peer 1001 received the 'have' message from Peer 1002 for the piece 972.
[2025/12/03 14:06:23] Peer 1001 sent 'piece' message for piece 973 to Peer 1002.
[2025/12/03 14:06:23] Peer 1001 received the 'have' message from Peer 1002 for the piece 973.
[2025/12/03 14:06:23] Peer 1001 sent 'piece' message for piece 974 to Peer 1002.
[2025/12/03 14:06:23] Peer 1001 received the 'have' message from Peer 1002 for the piece 974.
[2025/12/03 14:06:23] Peer 1001 sent 'piece' message for piece 975 to Peer 1002.
[2025/12/03 14:06:23] Peer 1001 received the 'have' message from Peer 1002 for the piece 975.
[2025/12/03 14:06:23] Peer 1001 sent 'piece' message for piece 976 to Peer 1002.
[2025/12/03 14:06:23] Peer 1001 received the 'have' message from Peer 1002 for the piece 976.
[2025/12/03 14:06:23] Peer 1001 sent 'piece' message for piece 977 to Peer 1002.
[2025/12/03 14:06:23] Peer 1001 received the 'have' message from Peer 1002 for the piece 977.
[2025/12/03 14:06:23] Peer 1001 sent 'piece' message for piece 978 to Peer 1002.
[2025/12/03 14:06:23] Peer 1001 received the 'have' message from Peer 1002 for the piece 978.
[2025/12/03 14:06:23] Peer 1001 sent 'piece' message for piece 979 to Peer 1002.
[2025/12/03 14:06:23] Peer 1001 received the 'have' message from Peer 1002 for the piece 979.
[2025/12/03 14:06:23] Peer 1001 sent 'piece' message for piece 980 to Peer 1002.
[2025/12/03 14:06:23] Peer 1001 received the 'have' message from Peer 1002 for the piece 980.
[2025/12/03 14:06:23] Peer 1001 sent 'piece' message for piece 981 to Peer 1002.
[2025/12/03 14:06:23] Peer 1001 received the 'have' message from Peer 1002 for the piece 981.
[2025/12/03 14:06:23] Peer 1001 sent 'piece' message for piece 982 to Peer 1002.
[2025/12/03 14:06:23] Peer 1001 received the 'have' message from Peer 1002 for the piece 982.
[2025/12/03 14:06:23] Peer 1001 sent 'piece' message for piece 983 to Peer 1002.
[2025/12/03 14:06:23] Peer 1001 received the 'have' message from Peer 1002 for the piece 983.
[2025/12/03 14:06:23] Peer 1001 sent 'piece' message for piece 984 to Peer 1002.
[2025/12/03 14:06:23] Peer 1001 received the 'have' message from Peer 1002 for the piece 984.
[2025/12/03 14:06:23] Peer 1001 sent 'piece' message for piece 985 to Peer 1002.
[2025/12/03 14:06:23] Peer 1001 received the 'have' message from Peer 1002 for the piece 985.
[2025/12/03 14:06:23] Peer 1001 sent 'piece' message for piece 986 to Peer 1002.
[2025/12/03 14:06:23] Peer 1001 received the 'have' message from Peer 1002 for the piece 986.
[2025/12/03 14:06:23] Peer 1001 sent 'piece' message for piece 987 to Peer 1002.
[2025/12/03 14:06:23] Peer 1001 received the 'have' message from Peer 1002 for the piece 987.
[2025/12/03 14:06:23] Peer 1001 sent 'piece' message for piece 988 to Peer 1002.
[2025/12/03 14:06:23] Peer 1001 received the 'have' message from Peer 1002 for the piece 988.
[2025/12/03 14:06:23] Peer 1001 sent 'piece' message for piece 989 to Peer 1002.
[2025/12/03 14:06:23] Peer 1001 received the 'have' message from Peer 1002 for the piece 989.
[2025/12/03 14:06:23] Peer 1001 sent 'piece' message for piece 990 to Peer 1002.
[2025/12/03 14:06:23] Peer 1001 received the 'have' message from Peer 1002 for the piece 990.
[2025/12/03 14:06:23] Peer 1001 sent 'piece' message for piece 991 to Peer 1002.
[2025/12/03 14:06:23] Peer 1001 received the 'have' message from Peer 1002 for the piece 991.
[2025/12/03 14:06:23] Peer 1001 sent 'piece' message for piece 992 to Peer 1002.
[2025/12/03 14:06:23] Peer 1001 received the 'have' message from Peer 1002 for the piece 992.
[2025/12/03 14:06:23] Peer 1001 sent 'piece' message for piece 993 to Peer 1002.
[2025/12/03 14:06:23] Peer 1001 received the 'have' message from Peer 1002 for the piece 993.
[2025/12/03 14:06:23] Peer 1001 sent 'piece' message for piece 994 to Peer 1002.
[2025/12/03 14:06:23] Peer 1001 received the 'have' message from Peer 1002 for the piece 994.
[2025/12/03 14:06:23] Peer 1001 sent 'piece' message for piece 995 to Peer 1002.
[2025/12/03 14:06:23] Peer 1001 received the 'have' message from Peer 1002 for the piece 995.
[2025/12/03 14:06:23] Peer 1001 sent 'piece' message for piece 996 to Peer 1002.
[2025/12/03 14:06:23] Peer 1001 received the 'have' message from Peer 1002 for the piece 996.
[2025/12/03 14:06:23] Peer 1001 sent 'piece' message for piece 997 to Peer 1002.
[2025/12/03 14:06:23] Peer 1001 received the 'have' message from Peer 1002 for the piece 997.
[2025/12/03 14:06:23] Peer 1001 sent 'piece' message for piece 998 to Peer 1002.
[2025/12/03 14:06:23] Peer 1001 received the 'have' message from Peer 1002 for the piece 998.
[2025/12/03 14:06:23] Peer 1001 sent 'piece' message for piece 999 to Peer 1002.
[2025/12/03 14:06:23] Peer 1001 received the 'have' message from Peer 1002 for the piece 999.
[2025/12/03 14:06:23] Peer 1001 sent 'piece' message for piece 1000 to Peer 1002.
[2025/12/03 14:06:23] Peer 1001 received the 'have' message from Peer 1002 for the piece 1000.
[2025/12/03 14:06:23] Peer 1001 sent 'piece' message for piece 1001 to Peer 1002.
[2025/12/03 14:06:23] Peer 1001 received the 'have' message from Peer 1002 for the piece 1001.
[2025/12/03 14:06:23] Peer 1001 sent 'piece' message for piece 1002 to Peer 1002.
[2025/12/03 14:06:23] Peer 1001 received the 'have' message from Peer 1002 for the piece 1002.
[2025/12/03 14:06:23] Peer 1001 sent 'piece' message for piece 1003 to Peer 1002.
[2025/12/03 14:06:23] Peer 1001 received the 'have' message from Peer 1002 for the piece 1003.
[2025/12/03 14:06:23] Peer 1001 sent 'piece' message for piece 1004 to Peer 1002.
[2025/12/03 14:06:23] Peer 1001 received the 'have' message from Peer 1002 for the piece 1004.
[2025/12/03 14:06:23] Peer 1001 sent 'piece' message for piece 1005 to Peer 1002.
[2025/12/03 14:06:23] Peer 1001 received the 'have' message from Peer 1002 for the piece 1005.
[2025/12/03 14:06:23] Peer 1001 sent 'piece' message for piece 1006 to Peer 1002.
[2025/12/03 14:06:23] Peer 1001 received the 'have' message from Peer 1002 for the piece 1006.
[2025/12/03 14:06:23] Peer 1001 sent 'piece' message for piece 1007 to Peer 1002.
[2025/12/03 14:06:23] Peer 1001 received the 'have' message from Peer 1002 for the piece 1007.
[2025/12/03 14:06:23] Peer 1001 sent 'piece' message for piece 1008 to Peer 1002.
[2025/12/03 14:06:23] Peer 1001 received the 'have' message from Peer 1002 for the piece 1008.
[2025/12/03 14:06:23] Peer 1001 sent 'piece' message for piece 1009 to Peer 1002.
[2025/12/03 14:06:23] Peer 1001 received the 'have' message from Peer 1002 for the piece 1009.
[2025/12/03 14:06:23] Peer 1001 sent 'piece' message for piece 1010 to Peer 1002.
[2025/12/03 14:06:23] Peer 1001 received the 'have' message from Peer 1002 for the piece 1010.
[2025/12/03 14:06:23] Peer 1001 sent 'piece' message for piece 1011 to Peer 1002.
[2025/12/03 14:06:23] Peer 1001 received the 'have' message from Peer 1002 for the piece 1011.
[2025/12/03 14:06:23] Peer 1001 sent 'piece' message for piece 1012 to Peer 1002.
[2025/12/03 14:06:23] Peer 1001 received the 'have' message from Peer 1002 for the piece 1012.
[2025/12/03 14:06:23] Peer 1001 sent 'piece' message for piece 1013 to Peer 1002.
[2025/12/03 14:06:23] Peer 1001 received the 'have' message from Peer 1002 for the piece 1013.
[2025/12/03 14:06:23] Peer 1001 sent 'piece' message for piece 1014 to Peer 1002.
[2025/12/03 14:06:23] Peer 1001 received the 'have' message from Peer 1002 for the piece 1014.
[2025/12/03 14:06:23] Peer 1001 sent 'piece' message for piece 1015 to Peer 1002.
[2025/12/03 14:06:23] Peer 1001 received the 'have' message from Peer 1002 for the piece 1015.
[2025/12/03 14:06:23] Peer 1001 sent 'piece' message for piece 1016 to Peer 1002.
[2025/12/03 14:06:23] Peer 1001 received the 'have' message from Peer 1002 for the piece 1016.
[2025/12/03 14:06:23] Peer 1001 sent 'piece' message for piece 1017 to Peer 1002.
[2025/12/03 14:06:23] Peer 1001 received the 'have' message from Peer 1002 for the piece 1017.
[2025/12/03 14:06:23] Peer 1001 sent 'piece' message for piece 1018 to Peer 1002.
[2025/12/03 14:06:23] Peer 1001 received the 'have' message from Peer 1002 for the piece 1018.
[2025/12/03 14:06:23] Peer 1001 sent 'piece' message for piece 1019 to Peer 1002.
[2025/12/03 14:06:23] Peer 1001 received the 'have' message from Peer 1002 for the piece 1019.
[2025/12/03 14:06:23] Peer 1001 sent 'piece' message for piece 1020 to Peer 1002.
[2025/12/03 14:06:23] Peer 1001 received the 'have' message from Peer 1002 for the piece 1020.
[2025/12/03 14:06:23] Peer 1001 sent 'piece' message for piece 1021 to Peer 1002.
[2025/12/03 14:06:23] Peer 1001 received the 'have' message from Peer 1002 for the piece 1021.
[2025/12/03 14:06:23] Peer 1001 sent 'piece' message for piece 1022 to Peer 1002.
[2025/12/03 14:06:23] Peer 1001 received the 'have' message from Peer 1002 for the piece 1022.
[2025/12/03 14:06:23] Peer 1001 sent 'piece' message for piece 1023 to Peer 1002.
[2025/12/03 14:06:23] Peer 1001 received the 'have' message from Peer 1002 for the piece 1023.
[2025/12/03 14:06:23] Peer 1001 sent 'piece' message for piece 1024 to Peer 1002.
[2025/12/03 14:06:23] Peer 1001 received the 'have' message from Peer 1002 for the piece 1024.
[2025/12/03 14:06:23] Peer 1001 sent 'piece' message for piece 1025 to Peer 1002.
[2025/12/03 14:06:23] Peer 1001 received the 'have' message from Peer 1002 for the piece 1025.
[2025/12/03 14:06:23] Peer 1001 sent 'piece' message for piece 1026 to Peer 1002.
[2025/12/03 14:06:23] Peer 1001 received the 'have' message from Peer 1002 for the piece 1026.
[2025/12/03 14:06:23] Peer 1001 sent 'piece' message for piece 1027 to Peer 1002.
[2025/12/03 14:06:24] Peer 1001 received the 'have' message from Peer 1002 for the piece 1027.
[2025/12/03 14:06:24] Peer 1001 sent 'piece' message for piece 1028 to Peer 1002.
[2025/12/03 14:06:24] Peer 1001 received the 'have' message from Peer 1002 for the piece 1028.
[2025/12/03 14:06:24] Peer 1001 sent 'piece' message for piece 1029 to Peer 1002.
[2025/12/03 14:06:24] Peer 1001 received the 'have' message from Peer 1002 for the piece 1029.
[2025/12/03 14:06:24] Peer 1001 sent 'piece' message for piece 1030 to Peer 1002.
[2025/12/03 14:06:24] Peer 1001 received the 'have' message from Peer 1002 for the piece 1030.
[2025/12/03 14:06:24] Peer 1001 sent 'piece' message for piece 1031 to Peer 1002.
[2025/12/03 14:06:24] Peer 1001 received the 'have' message from Peer 1002 for the piece 1031.
[2025/12/03 14:06:24] Peer 1001 sent 'piece' message for piece 1032 to Peer 1002.
[2025/12/03 14:06:24] Peer 1001 received the 'have' message from Peer 1002 for the piece 1032.
[2025/12/03 14:06:24] Peer 1001 sent 'piece' message for piece 1033 to Peer 1002.
[2025/12/03 14:06:24] Peer 1001 received the 'have' message from Peer 1002 for the piece 1033.
[2025/12/03 14:06:24] Peer 1001 sent 'piece' message for piece 1034 to Peer 1002.
[2025/12/03 14:06:24] Peer 1001 received the 'have' message from Peer 1002 for the piece 1034.
[2025/12/03 14:06:24] Peer 1001 sent 'piece' message for piece 1035 to Peer 1002.
[2025/12/03 14:06:24] Peer 1001 received the 'have' message from Peer 1002 for the piece 1035.
[2025/12/03 14:06:24] Peer 1001 sent 'piece' message for piece 1036 to Peer 1002.
[2025/12/03 14:06:24] Peer 1001 received the 'have' message from Peer 1002 for the piece 1036.
[2025/12/03 14:06:24] Peer 1001 sent 'piece' message for piece 1037 to Peer 1002.
[2025/12/03 14:06:24] Peer 1001 received the 'have' message from Peer 1002 for the piece 1037.
[2025/12/03 14:06:24] Peer 1001 sent 'piece' message for piece 1038 to Peer 1002.
[2025/12/03 14:06:24] Peer 1001 received the 'have' message from Peer 1002 for the piece 1038.
[2025/12/03 14:06:24] Peer 1001 sent 'piece' message for piece 1039 to Peer 1002.
[2025/12/03 14:06:24] Peer 1001 received the 'have' message from Peer 1002 for the piece 1039.
[2025/12/03 14:06:24] Peer 1001 sent 'piece' message for piece 1040 to Peer 1002.
[2025/12/03 14:06:24] Peer 1001 received the 'have' message from Peer 1002 for the piece 1040.
[2025/12/03 14:06:24] Peer 1001 sent 'piece' message for piece 1041 to Peer 1002.
[2025/12/03 14:06:24] Peer 1001 received the 'have' message from Peer 1002 for the piece 1041.
[2025/12/03 14:06:24] Peer 1001 sent 'piece' message for piece 1042 to Peer 1002.
[2025/12/03 14:06:24] Peer 1001 received the 'have' message from Peer 1002 for the piece 1042.
[2025/12/03 14:06:24] Peer 1001 sent 'piece' message for piece 1043 to Peer 1002.
[2025/12/03 14:06:24] Peer 1001 received the 'have' message from Peer 1002 for the piece 1043.
[2025/12/03 14:06:24] Peer 1001 sent 'piece' message for piece 1044 to Peer 1002.
[2025/12/03 14:06:24] Peer 1001 received the 'have' message from Peer 1002 for the piece 1044.
[2025/12/03 14:06:24] Peer 1001 sent 'piece' message for piece 1045 to Peer 1002.
[2025/12/03 14:06:24] Peer 1001 received the 'have' message from Peer 1002 for the piece 1045.
[2025/12/03 14:06:24] Peer 1001 sent 'piece' message for piece 1046 to Peer 1002.
[2025/12/03 14:06:24] Peer 1001 received the 'have' message from Peer 1002 for the piece 1046.
[2025/12/03 14:06:24] Peer 1001 sent 'piece' message for piece 1047 to Peer 1002.
[2025/12/03 14:06:24] Peer 1001 received the 'have' message from Peer 1002 for the piece 1047.
[2025/12/03 14:06:24] Peer 1001 sent 'piece' message for piece 1048 to Peer 1002.
[2025/12/03 14:06:24] Peer 1001 received the 'have' message from Peer 1002 for the piece 1048.
[2025/12/03 14:06:24] Peer 1001 sent 'piece' message for piece 1049 to Peer 1002.
[2025/12/03 14:06:24] Peer 1001 received the 'have' message from Peer 1002 for the piece 1049.
[2025/12/03 14:06:24] Peer 1001 sent 'piece' message for piece 1050 to Peer 1002.
[2025/12/03 14:06:24] Peer 1001 received the 'have' message from Peer 1002 for the piece 1050.
[2025/12/03 14:06:24] Peer 1001 sent 'piece' message for piece 1051 to Peer 1002.
[2025/12/03 14:06:24] Peer 1001 received the 'have' message from Peer 1002 for the piece 1051.
[2025/12/03 14:06:24] Peer 1001 sent 'piece' message for piece 1052 to Peer 1002.
[2025/12/03 14:06:24] Peer 1001 received the 'have' message from Peer 1002 for the piece 1052.
[2025/12/03 14:06:24] Peer 1001 sent 'piece' message for piece 1053 to Peer 1002.
[2025/12/03 14:06:24] Peer 1001 received the 'have' message from Peer 1002 for the piece 1053.
[2025/12/03 14:06:24] Peer 1001 sent 'piece' message for piece 1054 to Peer 1002.
[2025/12/03 14:06:24] Peer 1001 received the 'have' message from Peer 1002 for the piece 1054.
[2025/12/03 14:06:24] Peer 1001 sent 'piece' message for piece 1055 to Peer 1002.
[2025/12/03 14:06:24] Peer 1001 received the 'have' message from Peer 1002 for the piece 1055.
[2025/12/03 14:06:24] Peer 1001 sent 'piece' message for piece 1056 to Peer 1002.
[2025/12/03 14:06:24] Peer 1001 received the 'have' message from Peer 1002 for the piece 1056.
[2025/12/03 14:06:24] Peer 1001 sent 'piece' message for piece 1057 to Peer 1002.
[2025/12/03 14:06:24] Peer 1001 received the 'have' message from Peer 1002 for the piece 1057.
[2025/12/03 14:06:24] Peer 1001 sent 'piece' message for piece 1058 to Peer 1002.
[2025/12/03 14:06:24] Peer 1001 received the 'have' message from Peer 1002 for the piece 1058.
[2025/12/03 14:06:24] Peer 1001 sent 'piece' message for piece 1059 to Peer 1002.
[2025/12/03 14:06:24] Peer 1001 received the 'have' message from Peer 1002 for the piece 1059.
[2025/12/03 14:06:24] Peer 1001 sent 'piece' message for piece 1060 to Peer 1002.
[2025/12/03 14:06:24] Peer 1001 received the 'have' message from Peer 1002 for the piece 1060.
[2025/12/03 14:06:24] Peer 1001 sent 'piece' message for piece 1061 to Peer 1002.
[2025/12/03 14:06:24] Peer 1001 received the 'have' message from Peer 1002 for the piece 1061.
[2025/12/03 14:06:24] Peer 1001 sent 'piece' message for piece 1062 to Peer 1002.
[2025/12/03 14:06:24] Peer 1001 received the 'have' message from Peer 1002 for the piece 1062.
[2025/12/03 14:06:24] Peer 1001 sent 'piece' message for piece 1063 to Peer 1002.
[2025/12/03 14:06:24] Peer 1001 received the 'have' message from Peer 1002 for the piece 1063.
[2025/12/03 14:06:24] Peer 1001 sent 'piece' message for piece 1064 to Peer 1002.
[2025/12/03 14:06:24] Peer 1001 received the 'have' message from Peer 1002 for the piece 1064.
[2025/12/03 14:06:24] Peer 1001 sent 'piece' message for piece 1065 to Peer 1002.
[2025/12/03 14:06:24] Peer 1001 received the 'have' message from Peer 1002 for the piece 1065.
[2025/12/03 14:06:24] Peer 1001 sent 'piece' message for piece 1066 to Peer 1002.
[2025/12/03 14:06:24] Peer 1001 received the 'have' message from Peer 1002 for the piece 1066.
[2025/12/03 14:06:24] Peer 1001 sent 'piece' message for piece 1067 to Peer 1002.
[2025/12/03 14:06:24] Peer 1001 received the 'have' message from Peer 1002 for the piece 1067.
[2025/12/03 14:06:24] Peer 1001 sent 'piece' message for piece 1068 to Peer 1002.
[2025/12/03 14:06:24] Peer 1001 received the 'have' message from Peer 1002 for the piece 1068.
[2025/12/03 14:06:24] Peer 1001 sent 'piece' message for piece 1069 to Peer 1002.
[2025/12/03 14:06:24] Peer 1001 received the 'have' message from Peer 1002 for the piece 1069.
[2025/12/03 14:06:24] Peer 1001 sent 'piece' message for piece 1070 to Peer 1002.
[2025/12/03 14:06:24] Peer 1001 received the 'have' message from Peer 1002 for the piece 1070.
[2025/12/03 14:06:24] Peer 1001 sent 'piece' message for piece 1071 to Peer 1002.
[2025/12/03 14:06:24] Peer 1001 received the 'have' message from Peer 1002 for the piece 1071.
[2025/12/03 14:06:24] Peer 1001 sent 'piece' message for piece 1072 to Peer 1002.
[2025/12/03 14:06:24] Peer 1001 received the 'have' message from Peer 1002 for the piece 1072.
[2025/12/03 14:06:24] Peer 1001 sent 'piece' message for piece 1073 to Peer 1002.
[2025/12/03 14:06:24] Peer 1001 received the 'have' message from Peer 1002 for the piece 1073.
[2025/12/03 14:06:24] Peer 1001 sent 'piece' message for piece 1074 to Peer 1002.
[2025/12/03 14:06:24] Peer 1001 received the 'have' message from Peer 1002 for the piece 1074.
[2025/12/03 14:06:24] Peer 1001 sent 'piece' message for piece 1075 to Peer 1002.
[2025/12/03 14:06:24] Peer 1001 received the 'have' message from Peer 1002 for the piece 1075.
[2025/12/03 14:06:24] Peer 1001 sent 'piece' message for piece 1076 to Peer 1002.
[2025/12/03 14:06:24] Peer 1001 received the 'have' message from Peer 1002 for the piece 1076.
[2025/12/03 14:06:24] Peer 1001 sent 'piece' message for piece 1077 to Peer 1002.
[2025/12/03 14:06:24] Peer 1001 received the 'have' message from Peer 1002 for the piece 1077.
[2025/12/03 14:06:24] Peer 1001 sent 'piece' message for piece 1078 to Peer 1002.
[2025/12/03 14:06:24] Peer 1001 received the 'have' message from Peer 1002 for the piece 1078.
[2025/12/03 14:06:24] Peer 1001 sent 'piece' message for piece 1079 to Peer 1002.
[2025/12/03 14:06:24] Peer 1001 received the 'have' message from Peer 1002 for the piece 1079.
[2025/12/03 14:06:24] Peer 1001 sent 'piece' message for piece 1080 to Peer 1002.
[2025/12/03 14:06:24] Peer 1001 received the 'have' message from Peer 1002 for the piece 1080.
[2025/12/03 14:06:24] Peer 1001 sent 'piece' message for piece 1081 to Peer 1002.
[2025/12/03 14:06:24] Peer 1001 received the 'have' message from Peer 1002 for the piece 1081.
[2025/12/03 14:06:24] Peer 1001 sent 'piece' message for piece 1082 to Peer 1002.
[2025/12/03 14:06:24] Peer 1001 received the 'have' message from Peer 1002 for the piece 1082.
[2025/12/03 14:06:24] Peer 1001 sent 'piece' message for piece 1083 to Peer 1002.
[2025/12/03 14:06:24] Peer 1001 received the 'have' message from Peer 1002 for the piece 1083.
[2025/12/03 14:06:24] Peer 1001 sent 'piece' message for piece 1084 to Peer 1002.
[2025/12/03 14:06:24] Peer 1001 received the 'have' message from Peer 1002 for the piece 1084.
[2025/12/03 14:06:24] Peer 1001 sent 'piece' message for piece 1085 to Peer 1002.
[2025/12/03 14:06:24] Peer 1001 received the 'have' message from Peer 1002 for the piece 1085.
[2025/12/03 14:06:24] Peer 1001 sent 'piece' message for piece 1086 to Peer 1002.
[2025/12/03 14:06:24] Peer 1001 received the 'have' message from Peer 1002 for the piece 1086.
[2025/12/03 14:06:24] Peer 1001 sent 'piece' message for piece 1087 to Peer 1002.
[2025/12/03 14:06:24] Peer 1001 received the 'have' message from Peer 1002 for the piece 1087.
[2025/12/03 14:06:24] Peer 1001 sent 'piece' message for piece 1088 to Peer 1002.
[2025/12/03 14:06:24] Peer 1001 received the 'have' message from Peer 1002 for the piece 1088.
[2025/12/03 14:06:24] Peer 1001 sent 'piece' message for piece 1089 to Peer 1002.
[2025/12/03 14:06:24] Peer 1001 received the 'have' message from Peer 1002 for the piece 1089.
[2025/12/03 14:06:24] Peer 1001 sent 'piece' message for piece 1090 to Peer 1002.
[2025/12/03 14:06:24] Peer 1001 received the 'have' message from Peer 1002 for the piece 1090.
[2025/12/03 14:06:24] Peer 1001 sent 'piece' message for piece 1091 to Peer 1002.
[2025/12/03 14:06:24] Peer 1001 received the 'have' message from Peer 1002 for the piece 1091.
[2025/12/03 14:06:24] Peer 1001 sent 'piece' message for piece 1092 to Peer 1002.
[2025/12/03 14:06:24] Peer 1001 received the 'have' message from Peer 1002 for the piece 1092.
[2025/12/03 14:06:24] Peer 1001 sent 'piece' message for piece 1093 to Peer 1002.
[2025/12/03 14:06:24] Peer 1001 received the 'have' message from Peer 1002 for the piece 1093.
[2025/12/03 14:06:24] Peer 1001 sent 'piece' message for piece 1094 to Peer 1002.
[2025/12/03 14:06:24] Peer 1001 received the 'have' message from Peer 1002 for the piece 1094.
[2025/12/03 14:06:24] Peer 1001 sent 'piece' message for piece 1095 to Peer 1002.
[2025/12/03 14:06:24] Peer 1001 received the 'have' message from Peer 1002 for the piece 1095.
[2025/12/03 14:06:24] Peer 1001 sent 'piece' message for piece 1096 to Peer 1002.
[2025/12/03 14:06:24] Peer 1001 received the 'have' message from Peer 1002 for the piece 1096.
[2025/12/03 14:06:24] Peer 1001 sent 'piece' message for piece 1097 to Peer 1002.
[2025/12/03 14:06:24] Peer 1001 received the 'have' message from Peer 1002 for the piece 1097.
[2025/12/03 14:06:24] Peer 1001 sent 'piece' message for piece 1098 to Peer 1002.
[2025/12/03 14:06:24] Peer 1001 received the 'have' message from Peer 1002 for the piece 1098.
[2025/12/03 14:06:24] Peer 1001 sent 'piece' message for piece 1099 to Peer 1002.
[2025/12/03 14:06:24] Peer 1001 received the 'have' message from Peer 1002 for the piece 1099.
[2025/12/03 14:06:24] Peer 1001 sent 'piece' message for piece 1100 to Peer 1002.
[2025/12/03 14:06:24] Peer 1001 received the 'have' message from Peer 1002 for the piece 1100.
[2025/12/03 14:06:24] Peer 1001 sent 'piece' message for piece 1101 to Peer 1002.
[2025/12/03 14:06:24] Peer 1001 received the 'have' message from Peer 1002 for the piece 1101.
[2025/12/03 14:06:24] Peer 1001 sent 'piece' message for piece 1102 to Peer 1002.
[2025/12/03 14:06:24] Peer 1001 received the 'have' message from Peer 1002 for the piece 1102.
[2025/12/03 14:06:24] Peer 1001 sent 'piece' message for piece 1103 to Peer 1002.
[2025/12/03 14:06:24] Peer 1001 received the 'have' message from Peer 1002 for the piece 1103.
[2025/12/03 14:06:24] Peer 1001 sent 'piece' message for piece 1104 to Peer 1002.
[2025/12/03 14:06:24] Peer 1001 received the 'have' message from Peer 1002 for the piece 1104.
[2025/12/03 14:06:24] Peer 1001 sent 'piece' message for piece 1105 to Peer 1002.
[2025/12/03 14:06:24] Peer 1001 received the 'have' message from Peer 1002 for the piece 1105.
[2025/12/03 14:06:24] Peer 1001 sent 'piece' message for piece 1106 to Peer 1002.
[2025/12/03 14:06:24] Peer 1001 received the 'have' message from Peer 1002 for the piece 1106.
[2025/12/03 14:06:24] Peer 1001 sent 'piece' message for piece 1107 to Peer 1002.
[2025/12/03 14:06:24] Peer 1001 received the 'have' message from Peer 1002 for the piece 1107.
[2025/12/03 14:06:24] Peer 1001 sent 'piece' message for piece 1108 to Peer 1002.
[2025/12/03 14:06:24] Peer 1001 received the 'have' message from Peer 1002 for the piece 1108.
[2025/12/03 14:06:24] Peer 1001 sent 'piece' message for piece 1109 to Peer 1002.
[2025/12/03 14:06:24] Peer 1001 received the 'have' message from Peer 1002 for the piece 1109.
[2025/12/03 14:06:24] Peer 1001 sent 'piece' message for piece 1110 to Peer 1002.
[2025/12/03 14:06:24] Peer 1001 received the 'have' message from Peer 1002 for the piece 1110.
[2025/12/03 14:06:24] Peer 1001 sent 'piece' message for piece 1111 to Peer 1002.
[2025/12/03 14:06:24] Peer 1001 received the 'have' message from Peer 1002 for the piece 1111.
[2025/12/03 14:06:24] Peer 1001 sent 'piece' message for piece 1112 to Peer 1002.
[2025/12/03 14:06:24] Peer 1001 received the 'have' message from Peer 1002 for the piece 1112.
[2025/12/03 14:06:24] Peer 1001 sent 'piece' message for piece 1113 to Peer 1002.
[2025/12/03 14:06:24] Peer 1001 received the 'have' message from Peer 1002 for the piece 1113.
[2025/12/03 14:06:24] Peer 1001 sent 'piece' message for piece 1114 to Peer 1002.
[2025/12/03 14:06:24] Peer 1001 received the 'have' message from Peer 1002 for the piece 1114.
[2025/12/03 14:06:24] Peer 1001 sent 'piece' message for piece 1115 to Peer 1002.
[2025/12/03 14:06:24] Peer 1001 received the 'have' message from Peer 1002 for the piece 1115.
[2025/12/03 14:06:24] Peer 1001 sent 'piece' message for piece 1116 to Peer 1002.
[2025/12/03 14:06:24] Peer 1001 received the 'have' message from Peer 1002 for the piece 1116.
[2025/12/03 14:06:24] Peer 1001 sent 'piece' message for piece 1117 to Peer 1002.
[2025/12/03 14:06:24] Peer 1001 received the 'have' message from Peer 1002 for the piece 1117.
[2025/12/03 14:06:24] Peer 1001 sent 'piece' message for piece 1118 to Peer 1002.
[2025/12/03 14:06:24] Peer 1001 received the 'have' message from Peer 1002 for the piece 1118.
[2025/12/03 14:06:24] Peer 1001 sent 'piece' message for piece 1119 to Peer 1002.
[2025/12/03 14:06:24] Peer 1001 received the 'have' message from Peer 1002 for the piece 1119.
[2025/12/03 14:06:24] Peer 1001 sent 'piece' message for piece 1120 to Peer 1002.
[2025/12/03 14:06:24] Peer 1001 received the 'have' message from Peer 1002 for the piece 1120.
[2025/12/03 14:06:24] Peer 1001 sent 'piece' message for piece 1121 to Peer 1002.
[2025/12/03 14:06:24] Peer 1001 received the 'have' message from Peer 1002 for the piece 1121.
[2025/12/03 14:06:24] Peer 1001 sent 'piece' message for piece 1122 to Peer 1002.
[2025/12/03 14:06:24] Peer 1001 received the 'have' message from Peer 1002 for the piece 1122.
[2025/12/03 14:06:24] Peer 1001 sent 'piece' message for piece 1123 to Peer 1002.
[2025/12/03 14:06:24] Peer 1001 received the 'have' message from Peer 1002 for the piece 1123.
[2025/12/03 14:06:24] Peer 1001 sent 'piece' message for piece 1124 to Peer 1002.
[2025/12/03 14:06:24] Peer 1001 received the 'have' message from Peer 1002 for the piece 1124.
[2025/12/03 14:06:24] Peer 1001 sent 'piece' message for piece 1125 to Peer 1002.
[2025/12/03 14:06:24] Peer 1001 received the 'have' message from Peer 1002 for the piece 1125.
[2025/12/03 14:06:24] Peer 1001 sent 'piece' message for piece 1126 to Peer 1002.
[2025/12/03 14:06:24] Peer 1001 received the 'have' message from Peer 1002 for the piece 1126.
[2025/12/03 14:06:24] Peer 1001 sent 'piece' message for piece 1127 to Peer 1002.
[2025/12/03 14:06:24] Peer 1001 received the 'have' message from Peer 1002 for the piece 1127.
[2025/12/03 14:06:24] Peer 1001 sent 'piece' message for piece 1128 to Peer 1002.
[2025/12/03 14:06:24] Peer 1001 received the 'have' message from Peer 1002 for the piece 1128.
[2025/12/03 14:06:24] Peer 1001 sent 'piece' message for piece 1129 to Peer 1002.
[2025/12/03 14:06:24] Peer 1001 received the 'have' message from Peer 1002 for the piece 1129.
[2025/12/03 14:06:24] Peer 1001 sent 'piece' message for piece 1130 to Peer 1002.
[2025/12/03 14:06:24] Peer 1001 received the 'have' message from Peer 1002 for the piece 1130.
[2025/12/03 14:06:24] Peer 1001 sent 'piece' message for piece 1131 to Peer 1002.
[2025/12/03 14:06:24] Peer 1001 received the 'have' message from Peer 1002 for the piece 1131.
[2025/12/03 14:06:24] Peer 1001 sent 'piece' message for piece 1132 to Peer 1002.
[2025/12/03 14:06:24] Peer 1001 received the 'have' message from Peer 1002 for the piece 1132.
[2025/12/03 14:06:24] Peer 1001 sent 'piece' message for piece 1133 to Peer 1002.
[2025/12/03 14:06:24] Peer 1001 received the 'have' message from Peer 1002 for the piece 1133.
[2025/12/03 14:06:24] Peer 1001 sent 'piece' message for piece 1134 to Peer 1002.
[2025/12/03 14:06:24] Peer 1001 received the 'have' message from Peer 1002 for the piece 1134.
[2025/12/03 14:06:24] Peer 1001 sent 'piece' message for piece 1135 to Peer 1002.
[2025/12/03 14:06:24] Peer 1001 received the 'have' message from Peer 1002 for the piece 1135.
[2025/12/03 14:06:24] Peer 1001 sent 'piece' message for piece 1136 to Peer 1002.
[2025/12/03 14:06:24] Peer 1001 received the 'have' message from Peer 1002 for the piece 1136.
[2025/12/03 14:06:24] Peer 1001 sent 'piece' message for piece 1137 to Peer 1002.
[2025/12/03 14:06:24] Peer 1001 received the 'have' message from Peer 1002 for the piece 1137.
[2025/12/03 14:06:24] Peer 1001 sent 'piece' message for piece 1138 to Peer 1002.
[2025/12/03 14:06:24] Peer 1001 received the 'have' message from Peer 1002 for the piece 1138.
[2025/12/03 14:06:24] Peer 1001 sent 'piece' message for piece 1139 to Peer 1002.
[2025/12/03 14:06:24] Peer 1001 received the 'have' message from Peer 1002 for the piece 1139.
[2025/12/03 14:06:24] Peer 1001 sent 'piece' message for piece 1140 to Peer 1002.
[2025/12/03 14:06:24] Peer 1001 received the 'have' message from Peer 1002 for the piece 1140.
[2025/12/03 14:06:24] Peer 1001 sent 'piece' message for piece 1141 to Peer 1002.
[2025/12/03 14:06:24] Peer 1001 received the 'have' message from Peer 1002 for the piece 1141.
[2025/12/03 14:06:24] Peer 1001 sent 'piece' message for piece 1142 to Peer 1002.
[2025/12/03 14:06:24] Peer 1001 received the 'have' message from Peer 1002 for the piece 1142.
[2025/12/03 14:06:24] Peer 1001 sent 'piece' message for piece 1143 to Peer 1002.
[2025/12/03 14:06:24] Peer 1001 received the 'have' message from Peer 1002 for the piece 1143.
[2025/12/03 14:06:24] Peer 1001 sent 'piece' message for piece 1144 to Peer 1002.
[2025/12/03 14:06:24] Peer 1001 received the 'have' message from Peer 1002 for the piece 1144.
[2025/12/03 14:06:24] Peer 1001 sent 'piece' message for piece 1145 to Peer 1002.
[2025/12/03 14:06:24] Peer 1001 received the 'have' message from Peer 1002 for the piece 1145.
[2025/12/03 14:06:24] Peer 1001 sent 'piece' message for piece 1146 to Peer 1002.
[2025/12/03 14:06:24] Peer 1001 received the 'have' message from Peer 1002 for the piece 1146.
[2025/12/03 14:06:24] Peer 1001 sent 'piece' message for piece 1147 to Peer 1002.
[2025/12/03 14:06:24] Peer 1001 received the 'have' message from Peer 1002 for the piece 1147.
[2025/12/03 14:06:24] Peer 1001 sent 'piece' message for piece 1148 to Peer 1002.
[2025/12/03 14:06:24] Peer 1001 received the 'have' message from Peer 1002 for the piece 1148.
[2025/12/03 14:06:24] Peer 1001 sent 'piece' message for piece 1149 to Peer 1002.
[2025/12/03 14:06:24] Peer 1001 received the 'have' message from Peer 1002 for the piece 1149.
[2025/12/03 14:06:24] Peer 1001 sent 'piece' message for piece 1150 to Peer 1002.
[2025/12/03 14:06:24] Peer 1001 received the 'have' message from Peer 1002 for the piece 1150.
[2025/12/03 14:06:24] Peer 1001 sent 'piece' message for piece 1151 to Peer 1002.
[2025/12/03 14:06:24] Peer 1001 received the 'have' message from Peer 1002 for the piece 1151.
[2025/12/03 14:06:24] Peer 1001 sent 'piece' message for piece 1152 to Peer 1002.
[2025/12/03 14:06:24] Peer 1001 received the 'have' message from Peer 1002 for the piece 1152.
[2025/12/03 14:06:24] Peer 1001 sent 'piece' message for piece 1153 to Peer 1002.
[2025/12/03 14:06:24] Peer 1001 received the 'have' message from Peer 1002 for the piece 1153.
[2025/12/03 14:06:24] Peer 1001 sent 'piece' message for piece 1154 to Peer 1002.
[2025/12/03 14:06:24] Peer 1001 received the 'have' message from Peer 1002 for the piece 1154.
[2025/12/03 14:06:24] Peer 1001 sent 'piece' message for piece 1155 to Peer 1002.
[2025/12/03 14:06:24] Peer 1001 received the 'have' message from Peer 1002 for the piece 1155.
[2025/12/03 14:06:24] Peer 1001 sent 'piece' message for piece 1156 to Peer 1002.
[2025/12/03 14:06:24] Peer 1001 received the 'have' message from Peer 1002 for the piece 1156.
[2025/12/03 14:06:24] Peer 1001 sent 'piece' message for piece 1157 to Peer 1002.
[2025/12/03 14:06:24] Peer 1001 received the 'have' message from Peer 1002 for the piece 1157.
[2025/12/03 14:06:24] Peer 1001 sent 'piece' message for piece 1158 to Peer 1002.
[2025/12/03 14:06:24] Peer 1001 received the 'have' message from Peer 1002 for the piece 1158.
[2025/12/03 14:06:24] Peer 1001 sent 'piece' message for piece 1159 to Peer 1002.
[2025/12/03 14:06:24] Peer 1001 received the 'have' message from Peer 1002 for the piece 1159.
[2025/12/03 14:06:24] Peer 1001 sent 'piece' message for piece 1160 to Peer 1002.
[2025/12/03 14:06:24] Peer 1001 received the 'have' message from Peer 1002 for the piece 1160.
[2025/12/03 14:06:24] Peer 1001 sent 'piece' message for piece 1161 to Peer 1002.
[2025/12/03 14:06:24] Peer 1001 received the 'have' message from Peer 1002 for the piece 1161.
[2025/12/03 14:06:24] Peer 1001 sent 'piece' message for piece 1162 to Peer 1002.
[2025/12/03 14:06:24] Peer 1001 received the 'have' message from Peer 1002 for the piece 1162.
[2025/12/03 14:06:24] Peer 1001 sent 'piece' message for piece 1163 to Peer 1002.
[2025/12/03 14:06:24] Peer 1001 received the 'have' message from Peer 1002 for the piece 1163.
[2025/12/03 14:06:24] Peer 1001 sent 'piece' message for piece 1164 to Peer 1002.
[2025/12/03 14:06:24] Peer 1001 received the 'have' message from Peer 1002 for the piece 1164.
[2025/12/03 14:06:24] Peer 1001 sent 'piece' message for piece 1165 to Peer 1002.
[2025/12/03 14:06:24] Peer 1001 received the 'have' message from Peer 1002 for the piece 1165.
[2025/12/03 14:06:24] Peer 1001 sent 'piece' message for piece 1166 to Peer 1002.
[2025/12/03 14:06:24] Peer 1001 received the 'have' message from Peer 1002 for the piece 1166.
[2025/12/03 14:06:24] Peer 1001 sent 'piece' message for piece 1167 to Peer 1002.
[2025/12/03 14:06:24] Peer 1001 received the 'have' message from Peer 1002 for the piece 1167.
[2025/12/03 14:06:24] Peer 1001 sent 'piece' message for piece 1168 to Peer 1002.
[2025/12/03 14:06:24] Peer 1001 received the 'have' message from Peer 1002 for the piece 1168.
[2025/12/03 14:06:24] Peer 1001 sent 'piece' message for piece 1169 to Peer 1002.
[2025/12/03 14:06:24] Peer 1001 received the 'have' message from Peer 1002 for the piece 1169.
[2025/12/03 14:06:24] Peer 1001 sent 'piece' message for piece 1170 to Peer 1002.
[2025/12/03 14:06:24] Peer 1001 received the 'have' message from Peer 1002 for the piece 1170.
[2025/12/03 14:06:24] Peer 1001 sent 'piece' message for piece 1171 to Peer 1002.
[2025/12/03 14:06:24] Peer 1001 received the 'have' message from Peer 1002 for the piece 1171.
[2025/12/03 14:06:24] Peer 1001 sent 'piece' message for piece 1172 to Peer 1002.
[2025/12/03 14:06:24] Peer 1001 received the 'have' message from Peer 1002 for the piece 1172.
[2025/12/03 14:06:24] Peer 1001 sent 'piece' message for piece 1173 to Peer 1002.
[2025/12/03 14:06:24] Peer 1001 received the 'have' message from Peer 1002 for the piece 1173.
[2025/12/03 14:06:24] Peer 1001 sent 'piece' message for piece 1174 to Peer 1002.
[2025/12/03 14:06:24] Peer 1001 received the 'have' message from Peer 1002 for the piece 1174.
[2025/12/03 14:06:24] Peer 1001 sent 'piece' message for piece 1175 to Peer 1002.
[2025/12/03 14:06:24] Peer 1001 received the 'have' message from Peer 1002 for the piece 1175.
[2025/12/03 14:06:24] Peer 1001 sent 'piece' message for piece 1176 to Peer 1002.
[2025/12/03 14:06:24] Peer 1001 received the 'have' message from Peer 1002 for the piece 1176.
[2025/12/03 14:06:24] Peer 1001 sent 'piece' message for piece 1177 to Peer 1002.
[2025/12/03 14:06:24] Peer 1001 received the 'have' message from Peer 1002 for the piece 1177.
[2025/12/03 14:06:24] Peer 1001 sent 'piece' message for piece 1178 to Peer 1002.
[2025/12/03 14:06:24] Peer 1001 received the 'have' message from Peer 1002 for the piece 1178.
[2025/12/03 14:06:24] Peer 1001 sent 'piece' message for piece 1179 to Peer 1002.
[2025/12/03 14:06:24] Peer 1001 received the 'have' message from Peer 1002 for the piece 1179.
[2025/12/03 14:06:24] Peer 1001 sent 'piece' message for piece 1180 to Peer 1002.
[2025/12/03 14:06:24] Peer 1001 received the 'have' message from Peer 1002 for the piece 1180.
[2025/12/03 14:06:24] Peer 1001 sent 'piece' message for piece 1181 to Peer 1002.
[2025/12/03 14:06:24] Peer 1001 received the 'have' message from Peer 1002 for the piece 1181.
[2025/12/03 14:06:24] Peer 1001 sent 'piece' message for piece 1182 to Peer 1002.
[2025/12/03 14:06:24] Peer 1001 received the 'have' message from Peer 1002 for the piece 1182.
[2025/12/03 14:06:24] Peer 1001 sent 'piece' message for piece 1183 to Peer 1002.
[2025/12/03 14:06:24] Peer 1001 received the 'have' message from Peer 1002 for the piece 1183.
[2025/12/03 14:06:24] Peer 1001 sent 'piece' message for piece 1184 to Peer 1002.
[2025/12/03 14:06:24] Peer 1001 received the 'have' message from Peer 1002 for the piece 1184.
[2025/12/03 14:06:24] Peer 1001 sent 'piece' message for piece 1185 to Peer 1002.
[2025/12/03 14:06:24] Peer 1001 received the 'have' message from Peer 1002 for the piece 1185.
[2025/12/03 14:06:24] Peer 1001 sent 'piece' message for piece 1186 to Peer 1002.
[2025/12/03 14:06:24] Peer 1001 received the 'have' message from Peer 1002 for the piece 1186.
[2025/12/03 14:06:24] Peer 1001 sent 'piece' message for piece 1187 to Peer 1002.
[2025/12/03 14:06:24] Peer 1001 received the 'have' message from Peer 1002 for the piece 1187.
[2025/12/03 14:06:24] Peer 1001 sent 'piece' message for piece 1188 to Peer 1002.
[2025/12/03 14:06:24] Peer 1001 received the 'have' message from Peer 1002 for the piece 1188.
[2025/12/03 14:06:24] Peer 1001 sent 'piece' message for piece 1189 to Peer 1002.
[2025/12/03 14:06:24] Peer 1001 received the 'have' message from Peer 1002 for the piece 1189.
[2025/12/03 14:06:24] Peer 1001 sent 'piece' message for piece 1190 to Peer 1002.
[2025/12/03 14:06:24] Peer 1001 received the 'have' message from Peer 1002 for the piece 1190.
[2025/12/03 14:06:24] Peer 1001 sent 'piece' message for piece 1191 to Peer 1002.
[2025/12/03 14:06:24] Peer 1001 received the 'have' message from Peer 1002 for the piece 1191.
[2025/12/03 14:06:24] Peer 1001 sent 'piece' message for piece 1192 to Peer 1002.
[2025/12/03 14:06:24] Peer 1001 received the 'have' message from Peer 1002 for the piece 1192.
[2025/12/03 14:06:24] Peer 1001 sent 'piece' message for piece 1193 to Peer 1002.
[2025/12/03 14:06:24] Peer 1001 received the 'have' message from Peer 1002 for the piece 1193.
[2025/12/03 14:06:24] Peer 1001 sent 'piece' message for piece 1194 to Peer 1002.
[2025/12/03 14:06:24] Peer 1001 received the 'have' message from Peer 1002 for the piece 1194.
[2025/12/03 14:06:24] Peer 1001 sent 'piece' message for piece 1195 to Peer 1002.
[2025/12/03 14:06:24] Peer 1001 received the 'have' message from Peer 1002 for the piece 1195.
[2025/12/03 14:06:24] Peer 1001 sent 'piece' message for piece 1196 to Peer 1002.
[2025/12/03 14:06:24] Peer 1001 received the 'have' message from Peer 1002 for the piece 1196.
[2025/12/03 14:06:24] Peer 1001 sent 'piece' message for piece 1197 to Peer 1002.
[2025/12/03 14:06:24] Peer 1001 received the 'have' message from Peer 1002 for the piece 1197.
[2025/12/03 14:06:24] Peer 1001 sent 'piece' message for piece 1198 to Peer 1002.
[2025/12/03 14:06:24] Peer 1001 received the 'have' message from Peer 1002 for the piece 1198.
[2025/12/03 14:06:24] Peer 1001 sent 'piece' message for piece 1199 to Peer 1002.
[2025/12/03 14:06:24] Peer 1001 received the 'have' message from Peer 1002 for the piece 1199.
[2025/12/03 14:06:24] Peer 1001 sent 'piece' message for piece 1200 to Peer 1002.
[2025/12/03 14:06:24] Peer 1001 received the 'have' message from Peer 1002 for the piece 1200.
[2025/12/03 14:06:24] Peer 1001 sent 'piece' message for piece 1201 to Peer 1002.
[2025/12/03 14:06:24] Peer 1001 received the 'have' message from Peer 1002 for the piece 1201.
[2025/12/03 14:06:24] Peer 1001 sent 'piece' message for piece 1202 to Peer 1002.
[2025/12/03 14:06:24] Peer 1001 received the 'have' message from Peer 1002 for the piece 1202.
[2025/12/03 14:06:24] Peer 1001 sent 'piece' message for piece 1203 to Peer 1002.
[2025/12/03 14:06:24] Peer 1001 received the 'have' message from Peer 1002 for the piece 1203.
[2025/12/03 14:06:24] Peer 1001 sent 'piece' message for piece 1204 to Peer 1002.
[2025/12/03 14:06:24] Peer 1001 received the 'have' message from Peer 1002 for the piece 1204.
[2025/12/03 14:06:24] Peer 1001 sent 'piece' message for piece 1205 to Peer 1002.
[2025/12/03 14:06:24] Peer 1001 received the 'have' message from Peer 1002 for the piece 1205.
[2025/12/03 14:06:24] Peer 1001 sent 'piece' message for piece 1206 to Peer 1002.
[2025/12/03 14:06:24] Peer 1001 received the 'have' message from Peer 1002 for the piece 1206.
[2025/12/03 14:06:24] Peer 1001 sent 'piece' message for piece 1207 to Peer 1002.
[2025/12/03 14:06:24] Peer 1001 received the 'have' message from Peer 1002 for the piece 1207.
[2025/12/03 14:06:24] Peer 1001 sent 'piece' message for piece 1208 to Peer 1002.
[2025/12/03 14:06:24] Peer 1001 received the 'have' message from Peer 1002 for the piece 1208.
[2025/12/03 14:06:24] Peer 1001 sent 'piece' message for piece 1209 to Peer 1002.
[2025/12/03 14:06:24] Peer 1001 received the 'have' message from Peer 1002 for the piece 1209.
[2025/12/03 14:06:24] Peer 1001 sent 'piece' message for piece 1210 to Peer 1002.
[2025/12/03 14:06:24] Peer 1001 received the 'have' message from Peer 1002 for the piece 1210.
[2025/12/03 14:06:24] Peer 1001 sent 'piece' message for piece 1211 to Peer 1002.
[2025/12/03 14:06:24] Peer 1001 received the 'have' message from Peer 1002 for the piece 1211.
[2025/12/03 14:06:24] Peer 1001 sent 'piece' message for piece 1212 to Peer 1002.
[2025/12/03 14:06:24] Peer 1001 received the 'have' message from Peer 1002 for the piece 1212.
[2025/12/03 14:06:24] Peer 1001 sent 'piece' message for piece 1213 to Peer 1002.
[2025/12/03 14:06:24] Peer 1001 received the 'have' message from Peer 1002 for the piece 1213.
[2025/12/03 14:06:24] Peer 1001 sent 'piece' message for piece 1214 to Peer 1002.
[2025/12/03 14:06:24] Peer 1001 received the 'have' message from Peer 1002 for the piece 1214.
[2025/12/03 14:06:24] Peer 1001 sent 'piece' message for piece 1215 to Peer 1002.
[2025/12/03 14:06:24] Peer 1001 received the 'have' message from Peer 1002 for the piece 1215.
[2025/12/03 14:06:24] Peer 1001 sent 'piece' message for piece 1216 to Peer 1002.
[2025/12/03 14:06:24] Peer 1001 received the 'have' message from Peer 1002 for the piece 1216.
[2025/12/03 14:06:24] Peer 1001 sent 'piece' message for piece 1217 to Peer 1002.
[2025/12/03 14:06:24] Peer 1001 received the 'have' message from Peer 1002 for the piece 1217.
[2025/12/03 14:06:24] Peer 1001 sent 'piece' message for piece 1218 to Peer 1002.
[2025/12/03 14:06:24] Peer 1001 received the 'have' message from Peer 1002 for the piece 1218.
[2025/12/03 14:06:24] Peer 1001 sent 'piece' message for piece 1219 to Peer 1002.
[2025/12/03 14:06:24] Peer 1001 received the 'have' message from Peer 1002 for the piece 1219.
[2025/12/03 14:06:24] Peer 1001 sent 'piece' message for piece 1220 to Peer 1002.
[2025/12/03 14:06:24] Peer 1001 received the 'have' message from Peer 1002 for the piece 1220.
[2025/12/03 14:06:24] Peer 1001 sent 'piece' message for piece 1221 to Peer 1002.
[2025/12/03 14:06:24] Peer 1001 received the 'have' message from Peer 1002 for the piece 1221.
[2025/12/03 14:06:24] Peer 1001 sent 'piece' message for piece 1222 to Peer 1002.
[2025/12/03 14:06:24] Peer 1001 received the 'have' message from Peer 1002 for the piece 1222.
[2025/12/03 14:06:24] Peer 1001 sent 'piece' message for piece 1223 to Peer 1002.
[2025/12/03 14:06:24] Peer 1001 received the 'have' message from Peer 1002 for the piece 1223.
[2025/12/03 14:06:24] Peer 1001 sent 'piece' message for piece 1224 to Peer 1002.
[2025/12/03 14:06:24] Peer 1001 received the 'have' message from Peer 1002 for the piece 1224.
[2025/12/03 14:06:24] Peer 1001 sent 'piece' message for piece 1225 to Peer 1002.
[2025/12/03 14:06:24] Peer 1001 received the 'have' message from Peer 1002 for the piece 1225.
[2025/12/03 14:06:24] Peer 1001 sent 'piece' message for piece 1226 to Peer 1002.
[2025/12/03 14:06:24] Peer 1001 received the 'have' message from Peer 1002 for the piece 1226.
[2025/12/03 14:06:24] Peer 1001 sent 'piece' message for piece 1227 to Peer 1002.
[2025/12/03 14:06:24] Peer 1001 received the 'have' message from Peer 1002 for the piece 1227.
[2025/12/03 14:06:24] Peer 1001 sent 'piece' message for piece 1228 to Peer 1002.
[2025/12/03 14:06:24] Peer 1001 received the 'have' message from Peer 1002 for the piece 1228.
[2025/12/03 14:06:24] Peer 1001 sent 'piece' message for piece 1229 to Peer 1002.
[2025/12/03 14:06:24] Peer 1001 received the 'have' message from Peer 1002 for the piece 1229.
[2025/12/03 14:06:24] Peer 1001 sent 'piece' message for piece 1230 to Peer 1002.
[2025/12/03 14:06:24] Peer 1001 received the 'have' message from Peer 1002 for the piece 1230.
[2025/12/03 14:06:24] Peer 1001 sent 'piece' message for piece 1231 to Peer 1002.
[2025/12/03 14:06:24] Peer 1001 received the 'have' message from Peer 1002 for the piece 1231.
[2025/12/03 14:06:24] Peer 1001 sent 'piece' message for piece 1232 to Peer 1002.
[2025/12/03 14:06:24] Peer 1001 received the 'have' message from Peer 1002 for the piece 1232.
[2025/12/03 14:06:24] Peer 1001 sent 'piece' message for piece 1233 to Peer 1002.
[2025/12/03 14:06:24] Peer 1001 received the 'have' message from Peer 1002 for the piece 1233.
[2025/12/03 14:06:24] Peer 1001 sent 'piece' message for piece 1234 to Peer 1002.
[2025/12/03 14:06:24] Peer 1001 received the 'have' message from Peer 1002 for the piece 1234.
[2025/12/03 14:06:24] Peer 1001 sent 'piece' message for piece 1235 to Peer 1002.
[2025/12/03 14:06:24] Peer 1001 received the 'have' message from Peer 1002 for the piece 1235.
[2025/12/03 14:06:24] Peer 1001 sent 'piece' message for piece 1236 to Peer 1002.
[2025/12/03 14:06:24] Peer 1001 received the 'have' message from Peer 1002 for the piece 1236.
[2025/12/03 14:06:24] Peer 1001 sent 'piece' message for piece 1237 to Peer 1002.
[2025/12/03 14:06:24] Peer 1001 received the 'have' message from Peer 1002 for the piece 1237.
[2025/12/03 14:06:24] Peer 1001 sent 'piece' message for piece 1238 to Peer 1002.
[2025/12/03 14:06:24] Peer 1001 received the 'have' message from Peer 1002 for the piece 1238.
[2025/12/03 14:06:24] Peer 1001 sent 'piece' message for piece 1239 to Peer 1002.
[2025/12/03 14:06:24] Peer 1001 received the 'have' message from Peer 1002 for the piece 1239.
[2025/12/03 14:06:24] Peer 1001 sent 'piece' message for piece 1240 to Peer 1002.
[2025/12/03 14:06:24] Peer 1001 received the 'have' message from Peer 1002 for the piece 1240.
[2025/12/03 14:06:24] Peer 1001 sent 'piece' message for piece 1241 to Peer 1002.
[2025/12/03 14:06:24] Peer 1001 received the 'have' message from Peer 1002 for the piece 1241.
[2025/12/03 14:06:24] Peer 1001 sent 'piece' message for piece 1242 to Peer 1002.
[2025/12/03 14:06:24] Peer 1001 received the 'have' message from Peer 1002 for the piece 1242.
[2025/12/03 14:06:24] Peer 1001 sent 'piece' message for piece 1243 to Peer 1002.
[2025/12/03 14:06:24] Peer 1001 received the 'have' message from Peer 1002 for the piece 1243.
[2025/12/03 14:06:24] Peer 1001 sent 'piece' message for piece 1244 to Peer 1002.
[2025/12/03 14:06:24] Peer 1001 received the 'have' message from Peer 1002 for the piece 1244.
[2025/12/03 14:06:24] Peer 1001 sent 'piece' message for piece 1245 to Peer 1002.
[2025/12/03 14:06:24] Peer 1001 received the 'have' message from Peer 1002 for the piece 1245.
[2025/12/03 14:06:24] Peer 1001 sent 'piece' message for piece 1246 to Peer 1002.
[2025/12/03 14:06:24] Peer 1001 received the 'have' message from Peer 1002 for the piece 1246.
[2025/12/03 14:06:24] Peer 1001 sent 'piece' message for piece 1247 to Peer 1002.
[2025/12/03 14:06:24] Peer 1001 received the 'have' message from Peer 1002 for the piece 1247.
[2025/12/03 14:06:24] Peer 1001 sent 'piece' message for piece 1248 to Peer 1002.
[2025/12/03 14:06:24] Peer 1001 received the 'have' message from Peer 1002 for the piece 1248.
[2025/12/03 14:06:24] Peer 1001 sent 'piece' message for piece 1249 to Peer 1002.
[2025/12/03 14:06:24] Peer 1001 received the 'have' message from Peer 1002 for the piece 1249.
[2025/12/03 14:06:24] Peer 1001 sent 'piece' message for piece 1250 to Peer 1002.
[2025/12/03 14:06:24] Peer 1001 received the 'have' message from Peer 1002 for the piece 1250.
[2025/12/03 14:06:24] Peer 1001 sent 'piece' message for piece 1251 to Peer 1002.
[2025/12/03 14:06:24] Peer 1001 received the 'have' message from Peer 1002 for the piece 1251.
[2025/12/03 14:06:24] Peer 1001 sent 'piece' message for piece 1252 to Peer 1002.
[2025/12/03 14:06:24] Peer 1001 received the 'have' message from Peer 1002 for the piece 1252.
[2025/12/03 14:06:24] Peer 1001 sent 'piece' message for piece 1253 to Peer 1002.
[2025/12/03 14:06:24] Peer 1001 received the 'have' message from Peer 1002 for the piece 1253.
[2025/12/03 14:06:24] Peer 1001 sent 'piece' message for piece 1254 to Peer 1002.
[2025/12/03 14:06:24] Peer 1001 received the 'have' message from Peer 1002 for the piece 1254.
[2025/12/03 14:06:24] Peer 1001 sent 'piece' message for piece 1255 to Peer 1002.
[2025/12/03 14:06:24] Peer 1001 received the 'have' message from Peer 1002 for the piece 1255.
[2025/12/03 14:06:24] Peer 1001 sent 'piece' message for piece 1256 to Peer 1002.
[2025/12/03 14:06:24] Peer 1001 received the 'have' message from Peer 1002 for the piece 1256.
[2025/12/03 14:06:24] Peer 1001 sent 'piece' message for piece 1257 to Peer 1002.
[2025/12/03 14:06:24] Peer 1001 received the 'have' message from Peer 1002 for the piece 1257.
[2025/12/03 14:06:24] Peer 1001 sent 'piece' message for piece 1258 to Peer 1002.
[2025/12/03 14:06:24] Peer 1001 received the 'have' message from Peer 1002 for the piece 1258.
[2025/12/03 14:06:24] Peer 1001 sent 'piece' message for piece 1259 to Peer 1002.
[2025/12/03 14:06:24] Peer 1001 received the 'have' message from Peer 1002 for the piece 1259.
[2025/12/03 14:06:24] Peer 1001 sent 'piece' message for piece 1260 to Peer 1002.
[2025/12/03 14:06:24] Peer 1001 received the 'have' message from Peer 1002 for the piece 1260.
[2025/12/03 14:06:24] Peer 1001 sent 'piece' message for piece 1261 to Peer 1002.
[2025/12/03 14:06:24] Peer 1001 received the 'have' message from Peer 1002 for the piece 1261.
[2025/12/03 14:06:24] Peer 1001 sent 'piece' message for piece 1262 to Peer 1002.
[2025/12/03 14:06:24] Peer 1001 received the 'have' message from Peer 1002 for the piece 1262.
[2025/12/03 14:06:24] Peer 1001 sent 'piece' message for piece 1263 to Peer 1002.
[2025/12/03 14:06:24] Peer 1001 received the 'have' message from Peer 1002 for the piece 1263.
[2025/12/03 14:06:24] Peer 1001 sent 'piece' message for piece 1264 to Peer 1002.
[2025/12/03 14:06:24] Peer 1001 received the 'have' message from Peer 1002 for the piece 1264.
[2025/12/03 14:06:24] Peer 1001 sent 'piece' message for piece 1265 to Peer 1002.
[2025/12/03 14:06:24] Peer 1001 received the 'have' message from Peer 1002 for the piece 1265.
[2025/12/03 14:06:24] Peer 1001 sent 'piece' message for piece 1266 to Peer 1002.
[2025/12/03 14:06:24] Peer 1001 received the 'have' message from Peer 1002 for the piece 1266.
[2025/12/03 14:06:24] Peer 1001 sent 'piece' message for piece 1267 to Peer 1002.
[2025/12/03 14:06:24] Peer 1001 received the 'have' message from Peer 1002 for the piece 1267.
[2025/12/03 14:06:24] Peer 1001 sent 'piece' message for piece 1268 to Peer 1002.
[2025/12/03 14:06:24] Peer 1001 received the 'have' message from Peer 1002 for the piece 1268.
[2025/12/03 14:06:24] Peer 1001 sent 'piece' message for piece 1269 to Peer 1002.
[2025/12/03 14:06:24] Peer 1001 received the 'have' message from Peer 1002 for the piece 1269.
[2025/12/03 14:06:24] Peer 1001 sent 'piece' message for piece 1270 to Peer 1002.
[2025/12/03 14:06:24] Peer 1001 received the 'have' message from Peer 1002 for the piece 1270.
[2025/12/03 14:06:24] Peer 1001 sent 'piece' message for piece 1271 to Peer 1002.
[2025/12/03 14:06:24] Peer 1001 received the 'have' message from Peer 1002 for the piece 1271.
[2025/12/03 14:06:24] Peer 1001 sent 'piece' message for piece 1272 to Peer 1002.
[2025/12/03 14:06:24] Peer 1001 received the 'have' message from Peer 1002 for the piece 1272.
[2025/12/03 14:06:24] Peer 1001 sent 'piece' message for piece 1273 to Peer 1002.
[2025/12/03 14:06:24] Peer 1001 received the 'have' message from Peer 1002 for the piece 1273.
[2025/12/03 14:06:24] Peer 1001 sent 'piece' message for piece 1274 to Peer 1002.
[2025/12/03 14:06:24] Peer 1001 received the 'have' message from Peer 1002 for the piece 1274.
[2025/12/03 14:06:24] Peer 1001 sent 'piece' message for piece 1275 to Peer 1002.
[2025/12/03 14:06:24] Peer 1001 received the 'have' message from Peer 1002 for the piece 1275.
[2025/12/03 14:06:24] Peer 1001 sent 'piece' message for piece 1276 to Peer 1002.
[2025/12/03 14:06:24] Peer 1001 received the 'have' message from Peer 1002 for the piece 1276.
[2025/12/03 14:06:24] Peer 1001 sent 'piece' message for piece 1277 to Peer 1002.
[2025/12/03 14:06:24] Peer 1001 received the 'have' message from Peer 1002 for the piece 1277.
[2025/12/03 14:06:24] Peer 1001 sent 'piece' message for piece 1278 to Peer 1002.
[2025/12/03 14:06:24] Peer 1001 received the 'have' message from Peer 1002 for the piece 1278.
[2025/12/03 14:06:24] Peer 1001 sent 'piece' message for piece 1279 to Peer 1002.
[2025/12/03 14:06:24] Peer 1001 received the 'have' message from Peer 1002 for the piece 1279.
[2025/12/03 14:06:24] Peer 1001 sent 'piece' message for piece 1280 to Peer 1002.
[2025/12/03 14:06:24] Peer 1001 received the 'have' message from Peer 1002 for the piece 1280.
[2025/12/03 14:06:24] Peer 1001 sent 'piece' message for piece 1281 to Peer 1002.
[2025/12/03 14:06:24] Peer 1001 received the 'have' message from Peer 1002 for the piece 1281.
[2025/12/03 14:06:24] Peer 1001 sent 'piece' message for piece 1282 to Peer 1002.
[2025/12/03 14:06:24] Peer 1001 received the 'have' message from Peer 1002 for the piece 1282.
[2025/12/03 14:06:24] Peer 1001 sent 'piece' message for piece 1283 to Peer 1002.
[2025/12/03 14:06:24] Peer 1001 received the 'have' message from Peer 1002 for the piece 1283.
[2025/12/03 14:06:24] Peer 1001 sent 'piece' message for piece 1284 to Peer 1002.
[2025/12/03 14:06:24] Peer 1001 received the 'have' message from Peer 1002 for the piece 1284.
[2025/12/03 14:06:24] Peer 1001 sent 'piece' message for piece 1285 to Peer 1002.
[2025/12/03 14:06:24] Peer 1001 received the 'have' message from Peer 1002 for the piece 1285.
[2025/12/03 14:06:24] Peer 1001 sent 'piece' message for piece 1286 to Peer 1002.
[2025/12/03 14:06:24] Peer 1001 received the 'have' message from Peer 1002 for the piece 1286.
[2025/12/03 14:06:24] Peer 1001 sent 'piece' message for piece 1287 to Peer 1002.
[2025/12/03 14:06:24] Peer 1001 received the 'have' message from Peer 1002 for the piece 1287.
[2025/12/03 14:06:24] Peer 1001 sent 'piece' message for piece 1288 to Peer 1002.
[2025/12/03 14:06:24] Peer 1001 received the 'have' message from Peer 1002 for the piece 1288.
[2025/12/03 14:06:24] Peer 1001 sent 'piece' message for piece 1289 to Peer 1002.
[2025/12/03 14:06:24] Peer 1001 received the 'have' message from Peer 1002 for the piece 1289.
[2025/12/03 14:06:24] Peer 1001 sent 'piece' message for piece 1290 to Peer 1002.
[2025/12/03 14:06:24] Peer 1001 received the 'have' message from Peer 1002 for the piece 1290.
[2025/12/03 14:06:24] Peer 1001 sent 'piece' message for piece 1291 to Peer 1002.
[2025/12/03 14:06:24] Peer 1001 received the 'have' message from Peer 1002 for the piece 1291.
[2025/12/03 14:06:24] Peer 1001 sent 'piece' message for piece 1292 to Peer 1002.
[2025/12/03 14:06:24] Peer 1001 received the 'have' message from Peer 1002 for the piece 1292.
[2025/12/03 14:06:24] Peer 1001 sent 'piece' message for piece 1293 to Peer 1002.
[2025/12/03 14:06:24] Peer 1001 received the 'have' message from Peer 1002 for the piece 1293.
[2025/12/03 14:06:24] Peer 1001 sent 'piece' message for piece 1294 to Peer 1002.
[2025/12/03 14:06:24] Peer 1001 received the 'have' message from Peer 1002 for the piece 1294.
[2025/12/03 14:06:24] Peer 1001 sent 'piece' message for piece 1295 to Peer 1002.
[2025/12/03 14:06:24] Peer 1001 received the 'have' message from Peer 1002 for the piece 1295.
[2025/12/03 14:06:24] Peer 1001 sent 'piece' message for piece 1296 to Peer 1002.
[2025/12/03 14:06:24] Peer 1001 received the 'have' message from Peer 1002 for the piece 1296.
[2025/12/03 14:06:24] Peer 1001 sent 'piece' message for piece 1297 to Peer 1002.
[2025/12/03 14:06:24] Peer 1001 received the 'have' message from Peer 1002 for the piece 1297.
[2025/12/03 14:06:24] Peer 1001 sent 'piece' message for piece 1298 to Peer 1002.
[2025/12/03 14:06:24] Peer 1001 received the 'have' message from Peer 1002 for the piece 1298.
[2025/12/03 14:06:24] Peer 1001 sent 'piece' message for piece 1299 to Peer 1002.
[2025/12/03 14:06:24] Peer 1001 received the 'have' message from Peer 1002 for the piece 1299.
[2025/12/03 14:06:24] Peer 1001 sent 'piece' message for piece 1300 to Peer 1002.
[2025/12/03 14:06:24] Peer 1001 received the 'have' message from Peer 1002 for the piece 1300.
[2025/12/03 14:06:24] Peer 1001 sent 'piece' message for piece 1301 to Peer 1002.
[2025/12/03 14:06:24] Peer 1001 received the 'have' message from Peer 1002 for the piece 1301.
[2025/12/03 14:06:24] Peer 1001 sent 'piece' message for piece 1302 to Peer 1002.
[2025/12/03 14:06:24] Peer 1001 received the 'have' message from Peer 1002 for the piece 1302.
[2025/12/03 14:06:24] Peer 1001 sent 'piece' message for piece 1303 to Peer 1002.
[2025/12/03 14:06:24] Peer 1001 received the 'have' message from Peer 1002 for the piece 1303.
[2025/12/03 14:06:24] Peer 1001 sent 'piece' message for piece 1304 to Peer 1002.
[2025/12/03 14:06:24] Peer 1001 received the 'have' message from Peer 1002 for the piece 1304.
[2025/12/03 14:06:24] Peer 1001 sent 'piece' message for piece 1305 to Peer 1002.
[2025/12/03 14:06:24] Peer 1001 received the 'have' message from Peer 1002 for the piece 1305.
[2025/12/03 14:06:24] Peer 1001 sent 'piece' message for piece 1306 to Peer 1002.
[2025/12/03 14:06:24] Peer 1001 received the 'have' message from Peer 1002 for the piece 1306.
[2025/12/03 14:06:24] Peer 1001 sent 'piece' message for piece 1307 to Peer 1002.
[2025/12/03 14:06:24] Peer 1001 received the 'have' message from Peer 1002 for the piece 1307.
[2025/12/03 14:06:24] Peer 1001 sent 'piece' message for piece 1308 to Peer 1002.
[2025/12/03 14:06:24] Peer 1001 received the 'have' message from Peer 1002 for the piece 1308.
[2025/12/03 14:06:24] Peer 1001 sent 'piece' message for piece 1309 to Peer 1002.
[2025/12/03 14:06:24] Peer 1001 received the 'have' message from Peer 1002 for the piece 1309.
[2025/12/03 14:06:24] Peer 1001 sent 'piece' message for piece 1310 to Peer 1002.
[2025/12/03 14:06:24] Peer 1001 received the 'have' message from Peer 1002 for the piece 1310.
[2025/12/03 14:06:24] Peer 1001 sent 'piece' message for piece 1311 to Peer 1002.
[2025/12/03 14:06:24] Peer 1001 received the 'have' message from Peer 1002 for the piece 1311.
[2025/12/03 14:06:24] Peer 1001 sent 'piece' message for piece 1312 to Peer 1002.
[2025/12/03 14:06:24] Peer 1001 received the 'have' message from Peer 1002 for the piece 1312.
[2025/12/03 14:06:24] Peer 1001 sent 'piece' message for piece 1313 to Peer 1002.
[2025/12/03 14:06:24] Peer 1001 received the 'have' message from Peer 1002 for the piece 1313.
[2025/12/03 14:06:24] Peer 1001 sent 'piece' message for piece 1314 to Peer 1002.
[2025/12/03 14:06:24] Peer 1001 received the 'have' message from Peer 1002 for the piece 1314.
[2025/12/03 14:06:24] Peer 1001 sent 'piece' message for piece 1315 to Peer 1002.
[2025/12/03 14:06:24] Peer 1001 received the 'have' message from Peer 1002 for the piece 1315.
[2025/12/03 14:06:24] Peer 1001 sent 'piece' message for piece 1316 to Peer 1002.
[2025/12/03 14:06:24] Peer 1001 received the 'have' message from Peer 1002 for the piece 1316.
[2025/12/03 14:06:24] Peer 1001 sent 'piece' message for piece 1317 to Peer 1002.
[2025/12/03 14:06:24] Peer 1001 received the 'have' message from Peer 1002 for the piece 1317.
[2025/12/03 14:06:24] Peer 1001 sent 'piece' message for piece 1318 to Peer 1002.
[2025/12/03 14:06:24] Peer 1001 received the 'have' message from Peer 1002 for the piece 1318.
[2025/12/03 14:06:24] Peer 1001 sent 'piece' message for piece 1319 to Peer 1002.
[2025/12/03 14:06:24] Peer 1001 received the 'have' message from Peer 1002 for the piece 1319.
[2025/12/03 14:06:24] Peer 1001 sent 'piece' message for piece 1320 to Peer 1002.
[2025/12/03 14:06:24] Peer 1001 received the 'have' message from Peer 1002 for the piece 1320.
[2025/12/03 14:06:24] Peer 1001 sent 'piece' message for piece 1321 to Peer 1002.
[2025/12/03 14:06:24] Peer 1001 received the 'have' message from Peer 1002 for the piece 1321.
[2025/12/03 14:06:24] Peer 1001 sent 'piece' message for piece 1322 to Peer 1002.
[2025/12/03 14:06:24] Peer 1001 received the 'have' message from Peer 1002 for the piece 1322.
[2025/12/03 14:06:24] Peer 1001 sent 'piece' message for piece 1323 to Peer 1002.
[2025/12/03 14:06:24] Peer 1001 received the 'have' message from Peer 1002 for the piece 1323.
[2025/12/03 14:06:24] Peer 1001 sent 'piece' message for piece 1324 to Peer 1002.
[2025/12/03 14:06:24] Peer 1001 received the 'have' message from Peer 1002 for the piece 1324.
[2025/12/03 14:06:24] Peer 1001 sent 'piece' message for piece 1325 to Peer 1002.
[2025/12/03 14:06:24] Peer 1001 received the 'have' message from Peer 1002 for the piece 1325.
[2025/12/03 14:06:24] Peer 1001 sent 'piece' message for piece 1326 to Peer 1002.
[2025/12/03 14:06:24] Peer 1001 received the 'have' message from Peer 1002 for the piece 1326.
[2025/12/03 14:06:24] Peer 1001 sent 'piece' message for piece 1327 to Peer 1002.
[2025/12/03 14:06:24] Peer 1001 received the 'have' message from Peer 1002 for the piece 1327.
[2025/12/03 14:06:24] Peer 1001 sent 'piece' message for piece 1328 to Peer 1002.
[2025/12/03 14:06:24] Peer 1001 received the 'have' message from Peer 1002 for the piece 1328.
[2025/12/03 14:06:24] Peer 1001 sent 'piece' message for piece 1329 to Peer 1002.
[2025/12/03 14:06:24] Peer 1001 received the 'have' message from Peer 1002 for the piece 1329.
[2025/12/03 14:06:24] Peer 1001 sent 'piece' message for piece 1330 to Peer 1002.
[2025/12/03 14:06:24] Peer 1001 received the 'have' message from Peer 1002 for the piece 1330.
[2025/12/03 14:06:24] Peer 1001 sent 'piece' message for piece 1331 to Peer 1002.
[2025/12/03 14:06:24] Peer 1001 received the 'have' message from Peer 1002 for the piece 1331.
[2025/12/03 14:06:24] Peer 1001 sent 'piece' message for piece 1332 to Peer 1002.
[2025/12/03 14:06:24] Peer 1001 received the 'have' message from Peer 1002 for the piece 1332.
[2025/12/03 14:06:24] Peer 1001 sent 'piece' message for piece 1333 to Peer 1002.
[2025/12/03 14:06:24] Peer 1001 received the 'have' message from Peer 1002 for the piece 1333.
[2025/12/03 14:06:24] Peer 1001 sent 'piece' message for piece 1334 to Peer 1002.
[2025/12/03 14:06:24] Peer 1001 received the 'have' message from Peer 1002 for the piece 1334.
[2025/12/03 14:06:24] Peer 1001 sent 'piece' message for piece 1335 to Peer 1002.
[2025/12/03 14:06:24] Peer 1001 received the 'have' message from Peer 1002 for the piece 1335.
[2025/12/03 14:06:24] Peer 1001 sent 'piece' message for piece 1336 to Peer 1002.
[2025/12/03 14:06:24] Peer 1001 received the 'have' message from Peer 1002 for the piece 1336.
[2025/12/03 14:06:24] Peer 1001 sent 'piece' message for piece 1337 to Peer 1002.
[2025/12/03 14:06:24] Peer 1001 received the 'have' message from Peer 1002 for the piece 1337.
[2025/12/03 14:06:24] Peer 1001 sent 'piece' message for piece 1338 to Peer 1002.
[2025/12/03 14:06:24] Peer 1001 received the 'have' message from Peer 1002 for the piece 1338.
[2025/12/03 14:06:24] Peer 1001 sent 'piece' message for piece 1339 to Peer 1002.
[2025/12/03 14:06:24] Peer 1001 received the 'have' message from Peer 1002 for the piece 1339.
[2025/12/03 14:06:24] Peer 1001 sent 'piece' message for piece 1340 to Peer 1002.
[2025/12/03 14:06:24] Peer 1001 received the 'have' message from Peer 1002 for the piece 1340.
[2025/12/03 14:06:24] Peer 1001 sent 'piece' message for piece 1341 to Peer 1002.
[2025/12/03 14:06:24] Peer 1001 received the 'have' message from Peer 1002 for the piece 1341.
[2025/12/03 14:06:24] Peer 1001 sent 'piece' message for piece 1342 to Peer 1002.
[2025/12/03 14:06:24] Peer 1001 received the 'have' message from Peer 1002 for the piece 1342.
[2025/12/03 14:06:24] Peer 1001 sent 'piece' message for piece 1343 to Peer 1002.
[2025/12/03 14:06:24] Peer 1001 received the 'have' message from Peer 1002 for the piece 1343.
[2025/12/03 14:06:24] Peer 1001 sent 'piece' message for piece 1344 to Peer 1002.
[2025/12/03 14:06:24] Peer 1001 received the 'have' message from Peer 1002 for the piece 1344.
[2025/12/03 14:06:24] Peer 1001 sent 'piece' message for piece 1345 to Peer 1002.
[2025/12/03 14:06:24] Peer 1001 received the 'have' message from Peer 1002 for the piece 1345.
[2025/12/03 14:06:24] Peer 1001 sent 'piece' message for piece 1346 to Peer 1002.
[2025/12/03 14:06:24] Peer 1001 received the 'have' message from Peer 1002 for the piece 1346.
[2025/12/03 14:06:24] Peer 1001 sent 'piece' message for piece 1347 to Peer 1002.
[2025/12/03 14:06:24] Peer 1001 received the 'have' message from Peer 1002 for the piece 1347.
[2025/12/03 14:06:24] Peer 1001 sent 'piece' message for piece 1348 to Peer 1002.
[2025/12/03 14:06:24] Peer 1001 received the 'have' message from Peer 1002 for the piece 1348.
[2025/12/03 14:06:24] Peer 1001 sent 'piece' message for piece 1349 to Peer 1002.
[2025/12/03 14:06:24] Peer 1001 received the 'have' message from Peer 1002 for the piece 1349.
[2025/12/03 14:06:24] Peer 1001 sent 'piece' message for piece 1350 to Peer 1002.
[2025/12/03 14:06:24] Peer 1001 received the 'have' message from Peer 1002 for the piece 1350.
[2025/12/03 14:06:24] Peer 1001 sent 'piece' message for piece 1351 to Peer 1002.
[2025/12/03 14:06:24] Peer 1001 received the 'have' message from Peer 1002 for the piece 1351.
[2025/12/03 14:06:24] Peer 1001 sent 'piece' message for piece 1352 to Peer 1002.
[2025/12/03 14:06:24] Peer 1001 received the 'have' message from Peer 1002 for the piece 1352.
[2025/12/03 14:06:24] Peer 1001 sent 'piece' message for piece 1353 to Peer 1002.
[2025/12/03 14:06:24] Peer 1001 received the 'have' message from Peer 1002 for the piece 1353.
[2025/12/03 14:06:24] Peer 1001 sent 'piece' message for piece 1354 to Peer 1002.
[2025/12/03 14:06:24] Peer 1001 received the 'have' message from Peer 1002 for the piece 1354.
[2025/12/03 14:06:24] Peer 1001 sent 'piece' message for piece 1355 to Peer 1002.
[2025/12/03 14:06:24] Peer 1001 received the 'have' message from Peer 1002 for the piece 1355.
[2025/12/03 14:06:24] Peer 1001 sent 'piece' message for piece 1356 to Peer 1002.
[2025/12/03 14:06:24] Peer 1001 received the 'have' message from Peer 1002 for the piece 1356.
[2025/12/03 14:06:24] Peer 1001 sent 'piece' message for piece 1357 to Peer 1002.
[2025/12/03 14:06:24] Peer 1001 received the 'have' message from Peer 1002 for the piece 1357.
[2025/12/03 14:06:24] Peer 1001 sent 'piece' message for piece 1358 to Peer 1002.
[2025/12/03 14:06:24] Peer 1001 received the 'have' message from Peer 1002 for the piece 1358.
[2025/12/03 14:06:24] Peer 1001 sent 'piece' message for piece 1359 to Peer 1002.
[2025/12/03 14:06:24] Peer 1001 received the 'have' message from Peer 1002 for the piece 1359.
[2025/12/03 14:06:24] Peer 1001 sent 'piece' message for piece 1360 to Peer 1002.
[2025/12/03 14:06:24] Peer 1001 received the 'have' message from Peer 1002 for the piece 1360.
[2025/12/03 14:06:24] Peer 1001 sent 'piece' message for piece 1361 to Peer 1002.
[2025/12/03 14:06:24] Peer 1001 received the 'have' message from Peer 1002 for the piece 1361.
[2025/12/03 14:06:24] Peer 1001 sent 'piece' message for piece 1362 to Peer 1002.
[2025/12/03 14:06:24] Peer 1001 received the 'have' message from Peer 1002 for the piece 1362.
[2025/12/03 14:06:24] Peer 1001 sent 'piece' message for piece 1363 to Peer 1002.
[2025/12/03 14:06:24] Peer 1001 received the 'have' message from Peer 1002 for the piece 1363.
[2025/12/03 14:06:24] Peer 1001 sent 'piece' message for piece 1364 to Peer 1002.
[2025/12/03 14:06:24] Peer 1001 received the 'have' message from Peer 1002 for the piece 1364.
[2025/12/03 14:06:24] Peer 1001 sent 'piece' message for piece 1365 to Peer 1002.
[2025/12/03 14:06:24] Peer 1001 received the 'have' message from Peer 1002 for the piece 1365.
[2025/12/03 14:06:24] Peer 1001 sent 'piece' message for piece 1366 to Peer 1002.
[2025/12/03 14:06:24] Peer 1001 received the 'have' message from Peer 1002 for the piece 1366.
[2025/12/03 14:06:24] Peer 1001 sent 'piece' message for piece 1367 to Peer 1002.
[2025/12/03 14:06:24] Peer 1001 received the 'have' message from Peer 1002 for the piece 1367.
[2025/12/03 14:06:24] Peer 1001 sent 'piece' message for piece 1368 to Peer 1002.
[2025/12/03 14:06:24] Peer 1001 received the 'have' message from Peer 1002 for the piece 1368.
[2025/12/03 14:06:24] Peer 1001 sent 'piece' message for piece 1369 to Peer 1002.
[2025/12/03 14:06:24] Peer 1001 received the 'have' message from Peer 1002 for the piece 1369.
[2025/12/03 14:06:24] Peer 1001 sent 'piece' message for piece 1370 to Peer 1002.
[2025/12/03 14:06:24] Peer 1001 received the 'have' message from Peer 1002 for the piece 1370.
[2025/12/03 14:06:24] Peer 1001 sent 'piece' message for piece 1371 to Peer 1002.
[2025/12/03 14:06:24] Peer 1001 received the 'have' message from Peer 1002 for the piece 1371.
[2025/12/03 14:06:24] Peer 1001 sent 'piece' message for piece 1372 to Peer 1002.
[2025/12/03 14:06:24] Peer 1001 received the 'have' message from Peer 1002 for the piece 1372.
[2025/12/03 14:06:24] Peer 1001 sent 'piece' message for piece 1373 to Peer 1002.
[2025/12/03 14:06:24] Peer 1001 received the 'have' message from Peer 1002 for the piece 1373.
[2025/12/03 14:06:24] Peer 1001 sent 'piece' message for piece 1374 to Peer 1002.
[2025/12/03 14:06:24] Peer 1001 received the 'have' message from Peer 1002 for the piece 1374.
[2025/12/03 14:06:24] Peer 1001 sent 'piece' message for piece 1375 to Peer 1002.
[2025/12/03 14:06:24] Peer 1001 received the 'have' message from Peer 1002 for the piece 1375.
[2025/12/03 14:06:24] Peer 1001 sent 'piece' message for piece 1376 to Peer 1002.
[2025/12/03 14:06:24] Peer 1001 received the 'have' message from Peer 1002 for the piece 1376.
[2025/12/03 14:06:24] Peer 1001 sent 'piece' message for piece 1377 to Peer 1002.
[2025/12/03 14:06:24] Peer 1001 received the 'have' message from Peer 1002 for the piece 1377.
[2025/12/03 14:06:24] Peer 1001 sent 'piece' message for piece 1378 to Peer 1002.
[2025/12/03 14:06:24] Peer 1001 received the 'have' message from Peer 1002 for the piece 1378.
[2025/12/03 14:06:24] Peer 1001 sent 'piece' message for piece 1379 to Peer 1002.
[2025/12/03 14:06:24] Peer 1001 received the 'have' message from Peer 1002 for the piece 1379.
[2025/12/03 14:06:24] Peer 1001 sent 'piece' message for piece 1380 to Peer 1002.
[2025/12/03 14:06:24] Peer 1001 received the 'have' message from Peer 1002 for the piece 1380.
[2025/12/03 14:06:24] Peer 1001 sent 'piece' message for piece 1381 to Peer 1002.
[2025/12/03 14:06:24] Peer 1001 received the 'have' message from Peer 1002 for the piece 1381.
[2025/12/03 14:06:24] Peer 1001 sent 'piece' message for piece 1382 to Peer 1002.
[2025/12/03 14:06:24] Peer 1001 received the 'have' message from Peer 1002 for the piece 1382.
[2025/12/03 14:06:25] Peer 1001 sent 'piece' message for piece 1383 to Peer 1002.
[2025/12/03 14:06:25] Peer 1001 received the 'have' message from Peer 1002 for the piece 1383.
[2025/12/03 14:06:25] Peer 1001 sent 'piece' message for piece 1384 to Peer 1002.
[2025/12/03 14:06:25] Peer 1001 received the 'have' message from Peer 1002 for the piece 1384.
[2025/12/03 14:06:25] Peer 1001 sent 'piece' message for piece 1385 to Peer 1002.
[2025/12/03 14:06:25] Peer 1001 received the 'have' message from Peer 1002 for the piece 1385.
[2025/12/03 14:06:25] Peer 1001 sent 'piece' message for piece 1386 to Peer 1002.
[2025/12/03 14:06:25] Peer 1001 received the 'have' message from Peer 1002 for the piece 1386.
[2025/12/03 14:06:25] Peer 1001 sent 'piece' message for piece 1387 to Peer 1002.
[2025/12/03 14:06:25] Peer 1001 received the 'have' message from Peer 1002 for the piece 1387.
[2025/12/03 14:06:25] Peer 1001 sent 'piece' message for piece 1388 to Peer 1002.
[2025/12/03 14:06:25] Peer 1001 received the 'have' message from Peer 1002 for the piece 1388.
[2025/12/03 14:06:25] Peer 1001 sent 'piece' message for piece 1389 to Peer 1002.
[2025/12/03 14:06:25] Peer 1001 received the 'have' message from Peer 1002 for the piece 1389.
[2025/12/03 14:06:25] Peer 1001 sent 'piece' message for piece 1390 to Peer 1002.
[2025/12/03 14:06:25] Peer 1001 received the 'have' message from Peer 1002 for the piece 1390.
[2025/12/03 14:06:25] Peer 1001 sent 'piece' message for piece 1391 to Peer 1002.
[2025/12/03 14:06:25] Peer 1001 received the 'have' message from Peer 1002 for the piece 1391.
[2025/12/03 14:06:25] Peer 1001 sent 'piece' message for piece 1392 to Peer 1002.
[2025/12/03 14:06:25] Peer 1001 received the 'have' message from Peer 1002 for the piece 1392.
[2025/12/03 14:06:25] Peer 1001 sent 'piece' message for piece 1393 to Peer 1002.
[2025/12/03 14:06:25] Peer 1001 received the 'have' message from Peer 1002 for the piece 1393.
[2025/12/03 14:06:25] Peer 1001 sent 'piece' message for piece 1394 to Peer 1002.
[2025/12/03 14:06:25] Peer 1001 received the 'have' message from Peer 1002 for the piece 1394.
[2025/12/03 14:06:25] Peer 1001 sent 'piece' message for piece 1395 to Peer 1002.
[2025/12/03 14:06:25] Peer 1001 received the 'have' message from Peer 1002 for the piece 1395.
[2025/12/03 14:06:25] Peer 1001 sent 'piece' message for piece 1396 to Peer 1002.
[2025/12/03 14:06:25] Peer 1001 received the 'have' message from Peer 1002 for the piece 1396.
[2025/12/03 14:06:25] Peer 1001 sent 'piece' message for piece 1397 to Peer 1002.
[2025/12/03 14:06:25] Peer 1001 received the 'have' message from Peer 1002 for the piece 1397.
[2025/12/03 14:06:25] Peer 1001 sent 'piece' message for piece 1398 to Peer 1002.
[2025/12/03 14:06:25] Peer 1001 received the 'have' message from Peer 1002 for the piece 1398.
[2025/12/03 14:06:25] Peer 1001 sent 'piece' message for piece 1399 to Peer 1002.
[2025/12/03 14:06:25] Peer 1001 received the 'have' message from Peer 1002 for the piece 1399.
[2025/12/03 14:06:25] Peer 1001 sent 'piece' message for piece 1400 to Peer 1002.
[2025/12/03 14:06:25] Peer 1001 received the 'have' message from Peer 1002 for the piece 1400.
[2025/12/03 14:06:25] Peer 1001 sent 'piece' message for piece 1401 to Peer 1002.
[2025/12/03 14:06:25] Peer 1001 received the 'have' message from Peer 1002 for the piece 1401.
[2025/12/03 14:06:25] Peer 1001 sent 'piece' message for piece 1402 to Peer 1002.
[2025/12/03 14:06:25] Peer 1001 received the 'have' message from Peer 1002 for the piece 1402.
[2025/12/03 14:06:25] Peer 1001 sent 'piece' message for piece 1403 to Peer 1002.
[2025/12/03 14:06:25] Peer 1001 received the 'have' message from Peer 1002 for the piece 1403.
[2025/12/03 14:06:25] Peer 1001 sent 'piece' message for piece 1404 to Peer 1002.
[2025/12/03 14:06:25] Peer 1001 received the 'have' message from Peer 1002 for the piece 1404.
[2025/12/03 14:06:25] Peer 1001 sent 'piece' message for piece 1405 to Peer 1002.
[2025/12/03 14:06:25] Peer 1001 received the 'have' message from Peer 1002 for the piece 1405.
[2025/12/03 14:06:25] Peer 1001 sent 'piece' message for piece 1406 to Peer 1002.
[2025/12/03 14:06:25] Peer 1001 received the 'have' message from Peer 1002 for the piece 1406.
[2025/12/03 14:06:25] Peer 1001 sent 'piece' message for piece 1407 to Peer 1002.
[2025/12/03 14:06:25] Peer 1001 received the 'have' message from Peer 1002 for the piece 1407.
[2025/12/03 14:06:25] Peer 1001 sent 'piece' message for piece 1408 to Peer 1002.
[2025/12/03 14:06:25] Peer 1001 received the 'have' message from Peer 1002 for the piece 1408.
[2025/12/03 14:06:25] Peer 1001 sent 'piece' message for piece 1409 to Peer 1002.
[2025/12/03 14:06:25] Peer 1001 received the 'have' message from Peer 1002 for the piece 1409.
[2025/12/03 14:06:25] Peer 1001 sent 'piece' message for piece 1410 to Peer 1002.
[2025/12/03 14:06:25] Peer 1001 received the 'have' message from Peer 1002 for the piece 1410.
[2025/12/03 14:06:25] Peer 1001 sent 'piece' message for piece 1411 to Peer 1002.
[2025/12/03 14:06:25] Peer 1001 received the 'have' message from Peer 1002 for the piece 1411.
[2025/12/03 14:06:25] Peer 1001 sent 'piece' message for piece 1412 to Peer 1002.
[2025/12/03 14:06:25] Peer 1001 received the 'have' message from Peer 1002 for the piece 1412.
[2025/12/03 14:06:25] Peer 1001 sent 'piece' message for piece 1413 to Peer 1002.
[2025/12/03 14:06:25] Peer 1001 received the 'have' message from Peer 1002 for the piece 1413.
[2025/12/03 14:06:25] Peer 1001 sent 'piece' message for piece 1414 to Peer 1002.
[2025/12/03 14:06:25] Peer 1001 received the 'have' message from Peer 1002 for the piece 1414.
[2025/12/03 14:06:25] Peer 1001 sent 'piece' message for piece 1415 to Peer 1002.
[2025/12/03 14:06:25] Peer 1001 received the 'have' message from Peer 1002 for the piece 1415.
[2025/12/03 14:06:25] Peer 1001 sent 'piece' message for piece 1416 to Peer 1002.
[2025/12/03 14:06:25] Peer 1001 received the 'have' message from Peer 1002 for the piece 1416.
[2025/12/03 14:06:25] Peer 1001 sent 'piece' message for piece 1417 to Peer 1002.
[2025/12/03 14:06:25] Peer 1001 received the 'have' message from Peer 1002 for the piece 1417.
[2025/12/03 14:06:25] Peer 1001 sent 'piece' message for piece 1418 to Peer 1002.
[2025/12/03 14:06:25] Peer 1001 received the 'have' message from Peer 1002 for the piece 1418.
[2025/12/03 14:06:25] Peer 1001 sent 'piece' message for piece 1419 to Peer 1002.
[2025/12/03 14:06:25] Peer 1001 received the 'have' message from Peer 1002 for the piece 1419.
[2025/12/03 14:06:25] Peer 1001 sent 'piece' message for piece 1420 to Peer 1002.
[2025/12/03 14:06:25] Peer 1001 received the 'have' message from Peer 1002 for the piece 1420.
[2025/12/03 14:06:25] Peer 1001 sent 'piece' message for piece 1421 to Peer 1002.
[2025/12/03 14:06:25] Peer 1001 received the 'have' message from Peer 1002 for the piece 1421.
[2025/12/03 14:06:25] Peer 1001 sent 'piece' message for piece 1422 to Peer 1002.
[2025/12/03 14:06:25] Peer 1001 received the 'have' message from Peer 1002 for the piece 1422.
[2025/12/03 14:06:25] Peer 1001 sent 'piece' message for piece 1423 to Peer 1002.
[2025/12/03 14:06:25] Peer 1001 received the 'have' message from Peer 1002 for the piece 1423.
[2025/12/03 14:06:25] Peer 1001 sent 'piece' message for piece 1424 to Peer 1002.
[2025/12/03 14:06:25] Peer 1001 received the 'have' message from Peer 1002 for the piece 1424.
[2025/12/03 14:06:25] Peer 1001 sent 'piece' message for piece 1425 to Peer 1002.
[2025/12/03 14:06:25] Peer 1001 received the 'have' message from Peer 1002 for the piece 1425.
[2025/12/03 14:06:25] Peer 1001 sent 'piece' message for piece 1426 to Peer 1002.
[2025/12/03 14:06:25] Peer 1001 received the 'have' message from Peer 1002 for the piece 1426.
[2025/12/03 14:06:25] Peer 1001 sent 'piece' message for piece 1427 to Peer 1002.
[2025/12/03 14:06:25] Peer 1001 received the 'have' message from Peer 1002 for the piece 1427.
[2025/12/03 14:06:25] Peer 1001 sent 'piece' message for piece 1428 to Peer 1002.
[2025/12/03 14:06:25] Peer 1001 received the 'have' message from Peer 1002 for the piece 1428.
[2025/12/03 14:06:25] Peer 1001 sent 'piece' message for piece 1429 to Peer 1002.
[2025/12/03 14:06:25] Peer 1001 received the 'have' message from Peer 1002 for the piece 1429.
[2025/12/03 14:06:25] Peer 1001 sent 'piece' message for piece 1430 to Peer 1002.
[2025/12/03 14:06:25] Peer 1001 received the 'have' message from Peer 1002 for the piece 1430.
[2025/12/03 14:06:25] Peer 1001 sent 'piece' message for piece 1431 to Peer 1002.
[2025/12/03 14:06:25] Peer 1001 received the 'have' message from Peer 1002 for the piece 1431.
[2025/12/03 14:06:25] Peer 1001 sent 'piece' message for piece 1432 to Peer 1002.
[2025/12/03 14:06:25] Peer 1001 received the 'have' message from Peer 1002 for the piece 1432.
[2025/12/03 14:06:25] Peer 1001 sent 'piece' message for piece 1433 to Peer 1002.
[2025/12/03 14:06:25] Peer 1001 received the 'have' message from Peer 1002 for the piece 1433.
[2025/12/03 14:06:25] Peer 1001 sent 'piece' message for piece 1434 to Peer 1002.
[2025/12/03 14:06:25] Peer 1001 received the 'have' message from Peer 1002 for the piece 1434.
[2025/12/03 14:06:25] Peer 1001 sent 'piece' message for piece 1435 to Peer 1002.
[2025/12/03 14:06:25] Peer 1001 received the 'have' message from Peer 1002 for the piece 1435.
[2025/12/03 14:06:25] Peer 1001 sent 'piece' message for piece 1436 to Peer 1002.
[2025/12/03 14:06:25] Peer 1001 received the 'have' message from Peer 1002 for the piece 1436.
[2025/12/03 14:06:25] Peer 1001 sent 'piece' message for piece 1437 to Peer 1002.
[2025/12/03 14:06:25] Peer 1001 received the 'have' message from Peer 1002 for the piece 1437.
[2025/12/03 14:06:25] Peer 1001 sent 'piece' message for piece 1438 to Peer 1002.
[2025/12/03 14:06:25] Peer 1001 received the 'have' message from Peer 1002 for the piece 1438.
[2025/12/03 14:06:25] Peer 1001 sent 'piece' message for piece 1439 to Peer 1002.
[2025/12/03 14:06:25] Peer 1001 received the 'have' message from Peer 1002 for the piece 1439.
[2025/12/03 14:06:25] Peer 1001 sent 'piece' message for piece 1440 to Peer 1002.
[2025/12/03 14:06:25] Peer 1001 received the 'have' message from Peer 1002 for the piece 1440.
[2025/12/03 14:06:25] Peer 1001 sent 'piece' message for piece 1441 to Peer 1002.
[2025/12/03 14:06:25] Peer 1001 received the 'have' message from Peer 1002 for the piece 1441.
[2025/12/03 14:06:25] Peer 1001 sent 'piece' message for piece 1442 to Peer 1002.
[2025/12/03 14:06:25] Peer 1001 received the 'have' message from Peer 1002 for the piece 1442.
[2025/12/03 14:06:25] Peer 1001 sent 'piece' message for piece 1443 to Peer 1002.
[2025/12/03 14:06:25] Peer 1001 received the 'have' message from Peer 1002 for the piece 1443.
[2025/12/03 14:06:25] Peer 1001 sent 'piece' message for piece 1444 to Peer 1002.
[2025/12/03 14:06:25] Peer 1001 received the 'have' message from Peer 1002 for the piece 1444.
[2025/12/03 14:06:25] Peer 1001 sent 'piece' message for piece 1445 to Peer 1002.
[2025/12/03 14:06:25] Peer 1001 received the 'have' message from Peer 1002 for the piece 1445.
[2025/12/03 14:06:25] Peer 1001 sent 'piece' message for piece 1446 to Peer 1002.
[2025/12/03 14:06:25] Peer 1001 received the 'have' message from Peer 1002 for the piece 1446.
[2025/12/03 14:06:25] Peer 1001 sent 'piece' message for piece 1447 to Peer 1002.
[2025/12/03 14:06:25] Peer 1001 received the 'have' message from Peer 1002 for the piece 1447.
[2025/12/03 14:06:25] Peer 1001 sent 'piece' message for piece 1448 to Peer 1002.
[2025/12/03 14:06:25] Peer 1001 received the 'have' message from Peer 1002 for the piece 1448.
[2025/12/03 14:06:25] Peer 1001 sent 'piece' message for piece 1449 to Peer 1002.
[2025/12/03 14:06:25] Peer 1001 received the 'have' message from Peer 1002 for the piece 1449.
[2025/12/03 14:06:25] Peer 1001 sent 'piece' message for piece 1450 to Peer 1002.
[2025/12/03 14:06:25] Peer 1001 received the 'have' message from Peer 1002 for the piece 1450.
[2025/12/03 14:06:25] Peer 1001 sent 'piece' message for piece 1451 to Peer 1002.
[2025/12/03 14:06:25] Peer 1001 received the 'have' message from Peer 1002 for the piece 1451.
[2025/12/03 14:06:25] Peer 1001 sent 'piece' message for piece 1452 to Peer 1002.
[2025/12/03 14:06:25] Peer 1001 received the 'have' message from Peer 1002 for the piece 1452.
[2025/12/03 14:06:25] Peer 1001 sent 'piece' message for piece 1453 to Peer 1002.
[2025/12/03 14:06:25] Peer 1001 received the 'have' message from Peer 1002 for the piece 1453.
[2025/12/03 14:06:25] Peer 1001 sent 'piece' message for piece 1454 to Peer 1002.
[2025/12/03 14:06:25] Peer 1001 received the 'have' message from Peer 1002 for the piece 1454.
[2025/12/03 14:06:25] Peer 1001 sent 'piece' message for piece 1455 to Peer 1002.
[2025/12/03 14:06:25] Peer 1001 received the 'have' message from Peer 1002 for the piece 1455.
[2025/12/03 14:06:25] Peer 1001 sent 'piece' message for piece 1456 to Peer 1002.
[2025/12/03 14:06:25] Peer 1001 received the 'have' message from Peer 1002 for the piece 1456.
[2025/12/03 14:06:25] Peer 1001 sent 'piece' message for piece 1457 to Peer 1002.
[2025/12/03 14:06:25] Peer 1001 received the 'have' message from Peer 1002 for the piece 1457.
[2025/12/03 14:06:25] Peer 1001 sent 'piece' message for piece 1458 to Peer 1002.
[2025/12/03 14:06:25] Peer 1001 received the 'have' message from Peer 1002 for the piece 1458.
[2025/12/03 14:06:25] Peer 1001 sent 'piece' message for piece 1459 to Peer 1002.
[2025/12/03 14:06:25] Peer 1001 received the 'have' message from Peer 1002 for the piece 1459.
[2025/12/03 14:06:25] Peer 1001 sent 'piece' message for piece 1460 to Peer 1002.
[2025/12/03 14:06:25] Peer 1001 received the 'have' message from Peer 1002 for the piece 1460.
[2025/12/03 14:06:25] Peer 1001 sent 'piece' message for piece 1461 to Peer 1002.
[2025/12/03 14:06:25] Peer 1001 received the 'have' message from Peer 1002 for the piece 1461.
[2025/12/03 14:06:25] Peer 1001 sent 'piece' message for piece 1462 to Peer 1002.
[2025/12/03 14:06:25] Peer 1001 received the 'have' message from Peer 1002 for the piece 1462.
[2025/12/03 14:06:25] Peer 1001 sent 'piece' message for piece 1463 to Peer 1002.
[2025/12/03 14:06:25] Peer 1001 received the 'have' message from Peer 1002 for the piece 1463.
[2025/12/03 14:06:25] Peer 1001 sent 'piece' message for piece 1464 to Peer 1002.
[2025/12/03 14:06:25] Peer 1001 received the 'have' message from Peer 1002 for the piece 1464.
[2025/12/03 14:06:25] Peer 1001 sent 'piece' message for piece 1465 to Peer 1002.
[2025/12/03 14:06:25] Peer 1001 received the 'have' message from Peer 1002 for the piece 1465.
[2025/12/03 14:06:25] Peer 1001 sent 'piece' message for piece 1466 to Peer 1002.
[2025/12/03 14:06:25] Peer 1001 received the 'have' message from Peer 1002 for the piece 1466.
[2025/12/03 14:06:25] Peer 1001 sent 'piece' message for piece 1467 to Peer 1002.
[2025/12/03 14:06:25] Peer 1001 received the 'have' message from Peer 1002 for the piece 1467.
[2025/12/03 14:06:25] Peer 1001 sent 'piece' message for piece 1468 to Peer 1002.
[2025/12/03 14:06:25] Peer 1001 received the 'have' message from Peer 1002 for the piece 1468.
[2025/12/03 14:06:25] Peer 1001 sent 'piece' message for piece 1469 to Peer 1002.
[2025/12/03 14:06:25] Peer 1001 received the 'have' message from Peer 1002 for the piece 1469.
[2025/12/03 14:06:25] Peer 1001 sent 'piece' message for piece 1470 to Peer 1002.
[2025/12/03 14:06:25] Peer 1001 received the 'have' message from Peer 1002 for the piece 1470.
[2025/12/03 14:06:25] Peer 1001 sent 'piece' message for piece 1471 to Peer 1002.
[2025/12/03 14:06:25] Peer 1001 received the 'have' message from Peer 1002 for the piece 1471.
[2025/12/03 14:06:25] Peer 1001 sent 'piece' message for piece 1472 to Peer 1002.
[2025/12/03 14:06:25] Peer 1001 received the 'have' message from Peer 1002 for the piece 1472.
[2025/12/03 14:06:25] Peer 1001 sent 'piece' message for piece 1473 to Peer 1002.
[2025/12/03 14:06:25] Peer 1001 received the 'have' message from Peer 1002 for the piece 1473.
[2025/12/03 14:06:25] Peer 1001 sent 'piece' message for piece 1474 to Peer 1002.
[2025/12/03 14:06:25] Peer 1001 received the 'have' message from Peer 1002 for the piece 1474.
[2025/12/03 14:06:25] Peer 1001 sent 'piece' message for piece 1475 to Peer 1002.
[2025/12/03 14:06:25] Peer 1001 received the 'have' message from Peer 1002 for the piece 1475.
[2025/12/03 14:06:25] Peer 1001 sent 'piece' message for piece 1476 to Peer 1002.
[2025/12/03 14:06:25] Peer 1001 received the 'have' message from Peer 1002 for the piece 1476.
[2025/12/03 14:06:25] Peer 1001 sent 'piece' message for piece 1477 to Peer 1002.
[2025/12/03 14:06:25] Peer 1001 received the 'have' message from Peer 1002 for the piece 1477.
[2025/12/03 14:06:25] Peer 1001 sent 'piece' message for piece 1478 to Peer 1002.
[2025/12/03 14:06:25] Peer 1001 received the 'have' message from Peer 1002 for the piece 1478.
[2025/12/03 14:06:25] Peer 1001 sent 'piece' message for piece 1479 to Peer 1002.
[2025/12/03 14:06:25] Peer 1001 received the 'have' message from Peer 1002 for the piece 1479.
[2025/12/03 14:06:25] Peer 1001 sent 'piece' message for piece 1480 to Peer 1002.
[2025/12/03 14:06:25] Peer 1001 received the 'have' message from Peer 1002 for the piece 1480.
[2025/12/03 14:06:25] Peer 1001 sent 'piece' message for piece 1481 to Peer 1002.
[2025/12/03 14:06:25] Peer 1001 received the 'have' message from Peer 1002 for the piece 1481.
[2025/12/03 14:06:25] Peer 1001 sent 'piece' message for piece 1482 to Peer 1002.
[2025/12/03 14:06:25] Peer 1001 received the 'have' message from Peer 1002 for the piece 1482.
[2025/12/03 14:06:25] Peer 1001 sent 'piece' message for piece 1483 to Peer 1002.
[2025/12/03 14:06:25] Peer 1001 received the 'have' message from Peer 1002 for the piece 1483.
[2025/12/03 14:06:25] Peer 1001 received the 'not interested' message from Peer 1002.
[2025/12/03 14:06:26] Peer 1001 chokes Peer 1002.
[2025/12/03 14:06:26] Peer 1001 has the preferred neighbors [].
[2025/12/03 14:06:26] Peer 1001 stops service because all peers have completed download (no neighbor is interested).
