===== Log for Peer 1005 =====
[2025/12/03 19:05:54] Peer 1005 Start. Config: NumberOfPreferredNeighbors=2, UnchokingInterval=5, OptimisticUnchokingInterval=10, FileName=tree.jpg, FileSize=24301474, PieceSize=16384. HasFileAtStart=False. InitialBitfield=000000000000000000000000000000000000000000000000000000000000000000000000000000000000000000000000000000000000000000000000000000000000000000000000000000000000000000000000000000000000000000000000000000000000000000000000000000000000000000000000000000000000000000000000000000000000000000000000000000000000000000000000000000000000000000000000000000000000000000000000000000000000.
[2025/12/03 19:05:54] Peer 1005 loaded PeerInfo.cfg: id=1001,host=192.168.0.58,port=16001,has_file=1; id=1002,host=192.168.0.167,port=16002,has_file=0; id=1003,host=192.168.0.167,port=16003,has_file=0; id=1004,host=192.168.0.234,port=16004,has_file=0; id=1005,host=192.168.0.234,port=16005,has_file=0; id=1006,host=192.168.0.234,port=16006,has_file=0.
[2025/12/03 19:05:54] Peer 1005 sends a handshake to Peer 1001.
[2025/12/03 19:05:54] Peer 1005 makes a connection to Peer 1001.
[2025/12/03 19:05:54] Peer 1005 received a handshake from Peer 1001.
[2025/12/03 19:05:54] Peer 1005 sends a bitfield to Peer 1001.
[2025/12/03 19:05:54] Peer 1005 received a bitfield from Peer 1001.
[2025/12/03 19:05:54] Peer 1005 sent the 'interested' message to Peer 1001.
[2025/12/03 19:05:54] Peer 1005 sent 'request' for piece 0 to Peer 1001.
[2025/12/03 19:05:54] Peer 1005 sends a handshake to Peer 1002.
[2025/12/03 19:05:54] Peer 1005 makes a connection to Peer 1002.
[2025/12/03 19:05:54] Peer 1005 received a handshake from Peer 1002.
[2025/12/03 19:05:54] Peer 1005 sends a bitfield to Peer 1002.
[2025/12/03 19:05:54] Peer 1005 has downloaded the piece 0 from Peer 1001. Now the number of pieces it has is 1.
[2025/12/03 19:05:54] Peer 1005 sent the 'have' message to Peer 1001 for the piece 0.
[2025/12/03 19:05:54] Peer 1005 sent the 'have' message to Peer 1002 for the piece 0.
[2025/12/03 19:05:54] Peer 1005 sent 'request' for piece 1 to Peer 1001.
[2025/12/03 19:05:54] Peer 1005 received a bitfield from Peer 1002.
[2025/12/03 19:05:54] Peer 1005 sends a handshake to Peer 1003.
[2025/12/03 19:05:54] Peer 1005 sent the 'interested' message to Peer 1002.
[2025/12/03 19:05:54] Peer 1005 sent 'request' for piece 1 to Peer 1002.
[2025/12/03 19:05:54] Peer 1005 has downloaded the piece 1 from Peer 1001. Now the number of pieces it has is 2.
[2025/12/03 19:05:54] Peer 1005 sent the 'have' message to Peer 1001 for the piece 1.
[2025/12/03 19:05:54] Peer 1005 sent the 'have' message to Peer 1002 for the piece 1.
[2025/12/03 19:05:54] Peer 1005 sent 'request' for piece 2 to Peer 1001.
[2025/12/03 19:05:54] Peer 1005 makes a connection to Peer 1003.
[2025/12/03 19:05:54] Peer 1005 received a handshake from Peer 1003.
[2025/12/03 19:05:54] Peer 1005 sends a bitfield to Peer 1003.
[2025/12/03 19:05:54] Peer 1005 sends a handshake to Peer 1004.
[2025/12/03 19:05:54] Peer 1005 makes a connection to Peer 1004.
[2025/12/03 19:05:54] Peer 1005 received a handshake from Peer 1004.
[2025/12/03 19:05:54] Peer 1005 sends a bitfield to Peer 1004.
[2025/12/03 19:05:54] Peer 1005 received a bitfield from Peer 1003.
[2025/12/03 19:05:54] Peer 1005 received a bitfield from Peer 1004.
[2025/12/03 19:05:54] Peer 1005 sent the 'interested' message to Peer 1003.
[2025/12/03 19:05:54] Peer 1005 sent the 'interested' message to Peer 1004.
[2025/12/03 19:05:54] Peer 1005 sent 'request' for piece 2 to Peer 1003.
[2025/12/03 19:05:54] Peer 1005 sent 'request' for piece 2 to Peer 1004.
[2025/12/03 19:05:54] Peer 1005 has downloaded the piece 2 from Peer 1004. Now the number of pieces it has is 3.
[2025/12/03 19:05:54] Peer 1005 sent the 'have' message to Peer 1001 for the piece 2.
[2025/12/03 19:05:54] Peer 1005 sent the 'have' message to Peer 1002 for the piece 2.
[2025/12/03 19:05:54] Peer 1005 sent the 'have' message to Peer 1003 for the piece 2.
[2025/12/03 19:05:54] Peer 1005 sent the 'have' message to Peer 1004 for the piece 2.
[2025/12/03 19:05:54] Peer 1005 sent 'request' for piece 3 to Peer 1004.
[2025/12/03 19:05:54] Peer 1005 has downloaded the piece 3 from Peer 1004. Now the number of pieces it has is 4.
[2025/12/03 19:05:54] Peer 1005 sent the 'have' message to Peer 1001 for the piece 3.
[2025/12/03 19:05:54] Peer 1005 received the 'have' message from Peer 1002 for the piece 58.
[2025/12/03 19:05:54] Peer 1005 sent the 'have' message to Peer 1002 for the piece 3.
[2025/12/03 19:05:54] Peer 1005 updated its view of Peer 1002's bitfield: ffffffffffffffe000000000000000000000000000000000000000000000000000000000000000000000000000000000000000000000000000000000000000000000000000000000000000000000000000000000000000000000000000000000000000000000000000000000000000000000000000000000000000000000000000000000000000000000000000000000000000000000000000000000000000000000000000000000000000000000000000000000000000000000.
[2025/12/03 19:05:54] Peer 1005 sent the 'have' message to Peer 1003 for the piece 3.
[2025/12/03 19:05:54] Peer 1005 sent 'request' for piece 4 to Peer 1002.
[2025/12/03 19:05:54] Peer 1005 sent the 'have' message to Peer 1004 for the piece 3.
[2025/12/03 19:05:54] Peer 1005 sent 'request' for piece 4 to Peer 1004.
[2025/12/03 19:05:54] Peer 1005 has downloaded the piece 4 from Peer 1004. Now the number of pieces it has is 5.
[2025/12/03 19:05:54] Peer 1005 sent the 'have' message to Peer 1001 for the piece 4.
[2025/12/03 19:05:54] Peer 1005 sent the 'have' message to Peer 1002 for the piece 4.
[2025/12/03 19:05:54] Peer 1005 sent the 'have' message to Peer 1003 for the piece 4.
[2025/12/03 19:05:54] Peer 1005 sent the 'have' message to Peer 1004 for the piece 4.
[2025/12/03 19:05:54] Peer 1005 sent 'request' for piece 5 to Peer 1004.
[2025/12/03 19:05:54] Peer 1005 sent 'request' for piece 5 to Peer 1002.
[2025/12/03 19:05:54] Peer 1005 received the 'have' message from Peer 1002 for the piece 59.
[2025/12/03 19:05:54] Peer 1005 has downloaded the piece 5 from Peer 1004. Now the number of pieces it has is 6.
[2025/12/03 19:05:54] Peer 1005 updated its view of Peer 1002's bitfield: fffffffffffffff000000000000000000000000000000000000000000000000000000000000000000000000000000000000000000000000000000000000000000000000000000000000000000000000000000000000000000000000000000000000000000000000000000000000000000000000000000000000000000000000000000000000000000000000000000000000000000000000000000000000000000000000000000000000000000000000000000000000000000000.
[2025/12/03 19:05:54] Peer 1005 sent the 'have' message to Peer 1001 for the piece 5.
[2025/12/03 19:05:54] Peer 1005 sent 'request' for piece 6 to Peer 1002.
[2025/12/03 19:05:54] Peer 1005 sent the 'have' message to Peer 1002 for the piece 5.
[2025/12/03 19:05:54] Peer 1005 sent the 'have' message to Peer 1003 for the piece 5.
[2025/12/03 19:05:54] Peer 1005 sent the 'have' message to Peer 1004 for the piece 5.
[2025/12/03 19:05:54] Peer 1005 sent 'request' for piece 6 to Peer 1004.
[2025/12/03 19:05:54] Peer 1005 has downloaded the piece 6 from Peer 1004. Now the number of pieces it has is 7.
[2025/12/03 19:05:54] Peer 1005 sent the 'have' message to Peer 1001 for the piece 6.
[2025/12/03 19:05:54] Peer 1005 sent the 'have' message to Peer 1002 for the piece 6.
[2025/12/03 19:05:54] Peer 1005 sent the 'have' message to Peer 1003 for the piece 6.
[2025/12/03 19:05:54] Peer 1005 sent the 'have' message to Peer 1004 for the piece 6.
[2025/12/03 19:05:54] Peer 1005 sent 'request' for piece 7 to Peer 1002.
[2025/12/03 19:05:54] Peer 1005 sent 'request' for piece 7 to Peer 1001.
[2025/12/03 19:05:54] Peer 1005 sent 'request' for piece 7 to Peer 1004.
[2025/12/03 19:05:54] Peer 1005 has downloaded the piece 7 from Peer 1004. Now the number of pieces it has is 8.
[2025/12/03 19:05:54] Peer 1005 sent the 'have' message to Peer 1001 for the piece 7.
[2025/12/03 19:05:54] Peer 1005 sent the 'have' message to Peer 1002 for the piece 7.
[2025/12/03 19:05:54] Peer 1005 sent the 'have' message to Peer 1003 for the piece 7.
[2025/12/03 19:05:54] Peer 1005 sent the 'have' message to Peer 1004 for the piece 7.
[2025/12/03 19:05:54] Peer 1005 sent 'request' for piece 8 to Peer 1004.
[2025/12/03 19:05:54] Peer 1005 has downloaded the piece 8 from Peer 1004. Now the number of pieces it has is 9.
[2025/12/03 19:05:54] Peer 1005 sent the 'have' message to Peer 1001 for the piece 8.
[2025/12/03 19:05:54] Peer 1005 sent the 'have' message to Peer 1002 for the piece 8.
[2025/12/03 19:05:54] Peer 1005 sent the 'have' message to Peer 1003 for the piece 8.
[2025/12/03 19:05:54] Peer 1005 sent the 'have' message to Peer 1004 for the piece 8.
[2025/12/03 19:05:54] Peer 1005 sent 'request' for piece 9 to Peer 1004.
[2025/12/03 19:05:54] Peer 1005 has downloaded the piece 9 from Peer 1004. Now the number of pieces it has is 10.
[2025/12/03 19:05:54] Peer 1005 sent the 'have' message to Peer 1001 for the piece 9.
[2025/12/03 19:05:54] Peer 1005 sent the 'have' message to Peer 1002 for the piece 9.
[2025/12/03 19:05:54] Peer 1005 sent the 'have' message to Peer 1003 for the piece 9.
[2025/12/03 19:05:54] Peer 1005 sent the 'have' message to Peer 1004 for the piece 9.
[2025/12/03 19:05:54] Peer 1005 sent 'request' for piece 10 to Peer 1004.
[2025/12/03 19:05:54] Peer 1005 received the 'have' message from Peer 1003 for the piece 59.
[2025/12/03 19:05:54] Peer 1005 updated its view of Peer 1003's bitfield: fffffffffffffff000000000000000000000000000000000000000000000000000000000000000000000000000000000000000000000000000000000000000000000000000000000000000000000000000000000000000000000000000000000000000000000000000000000000000000000000000000000000000000000000000000000000000000000000000000000000000000000000000000000000000000000000000000000000000000000000000000000000000000000.
[2025/12/03 19:05:54] Peer 1005 has downloaded the piece 10 from Peer 1004. Now the number of pieces it has is 11.
[2025/12/03 19:05:54] Peer 1005 sent 'request' for piece 11 to Peer 1002.
[2025/12/03 19:05:54] Peer 1005 sent 'request' for piece 11 to Peer 1003.
[2025/12/03 19:05:54] Peer 1005 sent the 'have' message to Peer 1001 for the piece 10.
[2025/12/03 19:05:54] Peer 1005 sent 'request' for piece 12 to Peer 1002.
[2025/12/03 19:05:54] Peer 1005 sent the 'have' message to Peer 1002 for the piece 10.
[2025/12/03 19:05:54] Peer 1005 sent the 'have' message to Peer 1003 for the piece 10.
[2025/12/03 19:05:54] Peer 1005 sent the 'have' message to Peer 1004 for the piece 10.
[2025/12/03 19:05:54] Peer 1005 sent 'request' for piece 11 to Peer 1004.
[2025/12/03 19:05:54] Peer 1005 sent 'request' for piece 12 to Peer 1003.
[2025/12/03 19:05:54] Peer 1005 sent 'request' for piece 13 to Peer 1002.
[2025/12/03 19:05:54] Peer 1005 has downloaded the piece 11 from Peer 1004. Now the number of pieces it has is 12.
[2025/12/03 19:05:54] Peer 1005 sent the 'have' message to Peer 1001 for the piece 11.
[2025/12/03 19:05:54] Peer 1005 sent the 'have' message to Peer 1002 for the piece 11.
[2025/12/03 19:05:54] Peer 1005 sent the 'have' message to Peer 1003 for the piece 11.
[2025/12/03 19:05:54] Peer 1005 sent the 'have' message to Peer 1004 for the piece 11.
[2025/12/03 19:05:54] Peer 1005 sent 'request' for piece 12 to Peer 1004.
[2025/12/03 19:05:54] Peer 1005 has downloaded the piece 12 from Peer 1004. Now the number of pieces it has is 13.
[2025/12/03 19:05:54] Peer 1005 sent the 'have' message to Peer 1001 for the piece 12.
[2025/12/03 19:05:54] Peer 1005 sent the 'have' message to Peer 1002 for the piece 12.
[2025/12/03 19:05:54] Peer 1005 sent the 'have' message to Peer 1003 for the piece 12.
[2025/12/03 19:05:54] Peer 1005 sent the 'have' message to Peer 1004 for the piece 12.
[2025/12/03 19:05:54] Peer 1005 sent 'request' for piece 13 to Peer 1004.
[2025/12/03 19:05:54] Peer 1005 received the 'have' message from Peer 1004 for the piece 60.
[2025/12/03 19:05:54] Peer 1005 updated its view of Peer 1004's bitfield: fffffffffffffff800000000000000000000000000000000000000000000000000000000000000000000000000000000000000000000000000000000000000000000000000000000000000000000000000000000000000000000000000000000000000000000000000000000000000000000000000000000000000000000000000000000000000000000000000000000000000000000000000000000000000000000000000000000000000000000000000000000000000000000.
[2025/12/03 19:05:54] Peer 1005 sent 'request' for piece 14 to Peer 1004.
[2025/12/03 19:05:54] Peer 1005 has downloaded the piece 13 from Peer 1004. Now the number of pieces it has is 14.
[2025/12/03 19:05:54] Peer 1005 sent the 'have' message to Peer 1001 for the piece 13.
[2025/12/03 19:05:54] Peer 1005 sent the 'have' message to Peer 1002 for the piece 13.
[2025/12/03 19:05:54] Peer 1005 sent the 'have' message to Peer 1003 for the piece 13.
[2025/12/03 19:05:54] Peer 1005 sent the 'have' message to Peer 1004 for the piece 13.
[2025/12/03 19:05:54] Peer 1005 sent 'request' for piece 15 to Peer 1004.
[2025/12/03 19:05:54] Peer 1005 has downloaded the piece 14 from Peer 1004. Now the number of pieces it has is 15.
[2025/12/03 19:05:54] Peer 1005 sent the 'have' message to Peer 1001 for the piece 14.
[2025/12/03 19:05:54] Peer 1005 sent the 'have' message to Peer 1002 for the piece 14.
[2025/12/03 19:05:54] Peer 1005 sent 'request' for piece 15 to Peer 1003.
[2025/12/03 19:05:54] Peer 1005 sent the 'have' message to Peer 1003 for the piece 14.
[2025/12/03 19:05:54] Peer 1005 sent the 'have' message to Peer 1004 for the piece 14.
[2025/12/03 19:05:54] Peer 1005 sent 'request' for piece 16 to Peer 1004.
[2025/12/03 19:05:54] Peer 1005 has downloaded the piece 15 from Peer 1004. Now the number of pieces it has is 16.
[2025/12/03 19:05:54] Peer 1005 sent the 'have' message to Peer 1001 for the piece 15.
[2025/12/03 19:05:54] Peer 1005 sent the 'have' message to Peer 1002 for the piece 15.
[2025/12/03 19:05:54] Peer 1005 sent the 'have' message to Peer 1003 for the piece 15.
[2025/12/03 19:05:54] Peer 1005 sent the 'have' message to Peer 1004 for the piece 15.
[2025/12/03 19:05:54] Peer 1005 sent 'request' for piece 17 to Peer 1004.
[2025/12/03 19:05:54] Peer 1005 has downloaded the piece 16 from Peer 1004. Now the number of pieces it has is 17.
[2025/12/03 19:05:54] Peer 1005 sent the 'have' message to Peer 1001 for the piece 16.
[2025/12/03 19:05:54] Peer 1005 sent the 'have' message to Peer 1002 for the piece 16.
[2025/12/03 19:05:54] Peer 1005 sent the 'have' message to Peer 1003 for the piece 16.
[2025/12/03 19:05:54] Peer 1005 sent the 'have' message to Peer 1004 for the piece 16.
[2025/12/03 19:05:54] Peer 1005 sent 'request' for piece 18 to Peer 1004.
[2025/12/03 19:05:54] Peer 1005 has downloaded the piece 17 from Peer 1004. Now the number of pieces it has is 18.
[2025/12/03 19:05:54] Peer 1005 sent the 'have' message to Peer 1001 for the piece 17.
[2025/12/03 19:05:54] Peer 1005 sent the 'have' message to Peer 1002 for the piece 17.
[2025/12/03 19:05:54] Peer 1005 sent the 'have' message to Peer 1003 for the piece 17.
[2025/12/03 19:05:54] Peer 1005 sent the 'have' message to Peer 1004 for the piece 17.
[2025/12/03 19:05:54] Peer 1005 sent 'request' for piece 19 to Peer 1004.
[2025/12/03 19:05:54] Peer 1005 has downloaded the piece 18 from Peer 1004. Now the number of pieces it has is 19.
[2025/12/03 19:05:54] Peer 1005 sent the 'have' message to Peer 1001 for the piece 18.
[2025/12/03 19:05:54] Peer 1005 sent the 'have' message to Peer 1002 for the piece 18.
[2025/12/03 19:05:54] Peer 1005 sent the 'have' message to Peer 1003 for the piece 18.
[2025/12/03 19:05:54] Peer 1005 sent the 'have' message to Peer 1004 for the piece 18.
[2025/12/03 19:05:54] Peer 1005 sent 'request' for piece 20 to Peer 1004.
[2025/12/03 19:05:54] Peer 1005 has downloaded the piece 19 from Peer 1004. Now the number of pieces it has is 20.
[2025/12/03 19:05:55] Peer 1005 sent the 'have' message to Peer 1001 for the piece 19.
[2025/12/03 19:05:55] Peer 1005 sent the 'have' message to Peer 1002 for the piece 19.
[2025/12/03 19:05:55] Peer 1005 sent the 'have' message to Peer 1003 for the piece 19.
[2025/12/03 19:05:55] Peer 1005 sent the 'have' message to Peer 1004 for the piece 19.
[2025/12/03 19:05:55] Peer 1005 sent 'request' for piece 21 to Peer 1004.
[2025/12/03 19:05:55] Peer 1005 sent 'request' for piece 20 to Peer 1002.
[2025/12/03 19:05:55] Peer 1005 has downloaded the piece 20 from Peer 1004. Now the number of pieces it has is 21.
[2025/12/03 19:05:55] Peer 1005 sent 'request' for piece 21 to Peer 1003.
[2025/12/03 19:05:55] Peer 1005 sent 'request' for piece 21 to Peer 1002.
[2025/12/03 19:05:55] Peer 1005 sent the 'have' message to Peer 1001 for the piece 20.
[2025/12/03 19:05:55] Peer 1005 sent the 'have' message to Peer 1002 for the piece 20.
[2025/12/03 19:05:55] Peer 1005 sent the 'have' message to Peer 1003 for the piece 20.
[2025/12/03 19:05:55] Peer 1005 sent the 'have' message to Peer 1004 for the piece 20.
[2025/12/03 19:05:55] Peer 1005 sent 'request' for piece 22 to Peer 1004.
[2025/12/03 19:05:55] Peer 1005 has downloaded the piece 21 from Peer 1004. Now the number of pieces it has is 22.
[2025/12/03 19:05:55] Peer 1005 sent the 'have' message to Peer 1001 for the piece 21.
[2025/12/03 19:05:55] Peer 1005 sent the 'have' message to Peer 1002 for the piece 21.
[2025/12/03 19:05:55] Peer 1005 sent the 'have' message to Peer 1003 for the piece 21.
[2025/12/03 19:05:55] Peer 1005 sent the 'have' message to Peer 1004 for the piece 21.
[2025/12/03 19:05:55] Peer 1005 sent 'request' for piece 23 to Peer 1004.
[2025/12/03 19:05:55] Peer 1005 has downloaded the piece 22 from Peer 1004. Now the number of pieces it has is 23.
[2025/12/03 19:05:55] Peer 1005 sent the 'have' message to Peer 1001 for the piece 22.
[2025/12/03 19:05:55] Peer 1005 sent the 'have' message to Peer 1002 for the piece 22.
[2025/12/03 19:05:55] Peer 1005 sent the 'have' message to Peer 1003 for the piece 22.
[2025/12/03 19:05:55] Peer 1005 sent the 'have' message to Peer 1004 for the piece 22.
[2025/12/03 19:05:55] Peer 1005 sent 'request' for piece 24 to Peer 1004.
[2025/12/03 19:05:55] Peer 1005 has downloaded the piece 23 from Peer 1004. Now the number of pieces it has is 24.
[2025/12/03 19:05:55] Peer 1005 sent the 'have' message to Peer 1001 for the piece 23.
[2025/12/03 19:05:55] Peer 1005 sent the 'have' message to Peer 1002 for the piece 23.
[2025/12/03 19:05:55] Peer 1005 sent the 'have' message to Peer 1003 for the piece 23.
[2025/12/03 19:05:55] Peer 1005 sent the 'have' message to Peer 1004 for the piece 23.
[2025/12/03 19:05:55] Peer 1005 sent 'request' for piece 25 to Peer 1004.
[2025/12/03 19:05:55] Peer 1005 has downloaded the piece 24 from Peer 1004. Now the number of pieces it has is 25.
[2025/12/03 19:05:55] Peer 1005 sent the 'have' message to Peer 1001 for the piece 24.
[2025/12/03 19:05:55] Peer 1005 sent the 'have' message to Peer 1002 for the piece 24.
[2025/12/03 19:05:55] Peer 1005 sent the 'have' message to Peer 1003 for the piece 24.
[2025/12/03 19:05:55] Peer 1005 sent the 'have' message to Peer 1004 for the piece 24.
[2025/12/03 19:05:55] Peer 1005 sent 'request' for piece 26 to Peer 1004.
[2025/12/03 19:05:55] Peer 1005 has downloaded the piece 25 from Peer 1004. Now the number of pieces it has is 26.
[2025/12/03 19:05:55] Peer 1005 sent the 'have' message to Peer 1001 for the piece 25.
[2025/12/03 19:05:55] Peer 1005 sent the 'have' message to Peer 1002 for the piece 25.
[2025/12/03 19:05:55] Peer 1005 sent the 'have' message to Peer 1003 for the piece 25.
[2025/12/03 19:05:55] Peer 1005 sent the 'have' message to Peer 1004 for the piece 25.
[2025/12/03 19:05:55] Peer 1005 sent 'request' for piece 27 to Peer 1004.
[2025/12/03 19:05:55] Peer 1005 has downloaded the piece 26 from Peer 1004. Now the number of pieces it has is 27.
[2025/12/03 19:05:55] Peer 1005 sent the 'have' message to Peer 1001 for the piece 26.
[2025/12/03 19:05:55] Peer 1005 sent the 'have' message to Peer 1002 for the piece 26.
[2025/12/03 19:05:55] Peer 1005 sent 'request' for piece 27 to Peer 1002.
[2025/12/03 19:05:55] Peer 1005 sent the 'have' message to Peer 1003 for the piece 26.
[2025/12/03 19:05:55] Peer 1005 sent 'request' for piece 27 to Peer 1003.
[2025/12/03 19:05:55] Peer 1005 sent the 'have' message to Peer 1004 for the piece 26.
[2025/12/03 19:05:55] Peer 1005 sent 'request' for piece 28 to Peer 1004.
[2025/12/03 19:05:55] Peer 1005 has downloaded the piece 27 from Peer 1004. Now the number of pieces it has is 28.
[2025/12/03 19:05:55] Peer 1005 sent the 'have' message to Peer 1001 for the piece 27.
[2025/12/03 19:05:55] Peer 1005 sent the 'have' message to Peer 1002 for the piece 27.
[2025/12/03 19:05:55] Peer 1005 sent the 'have' message to Peer 1003 for the piece 27.
[2025/12/03 19:05:55] Peer 1005 sent the 'have' message to Peer 1004 for the piece 27.
[2025/12/03 19:05:55] Peer 1005 sent 'request' for piece 29 to Peer 1004.
[2025/12/03 19:05:55] Peer 1005 has downloaded the piece 28 from Peer 1004. Now the number of pieces it has is 29.
[2025/12/03 19:05:55] Peer 1005 sent the 'have' message to Peer 1001 for the piece 28.
[2025/12/03 19:05:55] Peer 1005 sent the 'have' message to Peer 1002 for the piece 28.
[2025/12/03 19:05:55] Peer 1005 sent the 'have' message to Peer 1003 for the piece 28.
[2025/12/03 19:05:55] Peer 1005 sent the 'have' message to Peer 1004 for the piece 28.
[2025/12/03 19:05:55] Peer 1005 sent 'request' for piece 30 to Peer 1004.
[2025/12/03 19:05:55] Peer 1005 has downloaded the piece 29 from Peer 1004. Now the number of pieces it has is 30.
[2025/12/03 19:05:55] Peer 1005 sent the 'have' message to Peer 1001 for the piece 29.
[2025/12/03 19:05:55] Peer 1005 sent the 'have' message to Peer 1002 for the piece 29.
[2025/12/03 19:05:55] Peer 1005 sent the 'have' message to Peer 1003 for the piece 29.
[2025/12/03 19:05:55] Peer 1005 sent the 'have' message to Peer 1004 for the piece 29.
[2025/12/03 19:05:55] Peer 1005 sent 'request' for piece 31 to Peer 1004.
[2025/12/03 19:05:55] Peer 1005 received the 'have' message from Peer 1003 for the piece 60.
[2025/12/03 19:05:55] Peer 1005 updated its view of Peer 1003's bitfield: fffffffffffffff800000000000000000000000000000000000000000000000000000000000000000000000000000000000000000000000000000000000000000000000000000000000000000000000000000000000000000000000000000000000000000000000000000000000000000000000000000000000000000000000000000000000000000000000000000000000000000000000000000000000000000000000000000000000000000000000000000000000000000000.
[2025/12/03 19:05:55] Peer 1005 sent 'request' for piece 30 to Peer 1002.
[2025/12/03 19:05:55] Peer 1005 has downloaded the piece 30 from Peer 1004. Now the number of pieces it has is 31.
[2025/12/03 19:05:55] Peer 1005 sent 'request' for piece 31 to Peer 1003.
[2025/12/03 19:05:55] Peer 1005 sent the 'have' message to Peer 1001 for the piece 30.
[2025/12/03 19:05:55] Peer 1005 sent 'request' for piece 31 to Peer 1002.
[2025/12/03 19:05:55] Peer 1005 sent the 'have' message to Peer 1002 for the piece 30.
[2025/12/03 19:05:55] Peer 1005 sent the 'have' message to Peer 1003 for the piece 30.
[2025/12/03 19:05:55] Peer 1005 sent the 'have' message to Peer 1004 for the piece 30.
[2025/12/03 19:05:55] Peer 1005 sent 'request' for piece 32 to Peer 1004.
[2025/12/03 19:05:55] Peer 1005 has downloaded the piece 31 from Peer 1004. Now the number of pieces it has is 32.
[2025/12/03 19:05:55] Peer 1005 received the 'have' message from Peer 1002 for the piece 60.
[2025/12/03 19:05:55] Peer 1005 sent the 'have' message to Peer 1001 for the piece 31.
[2025/12/03 19:05:55] Peer 1005 sent 'request' for piece 32 to Peer 1001.
[2025/12/03 19:05:55] Peer 1005 sent 'request' for piece 32 to Peer 1003.
[2025/12/03 19:05:55] Peer 1005 updated its view of Peer 1002's bitfield: fffffffffffffff800000000000000000000000000000000000000000000000000000000000000000000000000000000000000000000000000000000000000000000000000000000000000000000000000000000000000000000000000000000000000000000000000000000000000000000000000000000000000000000000000000000000000000000000000000000000000000000000000000000000000000000000000000000000000000000000000000000000000000000.
[2025/12/03 19:05:55] Peer 1005 sent the 'have' message to Peer 1002 for the piece 31.
[2025/12/03 19:05:55] Peer 1005 sent 'request' for piece 32 to Peer 1002.
[2025/12/03 19:05:55] Peer 1005 sent the 'have' message to Peer 1003 for the piece 31.
[2025/12/03 19:05:55] Peer 1005 sent the 'have' message to Peer 1004 for the piece 31.
[2025/12/03 19:05:55] Peer 1005 sent 'request' for piece 33 to Peer 1004.
[2025/12/03 19:05:55] Peer 1005 has downloaded the piece 32 from Peer 1004. Now the number of pieces it has is 33.
[2025/12/03 19:05:55] Peer 1005 sent 'request' for piece 33 to Peer 1002.
[2025/12/03 19:05:55] Peer 1005 sent the 'have' message to Peer 1001 for the piece 32.
[2025/12/03 19:05:55] Peer 1005 sent the 'have' message to Peer 1002 for the piece 32.
[2025/12/03 19:05:55] Peer 1005 sent the 'have' message to Peer 1003 for the piece 32.
[2025/12/03 19:05:55] Peer 1005 sent the 'have' message to Peer 1004 for the piece 32.
[2025/12/03 19:05:55] Peer 1005 sent 'request' for piece 34 to Peer 1004.
[2025/12/03 19:05:55] Peer 1005 has downloaded the piece 33 from Peer 1004. Now the number of pieces it has is 34.
[2025/12/03 19:05:55] Peer 1005 sent the 'have' message to Peer 1001 for the piece 33.
[2025/12/03 19:05:55] Peer 1005 sent the 'have' message to Peer 1002 for the piece 33.
[2025/12/03 19:05:55] Peer 1005 sent the 'have' message to Peer 1003 for the piece 33.
[2025/12/03 19:05:55] Peer 1005 sent the 'have' message to Peer 1004 for the piece 33.
[2025/12/03 19:05:55] Peer 1005 sent 'request' for piece 35 to Peer 1004.
[2025/12/03 19:05:55] Peer 1005 received the 'have' message from Peer 1004 for the piece 61.
[2025/12/03 19:05:55] Peer 1005 updated its view of Peer 1004's bitfield: fffffffffffffffc00000000000000000000000000000000000000000000000000000000000000000000000000000000000000000000000000000000000000000000000000000000000000000000000000000000000000000000000000000000000000000000000000000000000000000000000000000000000000000000000000000000000000000000000000000000000000000000000000000000000000000000000000000000000000000000000000000000000000000000.
[2025/12/03 19:05:55] Peer 1005 sent 'request' for piece 36 to Peer 1004.
[2025/12/03 19:05:55] Peer 1005 has downloaded the piece 34 from Peer 1004. Now the number of pieces it has is 35.
[2025/12/03 19:05:55] Peer 1005 sent the 'have' message to Peer 1001 for the piece 34.
[2025/12/03 19:05:55] Peer 1005 sent the 'have' message to Peer 1002 for the piece 34.
[2025/12/03 19:05:55] Peer 1005 sent 'request' for piece 35 to Peer 1003.
[2025/12/03 19:05:55] Peer 1005 sent the 'have' message to Peer 1003 for the piece 34.
[2025/12/03 19:05:55] Peer 1005 sent 'request' for piece 35 to Peer 1002.
[2025/12/03 19:05:55] Peer 1005 sent 'request' for piece 36 to Peer 1003.
[2025/12/03 19:05:55] Peer 1005 sent the 'have' message to Peer 1004 for the piece 34.
[2025/12/03 19:05:55] Peer 1005 sent 'request' for piece 36 to Peer 1002.
[2025/12/03 19:05:55] Peer 1005 sent 'request' for piece 37 to Peer 1004.
[2025/12/03 19:05:55] Peer 1005 sent 'request' for piece 37 to Peer 1003.
[2025/12/03 19:05:55] Peer 1005 sent 'request' for piece 37 to Peer 1002.
[2025/12/03 19:05:55] Peer 1005 has downloaded the piece 35 from Peer 1004. Now the number of pieces it has is 36.
[2025/12/03 19:05:55] Peer 1005 sent the 'have' message to Peer 1001 for the piece 35.
[2025/12/03 19:05:55] Peer 1005 sent 'request' for piece 38 to Peer 1002.
[2025/12/03 19:05:55] Peer 1005 sent the 'have' message to Peer 1002 for the piece 35.
[2025/12/03 19:05:55] Peer 1005 sent the 'have' message to Peer 1003 for the piece 35.
[2025/12/03 19:05:55] Peer 1005 sent the 'have' message to Peer 1004 for the piece 35.
[2025/12/03 19:05:55] Peer 1005 sent 'request' for piece 38 to Peer 1004.
[2025/12/03 19:05:55] Peer 1005 has downloaded the piece 36 from Peer 1004. Now the number of pieces it has is 37.
[2025/12/03 19:05:55] Peer 1005 sent the 'have' message to Peer 1001 for the piece 36.
[2025/12/03 19:05:55] Peer 1005 sent the 'have' message to Peer 1002 for the piece 36.
[2025/12/03 19:05:55] Peer 1005 sent the 'have' message to Peer 1003 for the piece 36.
[2025/12/03 19:05:55] Peer 1005 sent the 'have' message to Peer 1004 for the piece 36.
[2025/12/03 19:05:55] Peer 1005 sent 'request' for piece 39 to Peer 1004.
[2025/12/03 19:05:55] Peer 1005 has downloaded the piece 37 from Peer 1004. Now the number of pieces it has is 38.
[2025/12/03 19:05:55] Peer 1005 sent the 'have' message to Peer 1001 for the piece 37.
[2025/12/03 19:05:55] Peer 1005 sent the 'have' message to Peer 1002 for the piece 37.
[2025/12/03 19:05:55] Peer 1005 sent the 'have' message to Peer 1003 for the piece 37.
[2025/12/03 19:05:55] Peer 1005 sent the 'have' message to Peer 1004 for the piece 37.
[2025/12/03 19:05:55] Peer 1005 sent 'request' for piece 40 to Peer 1004.
[2025/12/03 19:05:55] Peer 1005 has downloaded the piece 38 from Peer 1004. Now the number of pieces it has is 39.
[2025/12/03 19:05:55] Peer 1005 sent the 'have' message to Peer 1001 for the piece 38.
[2025/12/03 19:05:55] Peer 1005 sent the 'have' message to Peer 1002 for the piece 38.
[2025/12/03 19:05:55] Peer 1005 sent the 'have' message to Peer 1003 for the piece 38.
[2025/12/03 19:05:55] Peer 1005 sent the 'have' message to Peer 1004 for the piece 38.
[2025/12/03 19:05:55] Peer 1005 sent 'request' for piece 41 to Peer 1004.
[2025/12/03 19:05:55] Peer 1005 has downloaded the piece 39 from Peer 1004. Now the number of pieces it has is 40.
[2025/12/03 19:05:55] Peer 1005 sent the 'have' message to Peer 1001 for the piece 39.
[2025/12/03 19:05:55] Peer 1005 sent the 'have' message to Peer 1002 for the piece 39.
[2025/12/03 19:05:55] Peer 1005 sent the 'have' message to Peer 1003 for the piece 39.
[2025/12/03 19:05:55] Peer 1005 sent the 'have' message to Peer 1004 for the piece 39.
[2025/12/03 19:05:55] Peer 1005 sent 'request' for piece 42 to Peer 1004.
[2025/12/03 19:05:55] Peer 1005 has downloaded the piece 40 from Peer 1004. Now the number of pieces it has is 41.
[2025/12/03 19:05:55] Peer 1005 sent the 'have' message to Peer 1001 for the piece 40.
[2025/12/03 19:05:55] Peer 1005 sent the 'have' message to Peer 1002 for the piece 40.
[2025/12/03 19:05:55] Peer 1005 sent the 'have' message to Peer 1003 for the piece 40.
[2025/12/03 19:05:55] Peer 1005 sent the 'have' message to Peer 1004 for the piece 40.
[2025/12/03 19:05:55] Peer 1005 sent 'request' for piece 43 to Peer 1004.
[2025/12/03 19:05:55] Peer 1005 has downloaded the piece 41 from Peer 1004. Now the number of pieces it has is 42.
[2025/12/03 19:05:55] Peer 1005 sent the 'have' message to Peer 1001 for the piece 41.
[2025/12/03 19:05:55] Peer 1005 sent 'request' for piece 42 to Peer 1001.
[2025/12/03 19:05:55] Peer 1005 sent the 'have' message to Peer 1002 for the piece 41.
[2025/12/03 19:05:55] Peer 1005 sent the 'have' message to Peer 1003 for the piece 41.
[2025/12/03 19:05:55] Peer 1005 sent the 'have' message to Peer 1004 for the piece 41.
[2025/12/03 19:05:55] Peer 1005 sent 'request' for piece 44 to Peer 1004.
[2025/12/03 19:05:55] Peer 1005 sent 'request' for piece 42 to Peer 1002.
[2025/12/03 19:05:55] Peer 1005 sent 'request' for piece 42 to Peer 1003.
[2025/12/03 19:05:55] Peer 1005 has downloaded the piece 42 from Peer 1004. Now the number of pieces it has is 43.
[2025/12/03 19:05:55] Peer 1005 sent 'request' for piece 43 to Peer 1002.
[2025/12/03 19:05:55] Peer 1005 sent the 'have' message to Peer 1001 for the piece 42.
[2025/12/03 19:05:55] Peer 1005 sent 'request' for piece 43 to Peer 1003.
[2025/12/03 19:05:55] Peer 1005 sent the 'have' message to Peer 1002 for the piece 42.
[2025/12/03 19:05:55] Peer 1005 sent the 'have' message to Peer 1003 for the piece 42.
[2025/12/03 19:05:55] Peer 1005 sent the 'have' message to Peer 1004 for the piece 42.
[2025/12/03 19:05:55] Peer 1005 sent 'request' for piece 45 to Peer 1004.
[2025/12/03 19:05:55] Peer 1005 has downloaded the piece 43 from Peer 1004. Now the number of pieces it has is 44.
[2025/12/03 19:05:55] Peer 1005 sent the 'have' message to Peer 1001 for the piece 43.
[2025/12/03 19:05:55] Peer 1005 sent the 'have' message to Peer 1002 for the piece 43.
[2025/12/03 19:05:55] Peer 1005 sent the 'have' message to Peer 1003 for the piece 43.
[2025/12/03 19:05:55] Peer 1005 sent the 'have' message to Peer 1004 for the piece 43.
[2025/12/03 19:05:55] Peer 1005 sent 'request' for piece 46 to Peer 1004.
[2025/12/03 19:05:55] Peer 1005 sent 'request' for piece 44 to Peer 1003.
[2025/12/03 19:05:55] Peer 1005 sent 'request' for piece 44 to Peer 1002.
[2025/12/03 19:05:55] Peer 1005 received the 'have' message from Peer 1003 for the piece 61.
[2025/12/03 19:05:55] Peer 1005 has downloaded the piece 44 from Peer 1004. Now the number of pieces it has is 45.
[2025/12/03 19:05:55] Peer 1005 updated its view of Peer 1003's bitfield: fffffffffffffffc00000000000000000000000000000000000000000000000000000000000000000000000000000000000000000000000000000000000000000000000000000000000000000000000000000000000000000000000000000000000000000000000000000000000000000000000000000000000000000000000000000000000000000000000000000000000000000000000000000000000000000000000000000000000000000000000000000000000000000000.
[2025/12/03 19:05:55] Peer 1005 sent 'request' for piece 45 to Peer 1002.
[2025/12/03 19:05:55] Peer 1005 sent the 'have' message to Peer 1001 for the piece 44.
[2025/12/03 19:05:55] Peer 1005 sent 'request' for piece 45 to Peer 1003.
[2025/12/03 19:05:55] Peer 1005 sent the 'have' message to Peer 1002 for the piece 44.
[2025/12/03 19:05:55] Peer 1005 sent the 'have' message to Peer 1003 for the piece 44.
[2025/12/03 19:05:55] Peer 1005 received the 'have' message from Peer 1002 for the piece 61.
[2025/12/03 19:05:55] Peer 1005 sent the 'have' message to Peer 1004 for the piece 44.
[2025/12/03 19:05:55] Peer 1005 sent 'request' for piece 46 to Peer 1003.
[2025/12/03 19:05:55] Peer 1005 updated its view of Peer 1002's bitfield: fffffffffffffffc00000000000000000000000000000000000000000000000000000000000000000000000000000000000000000000000000000000000000000000000000000000000000000000000000000000000000000000000000000000000000000000000000000000000000000000000000000000000000000000000000000000000000000000000000000000000000000000000000000000000000000000000000000000000000000000000000000000000000000000.
[2025/12/03 19:05:55] Peer 1005 sent 'request' for piece 47 to Peer 1004.
[2025/12/03 19:05:55] Peer 1005 sent 'request' for piece 46 to Peer 1002.
[2025/12/03 19:05:55] Peer 1005 sent 'request' for piece 47 to Peer 1003.
[2025/12/03 19:05:55] Peer 1005 has downloaded the piece 45 from Peer 1004. Now the number of pieces it has is 46.
[2025/12/03 19:05:55] Peer 1005 sent 'request' for piece 47 to Peer 1002.
[2025/12/03 19:05:55] Peer 1005 sent the 'have' message to Peer 1001 for the piece 45.
[2025/12/03 19:05:55] Peer 1005 sent 'request' for piece 48 to Peer 1003.
[2025/12/03 19:05:55] Peer 1005 sent the 'have' message to Peer 1002 for the piece 45.
[2025/12/03 19:05:55] Peer 1005 sent 'request' for piece 48 to Peer 1002.
[2025/12/03 19:05:55] Peer 1005 sent the 'have' message to Peer 1003 for the piece 45.
[2025/12/03 19:05:55] Peer 1005 sent the 'have' message to Peer 1004 for the piece 45.
[2025/12/03 19:05:55] Peer 1005 sent 'request' for piece 48 to Peer 1004.
[2025/12/03 19:05:55] Peer 1005 sent 'request' for piece 49 to Peer 1003.
[2025/12/03 19:05:55] Peer 1005 sent 'request' for piece 49 to Peer 1002.
[2025/12/03 19:05:55] Peer 1005 has downloaded the piece 46 from Peer 1004. Now the number of pieces it has is 47.
[2025/12/03 19:05:55] Peer 1005 sent the 'have' message to Peer 1001 for the piece 46.
[2025/12/03 19:05:55] Peer 1005 sent 'request' for piece 50 to Peer 1002.
[2025/12/03 19:05:55] Peer 1005 sent the 'have' message to Peer 1002 for the piece 46.
[2025/12/03 19:05:55] Peer 1005 sent the 'have' message to Peer 1003 for the piece 46.
[2025/12/03 19:05:55] Peer 1005 sent the 'have' message to Peer 1004 for the piece 46.
[2025/12/03 19:05:55] Peer 1005 sent 'request' for piece 49 to Peer 1004.
[2025/12/03 19:05:55] Peer 1005 received the 'have' message from Peer 1004 for the piece 62.
[2025/12/03 19:05:55] Peer 1005 updated its view of Peer 1004's bitfield: fffffffffffffffe00000000000000000000000000000000000000000000000000000000000000000000000000000000000000000000000000000000000000000000000000000000000000000000000000000000000000000000000000000000000000000000000000000000000000000000000000000000000000000000000000000000000000000000000000000000000000000000000000000000000000000000000000000000000000000000000000000000000000000000.
[2025/12/03 19:05:55] Peer 1005 sent 'request' for piece 50 to Peer 1003.
[2025/12/03 19:05:55] Peer 1005 sent 'request' for piece 50 to Peer 1004.
[2025/12/03 19:05:55] Peer 1005 has downloaded the piece 47 from Peer 1004. Now the number of pieces it has is 48.
[2025/12/03 19:05:55] Peer 1005 sent 'request' for piece 51 to Peer 1003.
[2025/12/03 19:05:55] Peer 1005 sent 'request' for piece 48 to Peer 1001.
[2025/12/03 19:05:55] Peer 1005 sent the 'have' message to Peer 1001 for the piece 47.
[2025/12/03 19:05:55] Peer 1005 sent the 'have' message to Peer 1002 for the piece 47.
[2025/12/03 19:05:55] Peer 1005 sent the 'have' message to Peer 1003 for the piece 47.
[2025/12/03 19:05:55] Peer 1005 sent the 'have' message to Peer 1004 for the piece 47.
[2025/12/03 19:05:55] Peer 1005 received the 'have' message from Peer 1003 for the piece 62.
[2025/12/03 19:05:55] Peer 1005 sent 'request' for piece 51 to Peer 1004.
[2025/12/03 19:05:55] Peer 1005 updated its view of Peer 1003's bitfield: fffffffffffffffe00000000000000000000000000000000000000000000000000000000000000000000000000000000000000000000000000000000000000000000000000000000000000000000000000000000000000000000000000000000000000000000000000000000000000000000000000000000000000000000000000000000000000000000000000000000000000000000000000000000000000000000000000000000000000000000000000000000000000000000.
[2025/12/03 19:05:55] Peer 1005 sent 'request' for piece 52 to Peer 1003.
[2025/12/03 19:05:55] Peer 1005 has downloaded the piece 48 from Peer 1004. Now the number of pieces it has is 49.
[2025/12/03 19:05:55] Peer 1005 sent the 'have' message to Peer 1001 for the piece 48.
[2025/12/03 19:05:55] Peer 1005 sent the 'have' message to Peer 1002 for the piece 48.
[2025/12/03 19:05:55] Peer 1005 sent the 'have' message to Peer 1003 for the piece 48.
[2025/12/03 19:05:55] Peer 1005 sent the 'have' message to Peer 1004 for the piece 48.
[2025/12/03 19:05:55] Peer 1005 sent 'request' for piece 52 to Peer 1004.
[2025/12/03 19:05:55] Peer 1005 has downloaded the piece 49 from Peer 1004. Now the number of pieces it has is 50.
[2025/12/03 19:05:55] Peer 1005 sent the 'have' message to Peer 1001 for the piece 49.
[2025/12/03 19:05:55] Peer 1005 sent the 'have' message to Peer 1002 for the piece 49.
[2025/12/03 19:05:55] Peer 1005 sent the 'have' message to Peer 1003 for the piece 49.
[2025/12/03 19:05:55] Peer 1005 sent the 'have' message to Peer 1004 for the piece 49.
[2025/12/03 19:05:55] Peer 1005 sent 'request' for piece 53 to Peer 1004.
[2025/12/03 19:05:55] Peer 1005 has downloaded the piece 50 from Peer 1004. Now the number of pieces it has is 51.
[2025/12/03 19:05:55] Peer 1005 sent the 'have' message to Peer 1001 for the piece 50.
[2025/12/03 19:05:55] Peer 1005 sent the 'have' message to Peer 1002 for the piece 50.
[2025/12/03 19:05:55] Peer 1005 sent the 'have' message to Peer 1003 for the piece 50.
[2025/12/03 19:05:55] Peer 1005 sent 'request' for piece 53 to Peer 1003.
[2025/12/03 19:05:55] Peer 1005 sent 'request' for piece 51 to Peer 1002.
[2025/12/03 19:05:55] Peer 1005 sent the 'have' message to Peer 1004 for the piece 50.
[2025/12/03 19:05:55] Peer 1005 sent 'request' for piece 54 to Peer 1004.
[2025/12/03 19:05:55] Peer 1005 has downloaded the piece 51 from Peer 1004. Now the number of pieces it has is 52.
[2025/12/03 19:05:55] Peer 1005 sent the 'have' message to Peer 1001 for the piece 51.
[2025/12/03 19:05:55] Peer 1005 sent the 'have' message to Peer 1002 for the piece 51.
[2025/12/03 19:05:55] Peer 1005 sent the 'have' message to Peer 1003 for the piece 51.
[2025/12/03 19:05:55] Peer 1005 sent the 'have' message to Peer 1004 for the piece 51.
[2025/12/03 19:05:55] Peer 1005 sent 'request' for piece 55 to Peer 1004.
[2025/12/03 19:05:55] Peer 1005 has downloaded the piece 52 from Peer 1004. Now the number of pieces it has is 53.
[2025/12/03 19:05:55] Peer 1005 sent the 'have' message to Peer 1001 for the piece 52.
[2025/12/03 19:05:55] Peer 1005 sent the 'have' message to Peer 1002 for the piece 52.
[2025/12/03 19:05:55] Peer 1005 sent the 'have' message to Peer 1003 for the piece 52.
[2025/12/03 19:05:55] Peer 1005 sent the 'have' message to Peer 1004 for the piece 52.
[2025/12/03 19:05:55] Peer 1005 sent 'request' for piece 56 to Peer 1004.
[2025/12/03 19:05:55] Peer 1005 has downloaded the piece 53 from Peer 1004. Now the number of pieces it has is 54.
[2025/12/03 19:05:55] Peer 1005 sent the 'have' message to Peer 1001 for the piece 53.
[2025/12/03 19:05:55] Peer 1005 sent the 'have' message to Peer 1002 for the piece 53.
[2025/12/03 19:05:55] Peer 1005 sent the 'have' message to Peer 1003 for the piece 53.
[2025/12/03 19:05:55] Peer 1005 sent the 'have' message to Peer 1004 for the piece 53.
[2025/12/03 19:05:55] Peer 1005 sent 'request' for piece 57 to Peer 1004.
[2025/12/03 19:05:55] Peer 1005 has downloaded the piece 54 from Peer 1004. Now the number of pieces it has is 55.
[2025/12/03 19:05:55] Peer 1005 sent the 'have' message to Peer 1001 for the piece 54.
[2025/12/03 19:05:55] Peer 1005 sent the 'have' message to Peer 1002 for the piece 54.
[2025/12/03 19:05:55] Peer 1005 sent the 'have' message to Peer 1003 for the piece 54.
[2025/12/03 19:05:55] Peer 1005 sent the 'have' message to Peer 1004 for the piece 54.
[2025/12/03 19:05:55] Peer 1005 sent 'request' for piece 58 to Peer 1004.
[2025/12/03 19:05:55] Peer 1005 has downloaded the piece 55 from Peer 1004. Now the number of pieces it has is 56.
[2025/12/03 19:05:55] Peer 1005 sent the 'have' message to Peer 1001 for the piece 55.
[2025/12/03 19:05:55] Peer 1005 sent the 'have' message to Peer 1002 for the piece 55.
[2025/12/03 19:05:55] Peer 1005 sent the 'have' message to Peer 1003 for the piece 55.
[2025/12/03 19:05:55] Peer 1005 sent the 'have' message to Peer 1004 for the piece 55.
[2025/12/03 19:05:55] Peer 1005 sent 'request' for piece 59 to Peer 1004.
[2025/12/03 19:05:55] Peer 1005 received the 'have' message from Peer 1004 for the piece 63.
[2025/12/03 19:05:55] Peer 1005 updated its view of Peer 1004's bitfield: ffffffffffffffff00000000000000000000000000000000000000000000000000000000000000000000000000000000000000000000000000000000000000000000000000000000000000000000000000000000000000000000000000000000000000000000000000000000000000000000000000000000000000000000000000000000000000000000000000000000000000000000000000000000000000000000000000000000000000000000000000000000000000000000.
[2025/12/03 19:05:55] Peer 1005 sent 'request' for piece 60 to Peer 1004.
[2025/12/03 19:05:55] Peer 1005 has downloaded the piece 56 from Peer 1004. Now the number of pieces it has is 57.
[2025/12/03 19:05:55] Peer 1005 sent the 'have' message to Peer 1001 for the piece 56.
[2025/12/03 19:05:55] Peer 1005 sent 'request' for piece 57 to Peer 1001.
[2025/12/03 19:05:55] Peer 1005 sent the 'have' message to Peer 1002 for the piece 56.
[2025/12/03 19:05:55] Peer 1005 sent the 'have' message to Peer 1003 for the piece 56.
[2025/12/03 19:05:55] Peer 1005 sent the 'have' message to Peer 1004 for the piece 56.
[2025/12/03 19:05:55] Peer 1005 sent 'request' for piece 61 to Peer 1004.
[2025/12/03 19:05:55] Peer 1005 has downloaded the piece 57 from Peer 1004. Now the number of pieces it has is 58.
[2025/12/03 19:05:55] Peer 1005 sent the 'have' message to Peer 1001 for the piece 57.
[2025/12/03 19:05:55] Peer 1005 sent the 'have' message to Peer 1002 for the piece 57.
[2025/12/03 19:05:55] Peer 1005 sent the 'have' message to Peer 1003 for the piece 57.
[2025/12/03 19:05:55] Peer 1005 sent the 'have' message to Peer 1004 for the piece 57.
[2025/12/03 19:05:55] Peer 1005 sent 'request' for piece 62 to Peer 1004.
[2025/12/03 19:05:55] Peer 1005 has downloaded the piece 58 from Peer 1004. Now the number of pieces it has is 59.
[2025/12/03 19:05:55] Peer 1005 sent the 'have' message to Peer 1001 for the piece 58.
[2025/12/03 19:05:55] Peer 1005 sent the 'have' message to Peer 1002 for the piece 58.
[2025/12/03 19:05:55] Peer 1005 sent the 'have' message to Peer 1003 for the piece 58.
[2025/12/03 19:05:55] Peer 1005 sent the 'have' message to Peer 1004 for the piece 58.
[2025/12/03 19:05:55] Peer 1005 sent 'request' for piece 63 to Peer 1004.
[2025/12/03 19:05:55] Peer 1005 has downloaded the piece 59 from Peer 1004. Now the number of pieces it has is 60.
[2025/12/03 19:05:55] Peer 1005 sent the 'have' message to Peer 1001 for the piece 59.
[2025/12/03 19:05:55] Peer 1005 sent the 'have' message to Peer 1002 for the piece 59.
[2025/12/03 19:05:55] Peer 1005 sent the 'have' message to Peer 1003 for the piece 59.
[2025/12/03 19:05:55] Peer 1005 sent the 'have' message to Peer 1004 for the piece 59.
[2025/12/03 19:05:55] Peer 1005 has downloaded the piece 60 from Peer 1004. Now the number of pieces it has is 61.
[2025/12/03 19:05:55] Peer 1005 sent the 'have' message to Peer 1001 for the piece 60.
[2025/12/03 19:05:55] Peer 1005 sent the 'have' message to Peer 1002 for the piece 60.
[2025/12/03 19:05:55] Peer 1005 sent the 'have' message to Peer 1003 for the piece 60.
[2025/12/03 19:05:55] Peer 1005 sent the 'have' message to Peer 1004 for the piece 60.
[2025/12/03 19:05:55] Peer 1005 has downloaded the piece 61 from Peer 1004. Now the number of pieces it has is 62.
[2025/12/03 19:05:55] Peer 1005 sent the 'have' message to Peer 1001 for the piece 61.
[2025/12/03 19:05:55] Peer 1005 sent the 'have' message to Peer 1002 for the piece 61.
[2025/12/03 19:05:55] Peer 1005 sent the 'have' message to Peer 1003 for the piece 61.
[2025/12/03 19:05:55] Peer 1005 sent the 'have' message to Peer 1004 for the piece 61.
[2025/12/03 19:05:55] Peer 1005 sent the 'not interested' message to Peer 1002.
[2025/12/03 19:05:55] Peer 1005 sent 'request' for piece 62 to Peer 1003.
[2025/12/03 19:05:55] Peer 1005 has downloaded the piece 62 from Peer 1004. Now the number of pieces it has is 63.
[2025/12/03 19:05:55] Peer 1005 received the 'have' message from Peer 1002 for the piece 62.
[2025/12/03 19:05:55] Peer 1005 sent the 'have' message to Peer 1001 for the piece 62.
[2025/12/03 19:05:55] Peer 1005 sent the 'not interested' message to Peer 1003.
[2025/12/03 19:05:55] Peer 1005 updated its view of Peer 1002's bitfield: fffffffffffffffe00000000000000000000000000000000000000000000000000000000000000000000000000000000000000000000000000000000000000000000000000000000000000000000000000000000000000000000000000000000000000000000000000000000000000000000000000000000000000000000000000000000000000000000000000000000000000000000000000000000000000000000000000000000000000000000000000000000000000000000.
[2025/12/03 19:05:55] Peer 1005 sent the 'have' message to Peer 1002 for the piece 62.
[2025/12/03 19:05:55] Peer 1005 sent the 'have' message to Peer 1003 for the piece 62.
[2025/12/03 19:05:55] Peer 1005 sent the 'have' message to Peer 1004 for the piece 62.
[2025/12/03 19:05:55] Peer 1005 sent 'request' for piece 63 to Peer 1001.
[2025/12/03 19:05:55] Peer 1005 has downloaded the piece 63 from Peer 1004. Now the number of pieces it has is 64.
[2025/12/03 19:05:55] Peer 1005 sent the 'have' message to Peer 1001 for the piece 63.
[2025/12/03 19:05:55] Peer 1005 sent the 'have' message to Peer 1002 for the piece 63.
[2025/12/03 19:05:55] Peer 1005 sent the 'have' message to Peer 1003 for the piece 63.
[2025/12/03 19:05:55] Peer 1005 sent the 'have' message to Peer 1004 for the piece 63.
[2025/12/03 19:05:55] Peer 1005 sent the 'not interested' message to Peer 1004.
[2025/12/03 19:05:55] Peer 1005 received the 'have' message from Peer 1004 for the piece 64.
[2025/12/03 19:05:55] Peer 1005 updated its view of Peer 1004's bitfield: ffffffffffffffff80000000000000000000000000000000000000000000000000000000000000000000000000000000000000000000000000000000000000000000000000000000000000000000000000000000000000000000000000000000000000000000000000000000000000000000000000000000000000000000000000000000000000000000000000000000000000000000000000000000000000000000000000000000000000000000000000000000000000000000.
[2025/12/03 19:05:55] Peer 1005 sent the 'interested' message to Peer 1004.
[2025/12/03 19:05:55] Peer 1005 sent 'request' for piece 64 to Peer 1004.
[2025/12/03 19:05:55] Peer 1005 has downloaded the piece 64 from Peer 1004. Now the number of pieces it has is 65.
[2025/12/03 19:05:55] Peer 1005 sent the 'have' message to Peer 1001 for the piece 64.
[2025/12/03 19:05:55] Peer 1005 sent the 'have' message to Peer 1002 for the piece 64.
[2025/12/03 19:05:55] Peer 1005 sent the 'have' message to Peer 1003 for the piece 64.
[2025/12/03 19:05:55] Peer 1005 sent the 'have' message to Peer 1004 for the piece 64.
[2025/12/03 19:05:55] Peer 1005 sent the 'not interested' message to Peer 1004.
[2025/12/03 19:05:55] Peer 1005 received the 'have' message from Peer 1003 for the piece 63.
[2025/12/03 19:05:55] Peer 1005 updated its view of Peer 1003's bitfield: ffffffffffffffff00000000000000000000000000000000000000000000000000000000000000000000000000000000000000000000000000000000000000000000000000000000000000000000000000000000000000000000000000000000000000000000000000000000000000000000000000000000000000000000000000000000000000000000000000000000000000000000000000000000000000000000000000000000000000000000000000000000000000000000.
[2025/12/03 19:05:55] Peer 1005 sent 'request' for piece 65 to Peer 1001.
[2025/12/03 19:05:55] Peer 1005 received the 'have' message from Peer 1004 for the piece 65.
[2025/12/03 19:05:55] Peer 1005 updated its view of Peer 1004's bitfield: ffffffffffffffffc0000000000000000000000000000000000000000000000000000000000000000000000000000000000000000000000000000000000000000000000000000000000000000000000000000000000000000000000000000000000000000000000000000000000000000000000000000000000000000000000000000000000000000000000000000000000000000000000000000000000000000000000000000000000000000000000000000000000000000000.
[2025/12/03 19:05:55] Peer 1005 sent the 'interested' message to Peer 1004.
[2025/12/03 19:05:55] Peer 1005 sent 'request' for piece 65 to Peer 1004.
[2025/12/03 19:05:55] Peer 1005 has downloaded the piece 65 from Peer 1004. Now the number of pieces it has is 66.
[2025/12/03 19:05:55] Peer 1005 sent the 'have' message to Peer 1001 for the piece 65.
[2025/12/03 19:05:55] Peer 1005 sent the 'have' message to Peer 1002 for the piece 65.
[2025/12/03 19:05:55] Peer 1005 sent the 'have' message to Peer 1003 for the piece 65.
[2025/12/03 19:05:55] Peer 1005 sent the 'have' message to Peer 1004 for the piece 65.
[2025/12/03 19:05:55] Peer 1005 sent the 'not interested' message to Peer 1004.
[2025/12/03 19:05:55] Peer 1005 received the 'have' message from Peer 1003 for the piece 64.
[2025/12/03 19:05:55] Peer 1005 updated its view of Peer 1003's bitfield: ffffffffffffffff80000000000000000000000000000000000000000000000000000000000000000000000000000000000000000000000000000000000000000000000000000000000000000000000000000000000000000000000000000000000000000000000000000000000000000000000000000000000000000000000000000000000000000000000000000000000000000000000000000000000000000000000000000000000000000000000000000000000000000000.
[2025/12/03 19:05:55] Peer 1005 received the 'have' message from Peer 1002 for the piece 63.
[2025/12/03 19:05:55] Peer 1005 updated its view of Peer 1002's bitfield: ffffffffffffffff00000000000000000000000000000000000000000000000000000000000000000000000000000000000000000000000000000000000000000000000000000000000000000000000000000000000000000000000000000000000000000000000000000000000000000000000000000000000000000000000000000000000000000000000000000000000000000000000000000000000000000000000000000000000000000000000000000000000000000000.
[2025/12/03 19:05:55] Peer 1005 received the 'have' message from Peer 1002 for the piece 64.
[2025/12/03 19:05:55] Peer 1005 updated its view of Peer 1002's bitfield: ffffffffffffffff80000000000000000000000000000000000000000000000000000000000000000000000000000000000000000000000000000000000000000000000000000000000000000000000000000000000000000000000000000000000000000000000000000000000000000000000000000000000000000000000000000000000000000000000000000000000000000000000000000000000000000000000000000000000000000000000000000000000000000000.
[2025/12/03 19:05:55] Peer 1005 received the 'interested' message from Peer 1002.
[2025/12/03 19:05:55] Peer 1005 sent 'request' for piece 66 to Peer 1001.
[2025/12/03 19:05:55] Peer 1005 received the 'interested' message from Peer 1003.
[2025/12/03 19:05:55] Peer 1005 has downloaded the piece 66 from Peer 1001. Now the number of pieces it has is 3.
[2025/12/03 19:05:55] Peer 1005 sent the 'have' message to Peer 1001 for the piece 66.
[2025/12/03 19:05:55] Peer 1005 sent the 'have' message to Peer 1002 for the piece 66.
[2025/12/03 19:05:55] Peer 1005 sent the 'have' message to Peer 1003 for the piece 66.
[2025/12/03 19:05:55] Peer 1005 sent the 'have' message to Peer 1004 for the piece 66.
[2025/12/03 19:05:55] Peer 1005 sent 'request' for piece 67 to Peer 1001.
[2025/12/03 19:05:55] Peer 1005 received the 'interested' message from Peer 1004.
[2025/12/03 19:05:55] Peer 1005 sent 'piece' message for piece 66 to Peer 1004.
[2025/12/03 19:05:55] Peer 1005 received the 'have' message from Peer 1004 for the piece 66.
[2025/12/03 19:05:55] Peer 1005 updated its view of Peer 1004's bitfield: ffffffffffffffffe0000000000000000000000000000000000000000000000000000000000000000000000000000000000000000000000000000000000000000000000000000000000000000000000000000000000000000000000000000000000000000000000000000000000000000000000000000000000000000000000000000000000000000000000000000000000000000000000000000000000000000000000000000000000000000000000000000000000000000000.
[2025/12/03 19:05:55] Peer 1005 received the 'not interested' message from Peer 1004.
[2025/12/03 19:05:55] Peer 1005 sent 'piece' message for piece 65 to Peer 1003.
[2025/12/03 19:05:55] Peer 1005 sent 'piece' message for piece 65 to Peer 1002.
[2025/12/03 19:05:55] Peer 1005 sent 'piece' message for piece 66 to Peer 1003.
[2025/12/03 19:05:55] Peer 1005 received the 'have' message from Peer 1003 for the piece 65.
[2025/12/03 19:05:55] Peer 1005 updated its view of Peer 1003's bitfield: ffffffffffffffffc0000000000000000000000000000000000000000000000000000000000000000000000000000000000000000000000000000000000000000000000000000000000000000000000000000000000000000000000000000000000000000000000000000000000000000000000000000000000000000000000000000000000000000000000000000000000000000000000000000000000000000000000000000000000000000000000000000000000000000000.
[2025/12/03 19:05:55] Peer 1005 is choked by Peer 1003.
[2025/12/03 19:05:55] Peer 1005 sent 'piece' message for piece 66 to Peer 1002.
[2025/12/03 19:05:55] Peer 1005 received the 'have' message from Peer 1002 for the piece 65.
[2025/12/03 19:05:55] Peer 1005 updated its view of Peer 1002's bitfield: ffffffffffffffffc0000000000000000000000000000000000000000000000000000000000000000000000000000000000000000000000000000000000000000000000000000000000000000000000000000000000000000000000000000000000000000000000000000000000000000000000000000000000000000000000000000000000000000000000000000000000000000000000000000000000000000000000000000000000000000000000000000000000000000000.
[2025/12/03 19:05:55] Peer 1005 has downloaded the piece 67 from Peer 1001. Now the number of pieces it has is 4.
[2025/12/03 19:05:55] Peer 1005 sent the 'have' message to Peer 1001 for the piece 67.
[2025/12/03 19:05:55] Peer 1005 sent the 'have' message to Peer 1002 for the piece 67.
[2025/12/03 19:05:55] Peer 1005 sent the 'have' message to Peer 1003 for the piece 67.
[2025/12/03 19:05:55] Peer 1005 received the 'have' message from Peer 1004 for the piece 67.
[2025/12/03 19:05:55] Peer 1005 sent the 'have' message to Peer 1004 for the piece 67.
[2025/12/03 19:05:55] Peer 1005 updated its view of Peer 1004's bitfield: fffffffffffffffff0000000000000000000000000000000000000000000000000000000000000000000000000000000000000000000000000000000000000000000000000000000000000000000000000000000000000000000000000000000000000000000000000000000000000000000000000000000000000000000000000000000000000000000000000000000000000000000000000000000000000000000000000000000000000000000000000000000000000000000.
[2025/12/03 19:05:55] Peer 1005 sent 'request' for piece 68 to Peer 1001.
[2025/12/03 19:05:55] Peer 1005 received the 'have' message from Peer 1003 for the piece 66.
[2025/12/03 19:05:55] Peer 1005 received the 'have' message from Peer 1002 for the piece 66.
[2025/12/03 19:05:55] Peer 1005 updated its view of Peer 1003's bitfield: ffffffffffffffffe0000000000000000000000000000000000000000000000000000000000000000000000000000000000000000000000000000000000000000000000000000000000000000000000000000000000000000000000000000000000000000000000000000000000000000000000000000000000000000000000000000000000000000000000000000000000000000000000000000000000000000000000000000000000000000000000000000000000000000000.
[2025/12/03 19:05:55] Peer 1005 updated its view of Peer 1002's bitfield: ffffffffffffffffe0000000000000000000000000000000000000000000000000000000000000000000000000000000000000000000000000000000000000000000000000000000000000000000000000000000000000000000000000000000000000000000000000000000000000000000000000000000000000000000000000000000000000000000000000000000000000000000000000000000000000000000000000000000000000000000000000000000000000000000.
[2025/12/03 19:05:55] Peer 1005 received the 'not interested' message from Peer 1002.
[2025/12/03 19:05:55] Peer 1005 received the 'not interested' message from Peer 1003.
[2025/12/03 19:05:55] Peer 1005 has downloaded the piece 68 from Peer 1001. Now the number of pieces it has is 5.
[2025/12/03 19:05:55] Peer 1005 sent the 'have' message to Peer 1001 for the piece 68.
[2025/12/03 19:05:55] Peer 1005 sent the 'have' message to Peer 1002 for the piece 68.
[2025/12/03 19:05:55] Peer 1005 sent the 'have' message to Peer 1003 for the piece 68.
[2025/12/03 19:05:55] Peer 1005 sent the 'have' message to Peer 1004 for the piece 68.
[2025/12/03 19:05:55] Peer 1005 received the 'have' message from Peer 1004 for the piece 68.
[2025/12/03 19:05:55] Peer 1005 sent 'request' for piece 69 to Peer 1001.
[2025/12/03 19:05:55] Peer 1005 updated its view of Peer 1004's bitfield: fffffffffffffffff8000000000000000000000000000000000000000000000000000000000000000000000000000000000000000000000000000000000000000000000000000000000000000000000000000000000000000000000000000000000000000000000000000000000000000000000000000000000000000000000000000000000000000000000000000000000000000000000000000000000000000000000000000000000000000000000000000000000000000000.
[2025/12/03 19:05:55] Peer 1005 has downloaded the piece 69 from Peer 1001. Now the number of pieces it has is 6.
[2025/12/03 19:05:55] Peer 1005 sent the 'have' message to Peer 1001 for the piece 69.
[2025/12/03 19:05:55] Peer 1005 sent the 'have' message to Peer 1002 for the piece 69.
[2025/12/03 19:05:55] Peer 1005 sent the 'have' message to Peer 1003 for the piece 69.
[2025/12/03 19:05:55] Peer 1005 received the 'interested' message from Peer 1002.
[2025/12/03 19:05:55] Peer 1005 received the 'interested' message from Peer 1003.
[2025/12/03 19:05:55] Peer 1005 received the 'have' message from Peer 1004 for the piece 69.
[2025/12/03 19:05:55] Peer 1005 sent the 'have' message to Peer 1004 for the piece 69.
[2025/12/03 19:05:55] Peer 1005 sent 'piece' message for piece 67 to Peer 1002.
[2025/12/03 19:05:55] Peer 1005 sent 'piece' message for piece 67 to Peer 1003.
[2025/12/03 19:05:55] Peer 1005 updated its view of Peer 1004's bitfield: fffffffffffffffffc000000000000000000000000000000000000000000000000000000000000000000000000000000000000000000000000000000000000000000000000000000000000000000000000000000000000000000000000000000000000000000000000000000000000000000000000000000000000000000000000000000000000000000000000000000000000000000000000000000000000000000000000000000000000000000000000000000000000000000.
[2025/12/03 19:05:55] Peer 1005 sent 'request' for piece 70 to Peer 1001.
[2025/12/03 19:05:55] Peer 1005 received the 'have' message from Peer 1003 for the piece 67.
[2025/12/03 19:05:55] Peer 1005 updated its view of Peer 1003's bitfield: fffffffffffffffff0000000000000000000000000000000000000000000000000000000000000000000000000000000000000000000000000000000000000000000000000000000000000000000000000000000000000000000000000000000000000000000000000000000000000000000000000000000000000000000000000000000000000000000000000000000000000000000000000000000000000000000000000000000000000000000000000000000000000000000.
[2025/12/03 19:05:55] Peer 1005 sent 'piece' message for piece 68 to Peer 1003.
[2025/12/03 19:05:55] Peer 1005 sent 'piece' message for piece 68 to Peer 1002.
[2025/12/03 19:05:55] Peer 1005 received the 'have' message from Peer 1002 for the piece 67.
[2025/12/03 19:05:55] Peer 1005 updated its view of Peer 1002's bitfield: fffffffffffffffff0000000000000000000000000000000000000000000000000000000000000000000000000000000000000000000000000000000000000000000000000000000000000000000000000000000000000000000000000000000000000000000000000000000000000000000000000000000000000000000000000000000000000000000000000000000000000000000000000000000000000000000000000000000000000000000000000000000000000000000.
[2025/12/03 19:05:55] Peer 1005 sent 'piece' message for piece 69 to Peer 1002.
[2025/12/03 19:05:55] Peer 1005 received the 'have' message from Peer 1002 for the piece 68.
[2025/12/03 19:05:55] Peer 1005 updated its view of Peer 1002's bitfield: fffffffffffffffff8000000000000000000000000000000000000000000000000000000000000000000000000000000000000000000000000000000000000000000000000000000000000000000000000000000000000000000000000000000000000000000000000000000000000000000000000000000000000000000000000000000000000000000000000000000000000000000000000000000000000000000000000000000000000000000000000000000000000000000.
[2025/12/03 19:05:55] Peer 1005 sent 'piece' message for piece 69 to Peer 1003.
[2025/12/03 19:05:55] Peer 1005 received the 'have' message from Peer 1003 for the piece 68.
[2025/12/03 19:05:55] Peer 1005 updated its view of Peer 1003's bitfield: fffffffffffffffff8000000000000000000000000000000000000000000000000000000000000000000000000000000000000000000000000000000000000000000000000000000000000000000000000000000000000000000000000000000000000000000000000000000000000000000000000000000000000000000000000000000000000000000000000000000000000000000000000000000000000000000000000000000000000000000000000000000000000000000.
[2025/12/03 19:05:55] Peer 1005 received the 'not interested' message from Peer 1003.
[2025/12/03 19:05:55] Peer 1005 has downloaded the piece 70 from Peer 1001. Now the number of pieces it has is 7.
[2025/12/03 19:05:55] Peer 1005 sent the 'have' message to Peer 1001 for the piece 70.
[2025/12/03 19:05:55] Peer 1005 sent the 'have' message to Peer 1002 for the piece 70.
[2025/12/03 19:05:55] Peer 1005 sent the 'have' message to Peer 1003 for the piece 70.
[2025/12/03 19:05:55] Peer 1005 received the 'have' message from Peer 1004 for the piece 70.
[2025/12/03 19:05:55] Peer 1005 sent the 'have' message to Peer 1004 for the piece 70.
[2025/12/03 19:05:55] Peer 1005 updated its view of Peer 1004's bitfield: fffffffffffffffffe000000000000000000000000000000000000000000000000000000000000000000000000000000000000000000000000000000000000000000000000000000000000000000000000000000000000000000000000000000000000000000000000000000000000000000000000000000000000000000000000000000000000000000000000000000000000000000000000000000000000000000000000000000000000000000000000000000000000000000.
[2025/12/03 19:05:55] Peer 1005 received the 'have' message from Peer 1002 for the piece 69.
[2025/12/03 19:05:55] Peer 1005 sent 'request' for piece 71 to Peer 1001.
[2025/12/03 19:05:55] Peer 1005 updated its view of Peer 1002's bitfield: fffffffffffffffffc000000000000000000000000000000000000000000000000000000000000000000000000000000000000000000000000000000000000000000000000000000000000000000000000000000000000000000000000000000000000000000000000000000000000000000000000000000000000000000000000000000000000000000000000000000000000000000000000000000000000000000000000000000000000000000000000000000000000000000.
[2025/12/03 19:05:55] Peer 1005 received the 'not interested' message from Peer 1002.
[2025/12/03 19:05:55] Peer 1005 received the 'have' message from Peer 1003 for the piece 69.
[2025/12/03 19:05:55] Peer 1005 updated its view of Peer 1003's bitfield: fffffffffffffffffc000000000000000000000000000000000000000000000000000000000000000000000000000000000000000000000000000000000000000000000000000000000000000000000000000000000000000000000000000000000000000000000000000000000000000000000000000000000000000000000000000000000000000000000000000000000000000000000000000000000000000000000000000000000000000000000000000000000000000000.
[2025/12/03 19:05:55] Peer 1005 received the 'interested' message from Peer 1002.
[2025/12/03 19:05:55] Peer 1005 sent 'piece' message for piece 70 to Peer 1002.
[2025/12/03 19:05:55] Peer 1005 received the 'have' message from Peer 1002 for the piece 70.
[2025/12/03 19:05:55] Peer 1005 updated its view of Peer 1002's bitfield: fffffffffffffffffe000000000000000000000000000000000000000000000000000000000000000000000000000000000000000000000000000000000000000000000000000000000000000000000000000000000000000000000000000000000000000000000000000000000000000000000000000000000000000000000000000000000000000000000000000000000000000000000000000000000000000000000000000000000000000000000000000000000000000000.
[2025/12/03 19:05:55] Peer 1005 has downloaded the piece 71 from Peer 1001. Now the number of pieces it has is 8.
[2025/12/03 19:05:55] Peer 1005 received the 'have' message from Peer 1004 for the piece 71.
[2025/12/03 19:05:55] Peer 1005 sent the 'have' message to Peer 1001 for the piece 71.
[2025/12/03 19:05:55] Peer 1005 updated its view of Peer 1004's bitfield: ffffffffffffffffff000000000000000000000000000000000000000000000000000000000000000000000000000000000000000000000000000000000000000000000000000000000000000000000000000000000000000000000000000000000000000000000000000000000000000000000000000000000000000000000000000000000000000000000000000000000000000000000000000000000000000000000000000000000000000000000000000000000000000000.
[2025/12/03 19:05:55] Peer 1005 sent the 'have' message to Peer 1002 for the piece 71.
[2025/12/03 19:05:55] Peer 1005 sent the 'have' message to Peer 1003 for the piece 71.
[2025/12/03 19:05:55] Peer 1005 sent the 'have' message to Peer 1004 for the piece 71.
[2025/12/03 19:05:55] Peer 1005 sent 'request' for piece 72 to Peer 1001.
[2025/12/03 19:05:56] Peer 1005 received the 'not interested' message from Peer 1002.
[2025/12/03 19:05:56] Peer 1005 received the 'interested' message from Peer 1003.
[2025/12/03 19:05:56] Peer 1005 sent 'piece' message for piece 70 to Peer 1003.
[2025/12/03 19:05:56] Peer 1005 received the 'have' message from Peer 1003 for the piece 70.
[2025/12/03 19:05:56] Peer 1005 updated its view of Peer 1003's bitfield: fffffffffffffffffe000000000000000000000000000000000000000000000000000000000000000000000000000000000000000000000000000000000000000000000000000000000000000000000000000000000000000000000000000000000000000000000000000000000000000000000000000000000000000000000000000000000000000000000000000000000000000000000000000000000000000000000000000000000000000000000000000000000000000000.
[2025/12/03 19:05:56] Peer 1005 received the 'have' message from Peer 1004 for the piece 72.
[2025/12/03 19:05:56] Peer 1005 sent 'piece' message for piece 71 to Peer 1003.
[2025/12/03 19:05:56] Peer 1005 updated its view of Peer 1004's bitfield: ffffffffffffffffff800000000000000000000000000000000000000000000000000000000000000000000000000000000000000000000000000000000000000000000000000000000000000000000000000000000000000000000000000000000000000000000000000000000000000000000000000000000000000000000000000000000000000000000000000000000000000000000000000000000000000000000000000000000000000000000000000000000000000000.
[2025/12/03 19:05:56] Peer 1005 sent the 'interested' message to Peer 1004.
[2025/12/03 19:05:56] Peer 1005 sent 'request' for piece 72 to Peer 1004.
[2025/12/03 19:05:56] Peer 1005 has downloaded the piece 72 from Peer 1004. Now the number of pieces it has is 67.
[2025/12/03 19:05:56] Peer 1005 sent the 'have' message to Peer 1001 for the piece 72.
[2025/12/03 19:05:56] Peer 1005 sent the 'have' message to Peer 1002 for the piece 72.
[2025/12/03 19:05:56] Peer 1005 sent the 'have' message to Peer 1003 for the piece 72.
[2025/12/03 19:05:56] Peer 1005 sent the 'have' message to Peer 1004 for the piece 72.
[2025/12/03 19:05:56] Peer 1005 sent the 'not interested' message to Peer 1004.
[2025/12/03 19:05:56] Peer 1005 received the 'have' message from Peer 1003 for the piece 71.
[2025/12/03 19:05:56] Peer 1005 received the 'interested' message from Peer 1002.
[2025/12/03 19:05:56] Peer 1005 updated its view of Peer 1003's bitfield: ffffffffffffffffff000000000000000000000000000000000000000000000000000000000000000000000000000000000000000000000000000000000000000000000000000000000000000000000000000000000000000000000000000000000000000000000000000000000000000000000000000000000000000000000000000000000000000000000000000000000000000000000000000000000000000000000000000000000000000000000000000000000000000000.
[2025/12/03 19:05:56] Peer 1005 sent 'piece' message for piece 71 to Peer 1002.
[2025/12/03 19:05:56] Peer 1005 received the 'have' message from Peer 1002 for the piece 71.
[2025/12/03 19:05:56] Peer 1005 updated its view of Peer 1002's bitfield: ffffffffffffffffff000000000000000000000000000000000000000000000000000000000000000000000000000000000000000000000000000000000000000000000000000000000000000000000000000000000000000000000000000000000000000000000000000000000000000000000000000000000000000000000000000000000000000000000000000000000000000000000000000000000000000000000000000000000000000000000000000000000000000000.
[2025/12/03 19:05:56] Peer 1005 received the 'not interested' message from Peer 1003.
[2025/12/03 19:05:56] Peer 1005 sent 'piece' message for piece 72 to Peer 1002.
[2025/12/03 19:05:56] Peer 1005 received the 'have' message from Peer 1002 for the piece 72.
[2025/12/03 19:05:56] Peer 1005 updated its view of Peer 1002's bitfield: ffffffffffffffffff800000000000000000000000000000000000000000000000000000000000000000000000000000000000000000000000000000000000000000000000000000000000000000000000000000000000000000000000000000000000000000000000000000000000000000000000000000000000000000000000000000000000000000000000000000000000000000000000000000000000000000000000000000000000000000000000000000000000000000.
[2025/12/03 19:05:56] Peer 1005 sent 'request' for piece 73 to Peer 1001.
[2025/12/03 19:05:56] Peer 1005 has downloaded the piece 73 from Peer 1001. Now the number of pieces it has is 9.
[2025/12/03 19:05:56] Peer 1005 sent the 'have' message to Peer 1001 for the piece 73.
[2025/12/03 19:05:56] Peer 1005 sent the 'have' message to Peer 1002 for the piece 73.
[2025/12/03 19:05:56] Peer 1005 sent the 'have' message to Peer 1003 for the piece 73.
[2025/12/03 19:05:56] Peer 1005 sent the 'have' message to Peer 1004 for the piece 73.
[2025/12/03 19:05:56] Peer 1005 sent 'request' for piece 74 to Peer 1001.
[2025/12/03 19:05:56] Peer 1005 received the 'interested' message from Peer 1004.
[2025/12/03 19:05:56] Peer 1005 sent 'piece' message for piece 73 to Peer 1004.
[2025/12/03 19:05:56] Peer 1005 received the 'interested' message from Peer 1003.
[2025/12/03 19:05:56] Peer 1005 received the 'not interested' message from Peer 1002.
[2025/12/03 19:05:56] Peer 1005 received the 'have' message from Peer 1004 for the piece 73.
[2025/12/03 19:05:56] Peer 1005 sent 'piece' message for piece 72 to Peer 1003.
[2025/12/03 19:05:56] Peer 1005 updated its view of Peer 1004's bitfield: ffffffffffffffffffc00000000000000000000000000000000000000000000000000000000000000000000000000000000000000000000000000000000000000000000000000000000000000000000000000000000000000000000000000000000000000000000000000000000000000000000000000000000000000000000000000000000000000000000000000000000000000000000000000000000000000000000000000000000000000000000000000000000000000000.
[2025/12/03 19:05:56] Peer 1005 received the 'have' message from Peer 1003 for the piece 72.
[2025/12/03 19:05:56] Peer 1005 received the 'not interested' message from Peer 1004.
[2025/12/03 19:05:56] Peer 1005 updated its view of Peer 1003's bitfield: ffffffffffffffffff800000000000000000000000000000000000000000000000000000000000000000000000000000000000000000000000000000000000000000000000000000000000000000000000000000000000000000000000000000000000000000000000000000000000000000000000000000000000000000000000000000000000000000000000000000000000000000000000000000000000000000000000000000000000000000000000000000000000000000.
[2025/12/03 19:05:56] Peer 1005 received the 'have' message from Peer 1003 for the piece 73.
[2025/12/03 19:05:56] Peer 1005 updated its view of Peer 1003's bitfield: ffffffffffffffffffc00000000000000000000000000000000000000000000000000000000000000000000000000000000000000000000000000000000000000000000000000000000000000000000000000000000000000000000000000000000000000000000000000000000000000000000000000000000000000000000000000000000000000000000000000000000000000000000000000000000000000000000000000000000000000000000000000000000000000000.
[2025/12/03 19:05:56] Peer 1005 received the 'not interested' message from Peer 1003.
[2025/12/03 19:05:56] Peer 1005 received the 'have' message from Peer 1004 for the piece 74.
[2025/12/03 19:05:56] Peer 1005 updated its view of Peer 1004's bitfield: ffffffffffffffffffe00000000000000000000000000000000000000000000000000000000000000000000000000000000000000000000000000000000000000000000000000000000000000000000000000000000000000000000000000000000000000000000000000000000000000000000000000000000000000000000000000000000000000000000000000000000000000000000000000000000000000000000000000000000000000000000000000000000000000000.
[2025/12/03 19:05:56] Peer 1005 sent the 'interested' message to Peer 1004.
[2025/12/03 19:05:56] Peer 1005 sent 'request' for piece 74 to Peer 1004.
[2025/12/03 19:05:56] Peer 1005 has downloaded the piece 74 from Peer 1004. Now the number of pieces it has is 68.
[2025/12/03 19:05:56] Peer 1005 sent the 'have' message to Peer 1001 for the piece 74.
[2025/12/03 19:05:56] Peer 1005 sent the 'have' message to Peer 1002 for the piece 74.
[2025/12/03 19:05:56] Peer 1005 sent the 'have' message to Peer 1003 for the piece 74.
[2025/12/03 19:05:56] Peer 1005 sent the 'have' message to Peer 1004 for the piece 74.
[2025/12/03 19:05:56] Peer 1005 sent the 'not interested' message to Peer 1004.
[2025/12/03 19:05:56] Peer 1005 received the 'interested' message from Peer 1002.
[2025/12/03 19:05:56] Peer 1005 sent 'piece' message for piece 73 to Peer 1002.
[2025/12/03 19:05:56] Peer 1005 received the 'have' message from Peer 1002 for the piece 73.
[2025/12/03 19:05:56] Peer 1005 updated its view of Peer 1002's bitfield: ffffffffffffffffffc00000000000000000000000000000000000000000000000000000000000000000000000000000000000000000000000000000000000000000000000000000000000000000000000000000000000000000000000000000000000000000000000000000000000000000000000000000000000000000000000000000000000000000000000000000000000000000000000000000000000000000000000000000000000000000000000000000000000000000.
[2025/12/03 19:05:56] Peer 1005 received the 'interested' message from Peer 1003.
[2025/12/03 19:05:56] Peer 1005 sent 'piece' message for piece 74 to Peer 1002.
[2025/12/03 19:05:56] Peer 1005 received the 'have' message from Peer 1002 for the piece 74.
[2025/12/03 19:05:56] Peer 1005 updated its view of Peer 1002's bitfield: ffffffffffffffffffe00000000000000000000000000000000000000000000000000000000000000000000000000000000000000000000000000000000000000000000000000000000000000000000000000000000000000000000000000000000000000000000000000000000000000000000000000000000000000000000000000000000000000000000000000000000000000000000000000000000000000000000000000000000000000000000000000000000000000000.
[2025/12/03 19:05:56] Peer 1005 sent 'request' for piece 75 to Peer 1001.
[2025/12/03 19:05:56] Peer 1005 sent 'piece' message for piece 74 to Peer 1003.
[2025/12/03 19:05:56] Peer 1005 received the 'have' message from Peer 1003 for the piece 74.
[2025/12/03 19:05:56] Peer 1005 updated its view of Peer 1003's bitfield: ffffffffffffffffffe00000000000000000000000000000000000000000000000000000000000000000000000000000000000000000000000000000000000000000000000000000000000000000000000000000000000000000000000000000000000000000000000000000000000000000000000000000000000000000000000000000000000000000000000000000000000000000000000000000000000000000000000000000000000000000000000000000000000000000.
[2025/12/03 19:05:56] Peer 1005 received the 'have' message from Peer 1004 for the piece 75.
[2025/12/03 19:05:56] Peer 1005 updated its view of Peer 1004's bitfield: fffffffffffffffffff00000000000000000000000000000000000000000000000000000000000000000000000000000000000000000000000000000000000000000000000000000000000000000000000000000000000000000000000000000000000000000000000000000000000000000000000000000000000000000000000000000000000000000000000000000000000000000000000000000000000000000000000000000000000000000000000000000000000000000.
[2025/12/03 19:05:56] Peer 1005 sent the 'interested' message to Peer 1004.
[2025/12/03 19:05:56] Peer 1005 sent 'request' for piece 75 to Peer 1004.
[2025/12/03 19:05:56] Peer 1005 has downloaded the piece 75 from Peer 1004. Now the number of pieces it has is 69.
[2025/12/03 19:05:56] Peer 1005 sent the 'have' message to Peer 1001 for the piece 75.
[2025/12/03 19:05:56] Peer 1005 sent the 'have' message to Peer 1002 for the piece 75.
[2025/12/03 19:05:56] Peer 1005 sent the 'have' message to Peer 1003 for the piece 75.
[2025/12/03 19:05:56] Peer 1005 sent the 'have' message to Peer 1004 for the piece 75.
[2025/12/03 19:05:56] Peer 1005 sent the 'not interested' message to Peer 1004.
[2025/12/03 19:05:56] Peer 1005 received the 'not interested' message from Peer 1002.
[2025/12/03 19:05:56] Peer 1005 sent 'request' for piece 76 to Peer 1001.
[2025/12/03 19:05:56] Peer 1005 received the 'not interested' message from Peer 1003.
[2025/12/03 19:05:56] Peer 1005 received the 'interested' message from Peer 1002.
[2025/12/03 19:05:56] Peer 1005 received the 'interested' message from Peer 1003.
[2025/12/03 19:05:56] Peer 1005 sent 'piece' message for piece 75 to Peer 1002.
[2025/12/03 19:05:56] Peer 1005 sent 'piece' message for piece 75 to Peer 1003.
[2025/12/03 19:05:56] Peer 1005 received the 'have' message from Peer 1002 for the piece 75.
[2025/12/03 19:05:56] Peer 1005 received the 'have' message from Peer 1003 for the piece 75.
[2025/12/03 19:05:56] Peer 1005 updated its view of Peer 1002's bitfield: fffffffffffffffffff00000000000000000000000000000000000000000000000000000000000000000000000000000000000000000000000000000000000000000000000000000000000000000000000000000000000000000000000000000000000000000000000000000000000000000000000000000000000000000000000000000000000000000000000000000000000000000000000000000000000000000000000000000000000000000000000000000000000000000.
[2025/12/03 19:05:56] Peer 1005 updated its view of Peer 1003's bitfield: fffffffffffffffffff00000000000000000000000000000000000000000000000000000000000000000000000000000000000000000000000000000000000000000000000000000000000000000000000000000000000000000000000000000000000000000000000000000000000000000000000000000000000000000000000000000000000000000000000000000000000000000000000000000000000000000000000000000000000000000000000000000000000000000.
[2025/12/03 19:05:56] Peer 1005 received the 'not interested' message from Peer 1002.
[2025/12/03 19:05:56] Peer 1005 has downloaded the piece 76 from Peer 1001. Now the number of pieces it has is 10.
[2025/12/03 19:05:56] Peer 1005 sent the 'have' message to Peer 1001 for the piece 76.
[2025/12/03 19:05:56] Peer 1005 received the 'not interested' message from Peer 1003.
[2025/12/03 19:05:56] Peer 1005 sent the 'have' message to Peer 1002 for the piece 76.
[2025/12/03 19:05:56] Peer 1005 sent the 'have' message to Peer 1003 for the piece 76.
[2025/12/03 19:05:56] Peer 1005 sent the 'have' message to Peer 1004 for the piece 76.
[2025/12/03 19:05:56] Peer 1005 received the 'have' message from Peer 1004 for the piece 76.
[2025/12/03 19:05:56] Peer 1005 sent 'request' for piece 77 to Peer 1001.
[2025/12/03 19:05:56] Peer 1005 updated its view of Peer 1004's bitfield: fffffffffffffffffff80000000000000000000000000000000000000000000000000000000000000000000000000000000000000000000000000000000000000000000000000000000000000000000000000000000000000000000000000000000000000000000000000000000000000000000000000000000000000000000000000000000000000000000000000000000000000000000000000000000000000000000000000000000000000000000000000000000000000000.
[2025/12/03 19:05:56] Peer 1005 received the 'interested' message from Peer 1003.
[2025/12/03 19:05:56] Peer 1005 received the 'interested' message from Peer 1002.
[2025/12/03 19:05:56] Peer 1005 has downloaded the piece 77 from Peer 1001. Now the number of pieces it has is 11.
[2025/12/03 19:05:56] Peer 1005 sent the 'have' message to Peer 1001 for the piece 77.
[2025/12/03 19:05:56] Peer 1005 sent the 'have' message to Peer 1002 for the piece 77.
[2025/12/03 19:05:56] Peer 1005 sent the 'have' message to Peer 1003 for the piece 77.
[2025/12/03 19:05:56] Peer 1005 sent the 'have' message to Peer 1004 for the piece 77.
[2025/12/03 19:05:56] Peer 1005 sent 'request' for piece 78 to Peer 1001.
[2025/12/03 19:05:56] Peer 1005 received the 'interested' message from Peer 1004.
[2025/12/03 19:05:56] Peer 1005 sent 'piece' message for piece 77 to Peer 1004.
[2025/12/03 19:05:56] Peer 1005 received the 'have' message from Peer 1004 for the piece 77.
[2025/12/03 19:05:56] Peer 1005 updated its view of Peer 1004's bitfield: fffffffffffffffffffc0000000000000000000000000000000000000000000000000000000000000000000000000000000000000000000000000000000000000000000000000000000000000000000000000000000000000000000000000000000000000000000000000000000000000000000000000000000000000000000000000000000000000000000000000000000000000000000000000000000000000000000000000000000000000000000000000000000000000000.
[2025/12/03 19:05:56] Peer 1005 received the 'not interested' message from Peer 1004.
[2025/12/03 19:05:56] Peer 1005 sent 'piece' message for piece 76 to Peer 1002.
[2025/12/03 19:05:56] Peer 1005 sent 'piece' message for piece 76 to Peer 1003.
[2025/12/03 19:05:56] Peer 1005 received the 'have' message from Peer 1002 for the piece 76.
[2025/12/03 19:05:56] Peer 1005 received the 'have' message from Peer 1003 for the piece 76.
[2025/12/03 19:05:56] Peer 1005 updated its view of Peer 1002's bitfield: fffffffffffffffffff80000000000000000000000000000000000000000000000000000000000000000000000000000000000000000000000000000000000000000000000000000000000000000000000000000000000000000000000000000000000000000000000000000000000000000000000000000000000000000000000000000000000000000000000000000000000000000000000000000000000000000000000000000000000000000000000000000000000000000.
[2025/12/03 19:05:56] Peer 1005 updated its view of Peer 1003's bitfield: fffffffffffffffffff80000000000000000000000000000000000000000000000000000000000000000000000000000000000000000000000000000000000000000000000000000000000000000000000000000000000000000000000000000000000000000000000000000000000000000000000000000000000000000000000000000000000000000000000000000000000000000000000000000000000000000000000000000000000000000000000000000000000000000.
[2025/12/03 19:05:56] Peer 1005 sent 'piece' message for piece 77 to Peer 1003.
[2025/12/03 19:05:56] Peer 1005 sent 'piece' message for piece 77 to Peer 1002.
[2025/12/03 19:05:56] Peer 1005 received the 'not interested' message from Peer 1003.
[2025/12/03 19:05:56] Peer 1005 received the 'have' message from Peer 1003 for the piece 77.
[2025/12/03 19:05:56] Peer 1005 updated its view of Peer 1003's bitfield: fffffffffffffffffffc0000000000000000000000000000000000000000000000000000000000000000000000000000000000000000000000000000000000000000000000000000000000000000000000000000000000000000000000000000000000000000000000000000000000000000000000000000000000000000000000000000000000000000000000000000000000000000000000000000000000000000000000000000000000000000000000000000000000000000.
[2025/12/03 19:05:56] Peer 1005 received the 'not interested' message from Peer 1002.
[2025/12/03 19:05:56] Peer 1005 has downloaded the piece 78 from Peer 1001. Now the number of pieces it has is 12.
[2025/12/03 19:05:56] Peer 1005 sent the 'have' message to Peer 1001 for the piece 78.
[2025/12/03 19:05:56] Peer 1005 sent the 'have' message to Peer 1002 for the piece 78.
[2025/12/03 19:05:56] Peer 1005 sent the 'have' message to Peer 1003 for the piece 78.
[2025/12/03 19:05:56] Peer 1005 sent the 'have' message to Peer 1004 for the piece 78.
[2025/12/03 19:05:56] Peer 1005 sent 'request' for piece 79 to Peer 1001.
[2025/12/03 19:05:56] Peer 1005 received the 'interested' message from Peer 1004.
[2025/12/03 19:05:56] Peer 1005 received the 'have' message from Peer 1002 for the piece 77.
[2025/12/03 19:05:56] Peer 1005 updated its view of Peer 1002's bitfield: fffffffffffffffffffc0000000000000000000000000000000000000000000000000000000000000000000000000000000000000000000000000000000000000000000000000000000000000000000000000000000000000000000000000000000000000000000000000000000000000000000000000000000000000000000000000000000000000000000000000000000000000000000000000000000000000000000000000000000000000000000000000000000000000000.
[2025/12/03 19:05:56] Peer 1005 sent 'piece' message for piece 78 to Peer 1004.
[2025/12/03 19:05:56] Peer 1005 received the 'have' message from Peer 1004 for the piece 78.
[2025/12/03 19:05:56] Peer 1005 updated its view of Peer 1004's bitfield: fffffffffffffffffffe0000000000000000000000000000000000000000000000000000000000000000000000000000000000000000000000000000000000000000000000000000000000000000000000000000000000000000000000000000000000000000000000000000000000000000000000000000000000000000000000000000000000000000000000000000000000000000000000000000000000000000000000000000000000000000000000000000000000000000.
[2025/12/03 19:05:56] Peer 1005 received the 'interested' message from Peer 1003.
[2025/12/03 19:05:56] Peer 1005 received the 'not interested' message from Peer 1004.
[2025/12/03 19:05:56] Peer 1005 received the 'interested' message from Peer 1002.
[2025/12/03 19:05:56] Peer 1005 sent 'piece' message for piece 78 to Peer 1003.
[2025/12/03 19:05:56] Peer 1005 sent 'piece' message for piece 78 to Peer 1002.
[2025/12/03 19:05:56] Peer 1005 received the 'have' message from Peer 1003 for the piece 78.
[2025/12/03 19:05:56] Peer 1005 updated its view of Peer 1003's bitfield: fffffffffffffffffffe0000000000000000000000000000000000000000000000000000000000000000000000000000000000000000000000000000000000000000000000000000000000000000000000000000000000000000000000000000000000000000000000000000000000000000000000000000000000000000000000000000000000000000000000000000000000000000000000000000000000000000000000000000000000000000000000000000000000000000.
[2025/12/03 19:05:56] Peer 1005 received the 'have' message from Peer 1002 for the piece 78.
[2025/12/03 19:05:56] Peer 1005 received the 'not interested' message from Peer 1003.
[2025/12/03 19:05:56] Peer 1005 updated its view of Peer 1002's bitfield: fffffffffffffffffffe0000000000000000000000000000000000000000000000000000000000000000000000000000000000000000000000000000000000000000000000000000000000000000000000000000000000000000000000000000000000000000000000000000000000000000000000000000000000000000000000000000000000000000000000000000000000000000000000000000000000000000000000000000000000000000000000000000000000000000.
[2025/12/03 19:05:56] Peer 1005 has downloaded the piece 79 from Peer 1001. Now the number of pieces it has is 13.
[2025/12/03 19:05:56] Peer 1005 sent the 'have' message to Peer 1001 for the piece 79.
[2025/12/03 19:05:56] Peer 1005 sent the 'have' message to Peer 1002 for the piece 79.
[2025/12/03 19:05:56] Peer 1005 sent the 'have' message to Peer 1003 for the piece 79.
[2025/12/03 19:05:56] Peer 1005 received the 'have' message from Peer 1004 for the piece 79.
[2025/12/03 19:05:56] Peer 1005 sent the 'have' message to Peer 1004 for the piece 79.
[2025/12/03 19:05:56] Peer 1005 updated its view of Peer 1004's bitfield: ffffffffffffffffffff0000000000000000000000000000000000000000000000000000000000000000000000000000000000000000000000000000000000000000000000000000000000000000000000000000000000000000000000000000000000000000000000000000000000000000000000000000000000000000000000000000000000000000000000000000000000000000000000000000000000000000000000000000000000000000000000000000000000000000.
[2025/12/03 19:05:56] Peer 1005 sent 'request' for piece 80 to Peer 1001.
[2025/12/03 19:05:56] Peer 1005 received the 'not interested' message from Peer 1002.
[2025/12/03 19:05:56] Peer 1005 received the 'have' message from Peer 1003 for the piece 79.
[2025/12/03 19:05:56] Peer 1005 updated its view of Peer 1003's bitfield: ffffffffffffffffffff0000000000000000000000000000000000000000000000000000000000000000000000000000000000000000000000000000000000000000000000000000000000000000000000000000000000000000000000000000000000000000000000000000000000000000000000000000000000000000000000000000000000000000000000000000000000000000000000000000000000000000000000000000000000000000000000000000000000000000.
[2025/12/03 19:05:56] Peer 1005 received the 'have' message from Peer 1002 for the piece 79.
[2025/12/03 19:05:56] Peer 1005 updated its view of Peer 1002's bitfield: ffffffffffffffffffff0000000000000000000000000000000000000000000000000000000000000000000000000000000000000000000000000000000000000000000000000000000000000000000000000000000000000000000000000000000000000000000000000000000000000000000000000000000000000000000000000000000000000000000000000000000000000000000000000000000000000000000000000000000000000000000000000000000000000000.
[2025/12/03 19:05:56] Peer 1005 has downloaded the piece 80 from Peer 1001. Now the number of pieces it has is 14.
[2025/12/03 19:05:56] Peer 1005 sent the 'have' message to Peer 1001 for the piece 80.
[2025/12/03 19:05:56] Peer 1005 sent the 'have' message to Peer 1002 for the piece 80.
[2025/12/03 19:05:56] Peer 1005 sent the 'have' message to Peer 1003 for the piece 80.
[2025/12/03 19:05:56] Peer 1005 sent the 'have' message to Peer 1004 for the piece 80.
[2025/12/03 19:05:56] Peer 1005 received the 'have' message from Peer 1004 for the piece 80.
[2025/12/03 19:05:56] Peer 1005 sent 'request' for piece 81 to Peer 1001.
[2025/12/03 19:05:56] Peer 1005 updated its view of Peer 1004's bitfield: ffffffffffffffffffff8000000000000000000000000000000000000000000000000000000000000000000000000000000000000000000000000000000000000000000000000000000000000000000000000000000000000000000000000000000000000000000000000000000000000000000000000000000000000000000000000000000000000000000000000000000000000000000000000000000000000000000000000000000000000000000000000000000000000000.
[2025/12/03 19:05:56] Peer 1005 received the 'have' message from Peer 1003 for the piece 80.
[2025/12/03 19:05:56] Peer 1005 received the 'have' message from Peer 1002 for the piece 80.
[2025/12/03 19:05:56] Peer 1005 updated its view of Peer 1003's bitfield: ffffffffffffffffffff8000000000000000000000000000000000000000000000000000000000000000000000000000000000000000000000000000000000000000000000000000000000000000000000000000000000000000000000000000000000000000000000000000000000000000000000000000000000000000000000000000000000000000000000000000000000000000000000000000000000000000000000000000000000000000000000000000000000000000.
[2025/12/03 19:05:56] Peer 1005 updated its view of Peer 1002's bitfield: ffffffffffffffffffff8000000000000000000000000000000000000000000000000000000000000000000000000000000000000000000000000000000000000000000000000000000000000000000000000000000000000000000000000000000000000000000000000000000000000000000000000000000000000000000000000000000000000000000000000000000000000000000000000000000000000000000000000000000000000000000000000000000000000000.
[2025/12/03 19:05:56] Peer 1005 is connected from Peer 1006.
[2025/12/03 19:05:56] Peer 1005 received a handshake from Peer 1006.
[2025/12/03 19:05:56] Peer 1005 sends a handshake to Peer 1006.
[2025/12/03 19:05:56] Peer 1005 sends a bitfield to Peer 1006.
[2025/12/03 19:05:56] Peer 1005 received a bitfield from Peer 1006.
[2025/12/03 19:05:56] Peer 1005 received the 'interested' message from Peer 1006.
[2025/12/03 19:05:56] Peer 1005 sent 'piece' message for piece 1 to Peer 1006.
[2025/12/03 19:05:56] Peer 1005 received the 'have' message from Peer 1006 for the piece 0.
[2025/12/03 19:05:56] Peer 1005 updated its view of Peer 1006's bitfield: 800000000000000000000000000000000000000000000000000000000000000000000000000000000000000000000000000000000000000000000000000000000000000000000000000000000000000000000000000000000000000000000000000000000000000000000000000000000000000000000000000000000000000000000000000000000000000000000000000000000000000000000000000000000000000000000000000000000000000000000000000000000000.
[2025/12/03 19:05:56] Peer 1005 received the 'have' message from Peer 1006 for the piece 1.
[2025/12/03 19:05:56] Peer 1005 updated its view of Peer 1006's bitfield: c00000000000000000000000000000000000000000000000000000000000000000000000000000000000000000000000000000000000000000000000000000000000000000000000000000000000000000000000000000000000000000000000000000000000000000000000000000000000000000000000000000000000000000000000000000000000000000000000000000000000000000000000000000000000000000000000000000000000000000000000000000000000.
[2025/12/03 19:05:56] Peer 1005 sent 'piece' message for piece 3 to Peer 1006.
[2025/12/03 19:05:56] Peer 1005 received the 'have' message from Peer 1006 for the piece 2.
[2025/12/03 19:05:56] Peer 1005 updated its view of Peer 1006's bitfield: e00000000000000000000000000000000000000000000000000000000000000000000000000000000000000000000000000000000000000000000000000000000000000000000000000000000000000000000000000000000000000000000000000000000000000000000000000000000000000000000000000000000000000000000000000000000000000000000000000000000000000000000000000000000000000000000000000000000000000000000000000000000000.
[2025/12/03 19:05:56] Peer 1005 received the 'have' message from Peer 1006 for the piece 3.
[2025/12/03 19:05:56] Peer 1005 updated its view of Peer 1006's bitfield: f00000000000000000000000000000000000000000000000000000000000000000000000000000000000000000000000000000000000000000000000000000000000000000000000000000000000000000000000000000000000000000000000000000000000000000000000000000000000000000000000000000000000000000000000000000000000000000000000000000000000000000000000000000000000000000000000000000000000000000000000000000000000.
[2025/12/03 19:05:56] Peer 1005 sent 'piece' message for piece 5 to Peer 1006.
[2025/12/03 19:05:56] Peer 1005 received the 'have' message from Peer 1006 for the piece 4.
[2025/12/03 19:05:56] Peer 1005 updated its view of Peer 1006's bitfield: f80000000000000000000000000000000000000000000000000000000000000000000000000000000000000000000000000000000000000000000000000000000000000000000000000000000000000000000000000000000000000000000000000000000000000000000000000000000000000000000000000000000000000000000000000000000000000000000000000000000000000000000000000000000000000000000000000000000000000000000000000000000000.
[2025/12/03 19:05:57] Peer 1005 received the 'have' message from Peer 1006 for the piece 5.
[2025/12/03 19:05:57] Peer 1005 updated its view of Peer 1006's bitfield: fc0000000000000000000000000000000000000000000000000000000000000000000000000000000000000000000000000000000000000000000000000000000000000000000000000000000000000000000000000000000000000000000000000000000000000000000000000000000000000000000000000000000000000000000000000000000000000000000000000000000000000000000000000000000000000000000000000000000000000000000000000000000000.
[2025/12/03 19:05:57] Peer 1005 sent 'piece' message for piece 7 to Peer 1006.
[2025/12/03 19:05:57] Peer 1005 received the 'have' message from Peer 1006 for the piece 6.
[2025/12/03 19:05:57] Peer 1005 updated its view of Peer 1006's bitfield: fe0000000000000000000000000000000000000000000000000000000000000000000000000000000000000000000000000000000000000000000000000000000000000000000000000000000000000000000000000000000000000000000000000000000000000000000000000000000000000000000000000000000000000000000000000000000000000000000000000000000000000000000000000000000000000000000000000000000000000000000000000000000000.
[2025/12/03 19:05:57] Peer 1005 received the 'have' message from Peer 1006 for the piece 7.
[2025/12/03 19:05:57] Peer 1005 updated its view of Peer 1006's bitfield: ff0000000000000000000000000000000000000000000000000000000000000000000000000000000000000000000000000000000000000000000000000000000000000000000000000000000000000000000000000000000000000000000000000000000000000000000000000000000000000000000000000000000000000000000000000000000000000000000000000000000000000000000000000000000000000000000000000000000000000000000000000000000000.
[2025/12/03 19:05:57] Peer 1005 sent 'piece' message for piece 9 to Peer 1006.
[2025/12/03 19:05:57] Peer 1005 received the 'have' message from Peer 1006 for the piece 8.
[2025/12/03 19:05:57] Peer 1005 updated its view of Peer 1006's bitfield: ff8000000000000000000000000000000000000000000000000000000000000000000000000000000000000000000000000000000000000000000000000000000000000000000000000000000000000000000000000000000000000000000000000000000000000000000000000000000000000000000000000000000000000000000000000000000000000000000000000000000000000000000000000000000000000000000000000000000000000000000000000000000000.
[2025/12/03 19:05:57] Peer 1005 received the 'have' message from Peer 1006 for the piece 9.
[2025/12/03 19:05:57] Peer 1005 updated its view of Peer 1006's bitfield: ffc000000000000000000000000000000000000000000000000000000000000000000000000000000000000000000000000000000000000000000000000000000000000000000000000000000000000000000000000000000000000000000000000000000000000000000000000000000000000000000000000000000000000000000000000000000000000000000000000000000000000000000000000000000000000000000000000000000000000000000000000000000000.
[2025/12/03 19:05:57] Peer 1005 sent 'piece' message for piece 11 to Peer 1006.
[2025/12/03 19:05:57] Peer 1005 received the 'have' message from Peer 1006 for the piece 10.
[2025/12/03 19:05:57] Peer 1005 updated its view of Peer 1006's bitfield: ffe000000000000000000000000000000000000000000000000000000000000000000000000000000000000000000000000000000000000000000000000000000000000000000000000000000000000000000000000000000000000000000000000000000000000000000000000000000000000000000000000000000000000000000000000000000000000000000000000000000000000000000000000000000000000000000000000000000000000000000000000000000000.
[2025/12/03 19:05:57] Peer 1005 received the 'have' message from Peer 1006 for the piece 11.
[2025/12/03 19:05:57] Peer 1005 updated its view of Peer 1006's bitfield: fff000000000000000000000000000000000000000000000000000000000000000000000000000000000000000000000000000000000000000000000000000000000000000000000000000000000000000000000000000000000000000000000000000000000000000000000000000000000000000000000000000000000000000000000000000000000000000000000000000000000000000000000000000000000000000000000000000000000000000000000000000000000.
[2025/12/03 19:05:57] Peer 1005 sent 'piece' message for piece 13 to Peer 1006.
[2025/12/03 19:05:57] Peer 1005 received the 'have' message from Peer 1006 for the piece 12.
[2025/12/03 19:05:57] Peer 1005 updated its view of Peer 1006's bitfield: fff800000000000000000000000000000000000000000000000000000000000000000000000000000000000000000000000000000000000000000000000000000000000000000000000000000000000000000000000000000000000000000000000000000000000000000000000000000000000000000000000000000000000000000000000000000000000000000000000000000000000000000000000000000000000000000000000000000000000000000000000000000000.
[2025/12/03 19:05:57] Peer 1005 received the 'have' message from Peer 1006 for the piece 13.
[2025/12/03 19:05:57] Peer 1005 updated its view of Peer 1006's bitfield: fffc00000000000000000000000000000000000000000000000000000000000000000000000000000000000000000000000000000000000000000000000000000000000000000000000000000000000000000000000000000000000000000000000000000000000000000000000000000000000000000000000000000000000000000000000000000000000000000000000000000000000000000000000000000000000000000000000000000000000000000000000000000000.
[2025/12/03 19:05:57] Peer 1005 sent 'piece' message for piece 14 to Peer 1006.
[2025/12/03 19:05:57] Peer 1005 received the 'have' message from Peer 1006 for the piece 14.
[2025/12/03 19:05:57] Peer 1005 updated its view of Peer 1006's bitfield: fffe00000000000000000000000000000000000000000000000000000000000000000000000000000000000000000000000000000000000000000000000000000000000000000000000000000000000000000000000000000000000000000000000000000000000000000000000000000000000000000000000000000000000000000000000000000000000000000000000000000000000000000000000000000000000000000000000000000000000000000000000000000000.
[2025/12/03 19:05:57] Peer 1005 sent 'piece' message for piece 15 to Peer 1006.
[2025/12/03 19:05:57] Peer 1005 sent 'piece' message for piece 16 to Peer 1006.
[2025/12/03 19:05:57] Peer 1005 received the 'have' message from Peer 1006 for the piece 15.
[2025/12/03 19:05:57] Peer 1005 updated its view of Peer 1006's bitfield: ffff00000000000000000000000000000000000000000000000000000000000000000000000000000000000000000000000000000000000000000000000000000000000000000000000000000000000000000000000000000000000000000000000000000000000000000000000000000000000000000000000000000000000000000000000000000000000000000000000000000000000000000000000000000000000000000000000000000000000000000000000000000000.
[2025/12/03 19:05:57] Peer 1005 received the 'have' message from Peer 1006 for the piece 16.
[2025/12/03 19:05:57] Peer 1005 updated its view of Peer 1006's bitfield: ffff80000000000000000000000000000000000000000000000000000000000000000000000000000000000000000000000000000000000000000000000000000000000000000000000000000000000000000000000000000000000000000000000000000000000000000000000000000000000000000000000000000000000000000000000000000000000000000000000000000000000000000000000000000000000000000000000000000000000000000000000000000000.
[2025/12/03 19:05:57] Peer 1005 sent 'piece' message for piece 18 to Peer 1006.
[2025/12/03 19:05:57] Peer 1005 received the 'have' message from Peer 1006 for the piece 17.
[2025/12/03 19:05:57] Peer 1005 updated its view of Peer 1006's bitfield: ffffc0000000000000000000000000000000000000000000000000000000000000000000000000000000000000000000000000000000000000000000000000000000000000000000000000000000000000000000000000000000000000000000000000000000000000000000000000000000000000000000000000000000000000000000000000000000000000000000000000000000000000000000000000000000000000000000000000000000000000000000000000000000.
[2025/12/03 19:05:57] Peer 1005 received the 'have' message from Peer 1006 for the piece 18.
[2025/12/03 19:05:57] Peer 1005 updated its view of Peer 1006's bitfield: ffffe0000000000000000000000000000000000000000000000000000000000000000000000000000000000000000000000000000000000000000000000000000000000000000000000000000000000000000000000000000000000000000000000000000000000000000000000000000000000000000000000000000000000000000000000000000000000000000000000000000000000000000000000000000000000000000000000000000000000000000000000000000000.
[2025/12/03 19:05:57] Peer 1005 sent 'piece' message for piece 20 to Peer 1006.
[2025/12/03 19:05:57] Peer 1005 received the 'have' message from Peer 1006 for the piece 19.
[2025/12/03 19:05:57] Peer 1005 updated its view of Peer 1006's bitfield: fffff0000000000000000000000000000000000000000000000000000000000000000000000000000000000000000000000000000000000000000000000000000000000000000000000000000000000000000000000000000000000000000000000000000000000000000000000000000000000000000000000000000000000000000000000000000000000000000000000000000000000000000000000000000000000000000000000000000000000000000000000000000000.
[2025/12/03 19:05:57] Peer 1005 has downloaded the piece 81 from Peer 1001. Now the number of pieces it has is 15.
[2025/12/03 19:05:57] Peer 1005 received the 'have' message from Peer 1003 for the piece 81.
[2025/12/03 19:05:57] Peer 1005 sent the 'have' message to Peer 1001 for the piece 81.
[2025/12/03 19:05:57] Peer 1005 updated its view of Peer 1003's bitfield: ffffffffffffffffffffc000000000000000000000000000000000000000000000000000000000000000000000000000000000000000000000000000000000000000000000000000000000000000000000000000000000000000000000000000000000000000000000000000000000000000000000000000000000000000000000000000000000000000000000000000000000000000000000000000000000000000000000000000000000000000000000000000000000000000.
[2025/12/03 19:05:57] Peer 1005 sent the 'have' message to Peer 1002 for the piece 81.
[2025/12/03 19:05:57] Peer 1005 received the 'have' message from Peer 1006 for the piece 20.
[2025/12/03 19:05:57] Peer 1005 sent the 'have' message to Peer 1003 for the piece 81.
[2025/12/03 19:05:57] Peer 1005 updated its view of Peer 1006's bitfield: fffff8000000000000000000000000000000000000000000000000000000000000000000000000000000000000000000000000000000000000000000000000000000000000000000000000000000000000000000000000000000000000000000000000000000000000000000000000000000000000000000000000000000000000000000000000000000000000000000000000000000000000000000000000000000000000000000000000000000000000000000000000000000.
[2025/12/03 19:05:57] Peer 1005 sent the 'have' message to Peer 1004 for the piece 81.
[2025/12/03 19:05:57] Peer 1005 received the 'have' message from Peer 1004 for the piece 81.
[2025/12/03 19:05:57] Peer 1005 sent the 'have' message to Peer 1006 for the piece 81.
[2025/12/03 19:05:57] Peer 1005 sent 'piece' message for piece 22 to Peer 1006.
[2025/12/03 19:05:57] Peer 1005 updated its view of Peer 1004's bitfield: ffffffffffffffffffffc000000000000000000000000000000000000000000000000000000000000000000000000000000000000000000000000000000000000000000000000000000000000000000000000000000000000000000000000000000000000000000000000000000000000000000000000000000000000000000000000000000000000000000000000000000000000000000000000000000000000000000000000000000000000000000000000000000000000000.
[2025/12/03 19:05:57] Peer 1005 sent 'request' for piece 82 to Peer 1001.
[2025/12/03 19:05:57] Peer 1005 received the 'have' message from Peer 1006 for the piece 21.
[2025/12/03 19:05:57] Peer 1005 updated its view of Peer 1006's bitfield: fffffc000000000000000000000000000000000000000000000000000000000000000000000000000000000000000000000000000000000000000000000000000000000000000000000000000000000000000000000000000000000000000000000000000000000000000000000000000000000000000000000000000000000000000000000000000000000000000000000000000000000000000000000000000000000000000000000000000000000000000000000000000000.
[2025/12/03 19:05:57] Peer 1005 sent 'piece' message for piece 23 to Peer 1006.
[2025/12/03 19:05:57] Peer 1005 received the 'have' message from Peer 1006 for the piece 22.
[2025/12/03 19:05:57] Peer 1005 updated its view of Peer 1006's bitfield: fffffe000000000000000000000000000000000000000000000000000000000000000000000000000000000000000000000000000000000000000000000000000000000000000000000000000000000000000000000000000000000000000000000000000000000000000000000000000000000000000000000000000000000000000000000000000000000000000000000000000000000000000000000000000000000000000000000000000000000000000000000000000000.
[2025/12/03 19:05:57] Peer 1005 sent 'piece' message for piece 24 to Peer 1006.
[2025/12/03 19:05:57] Peer 1005 sent 'piece' message for piece 25 to Peer 1006.
[2025/12/03 19:05:57] Peer 1005 received the 'have' message from Peer 1006 for the piece 23.
[2025/12/03 19:05:57] Peer 1005 updated its view of Peer 1006's bitfield: ffffff000000000000000000000000000000000000000000000000000000000000000000000000000000000000000000000000000000000000000000000000000000000000000000000000000000000000000000000000000000000000000000000000000000000000000000000000000000000000000000000000000000000000000000000000000000000000000000000000000000000000000000000000000000000000000000000000000000000000000000000000000000.
[2025/12/03 19:05:57] Peer 1005 received the 'have' message from Peer 1006 for the piece 24.
[2025/12/03 19:05:57] Peer 1005 updated its view of Peer 1006's bitfield: ffffff800000000000000000000000000000000000000000000000000000000000000000000000000000000000000000000000000000000000000000000000000000000000000000000000000000000000000000000000000000000000000000000000000000000000000000000000000000000000000000000000000000000000000000000000000000000000000000000000000000000000000000000000000000000000000000000000000000000000000000000000000000.
[2025/12/03 19:05:57] Peer 1005 sent 'piece' message for piece 26 to Peer 1006.
[2025/12/03 19:05:57] Peer 1005 sent 'piece' message for piece 27 to Peer 1006.
[2025/12/03 19:05:57] Peer 1005 received the 'have' message from Peer 1006 for the piece 25.
[2025/12/03 19:05:57] Peer 1005 updated its view of Peer 1006's bitfield: ffffffc00000000000000000000000000000000000000000000000000000000000000000000000000000000000000000000000000000000000000000000000000000000000000000000000000000000000000000000000000000000000000000000000000000000000000000000000000000000000000000000000000000000000000000000000000000000000000000000000000000000000000000000000000000000000000000000000000000000000000000000000000000.
[2025/12/03 19:05:57] Peer 1005 received the 'have' message from Peer 1006 for the piece 26.
[2025/12/03 19:05:57] Peer 1005 updated its view of Peer 1006's bitfield: ffffffe00000000000000000000000000000000000000000000000000000000000000000000000000000000000000000000000000000000000000000000000000000000000000000000000000000000000000000000000000000000000000000000000000000000000000000000000000000000000000000000000000000000000000000000000000000000000000000000000000000000000000000000000000000000000000000000000000000000000000000000000000000.
[2025/12/03 19:05:57] Peer 1005 sent 'piece' message for piece 28 to Peer 1006.
[2025/12/03 19:05:57] Peer 1005 sent 'piece' message for piece 29 to Peer 1006.
[2025/12/03 19:05:57] Peer 1005 received the 'have' message from Peer 1006 for the piece 27.
[2025/12/03 19:05:57] Peer 1005 updated its view of Peer 1006's bitfield: fffffff00000000000000000000000000000000000000000000000000000000000000000000000000000000000000000000000000000000000000000000000000000000000000000000000000000000000000000000000000000000000000000000000000000000000000000000000000000000000000000000000000000000000000000000000000000000000000000000000000000000000000000000000000000000000000000000000000000000000000000000000000000.
[2025/12/03 19:05:57] Peer 1005 received the 'have' message from Peer 1006 for the piece 28.
[2025/12/03 19:05:57] Peer 1005 updated its view of Peer 1006's bitfield: fffffff80000000000000000000000000000000000000000000000000000000000000000000000000000000000000000000000000000000000000000000000000000000000000000000000000000000000000000000000000000000000000000000000000000000000000000000000000000000000000000000000000000000000000000000000000000000000000000000000000000000000000000000000000000000000000000000000000000000000000000000000000000.
[2025/12/03 19:05:57] Peer 1005 sent 'piece' message for piece 30 to Peer 1006.
[2025/12/03 19:05:57] Peer 1005 sent 'piece' message for piece 31 to Peer 1006.
[2025/12/03 19:05:57] Peer 1005 received the 'interested' message from Peer 1002.
[2025/12/03 19:05:57] Peer 1005 received the 'have' message from Peer 1006 for the piece 29.
[2025/12/03 19:05:57] Peer 1005 updated its view of Peer 1006's bitfield: fffffffc0000000000000000000000000000000000000000000000000000000000000000000000000000000000000000000000000000000000000000000000000000000000000000000000000000000000000000000000000000000000000000000000000000000000000000000000000000000000000000000000000000000000000000000000000000000000000000000000000000000000000000000000000000000000000000000000000000000000000000000000000000.
[2025/12/03 19:05:57] Peer 1005 received the 'have' message from Peer 1006 for the piece 30.
[2025/12/03 19:05:57] Peer 1005 updated its view of Peer 1006's bitfield: fffffffe0000000000000000000000000000000000000000000000000000000000000000000000000000000000000000000000000000000000000000000000000000000000000000000000000000000000000000000000000000000000000000000000000000000000000000000000000000000000000000000000000000000000000000000000000000000000000000000000000000000000000000000000000000000000000000000000000000000000000000000000000000.
[2025/12/03 19:05:57] Peer 1005 sent 'piece' message for piece 32 to Peer 1006.
[2025/12/03 19:05:57] Peer 1005 has downloaded the piece 82 from Peer 1001. Now the number of pieces it has is 16.
[2025/12/03 19:05:57] Peer 1005 sent 'piece' message for piece 33 to Peer 1006.
[2025/12/03 19:05:57] Peer 1005 sent the 'have' message to Peer 1001 for the piece 82.
[2025/12/03 19:05:57] Peer 1005 sent the 'have' message to Peer 1002 for the piece 82.
[2025/12/03 19:05:57] Peer 1005 sent the 'have' message to Peer 1003 for the piece 82.
[2025/12/03 19:05:57] Peer 1005 received the 'have' message from Peer 1004 for the piece 82.
[2025/12/03 19:05:57] Peer 1005 sent the 'have' message to Peer 1004 for the piece 82.
[2025/12/03 19:05:57] Peer 1005 updated its view of Peer 1004's bitfield: ffffffffffffffffffffe000000000000000000000000000000000000000000000000000000000000000000000000000000000000000000000000000000000000000000000000000000000000000000000000000000000000000000000000000000000000000000000000000000000000000000000000000000000000000000000000000000000000000000000000000000000000000000000000000000000000000000000000000000000000000000000000000000000000000.
[2025/12/03 19:05:57] Peer 1005 sent the 'have' message to Peer 1006 for the piece 82.
[2025/12/03 19:05:57] Peer 1005 received the 'have' message from Peer 1006 for the piece 31.
[2025/12/03 19:05:57] Peer 1005 received the 'have' message from Peer 1002 for the piece 81.
[2025/12/03 19:05:57] Peer 1005 sent 'request' for piece 83 to Peer 1001.
[2025/12/03 19:05:57] Peer 1005 updated its view of Peer 1006's bitfield: ffffffff0000000000000000000000000000000000000000000000000000000000000000000000000000000000000000000000000000000000000000000000000000000000000000000000000000000000000000000000000000000000000000000000000000000000000000000000000000000000000000000000000000000000000000000000000000000000000000000000000000000000000000000000000000000000000000000000000000000000000000000000000000.
[2025/12/03 19:05:57] Peer 1005 updated its view of Peer 1002's bitfield: ffffffffffffffffffffc000000000000000000000000000000000000000000000000000000000000000000000000000000000000000000000000000000000000000000000000000000000000000000000000000000000000000000000000000000000000000000000000000000000000000000000000000000000000000000000000000000000000000000000000000000000000000000000000000000000000000000000000000000000000000000000000000000000000000.
[2025/12/03 19:05:57] Peer 1005 received the 'have' message from Peer 1006 for the piece 32.
[2025/12/03 19:05:57] Peer 1005 updated its view of Peer 1006's bitfield: ffffffff8000000000000000000000000000000000000000000000000000000000000000000000000000000000000000000000000000000000000000000000000000000000000000000000000000000000000000000000000000000000000000000000000000000000000000000000000000000000000000000000000000000000000000000000000000000000000000000000000000000000000000000000000000000000000000000000000000000000000000000000000000.
[2025/12/03 19:05:57] Peer 1005 sent 'piece' message for piece 34 to Peer 1006.
[2025/12/03 19:05:57] Peer 1005 received the 'have' message from Peer 1003 for the piece 82.
[2025/12/03 19:05:57] Peer 1005 updated its view of Peer 1003's bitfield: ffffffffffffffffffffe000000000000000000000000000000000000000000000000000000000000000000000000000000000000000000000000000000000000000000000000000000000000000000000000000000000000000000000000000000000000000000000000000000000000000000000000000000000000000000000000000000000000000000000000000000000000000000000000000000000000000000000000000000000000000000000000000000000000000.
[2025/12/03 19:05:57] Peer 1005 received the 'have' message from Peer 1006 for the piece 33.
[2025/12/03 19:05:57] Peer 1005 is choked by Peer 1004.
[2025/12/03 19:05:57] Peer 1005 updated its view of Peer 1006's bitfield: ffffffffc000000000000000000000000000000000000000000000000000000000000000000000000000000000000000000000000000000000000000000000000000000000000000000000000000000000000000000000000000000000000000000000000000000000000000000000000000000000000000000000000000000000000000000000000000000000000000000000000000000000000000000000000000000000000000000000000000000000000000000000000000.
[2025/12/03 19:05:57] Peer 1005 sent 'piece' message for piece 35 to Peer 1006.
[2025/12/03 19:05:57] Peer 1005 sent 'piece' message for piece 36 to Peer 1006.
[2025/12/03 19:05:57] Peer 1005 sent 'piece' message for piece 37 to Peer 1006.
[2025/12/03 19:05:57] Peer 1005 received the 'have' message from Peer 1006 for the piece 34.
[2025/12/03 19:05:57] Peer 1005 updated its view of Peer 1006's bitfield: ffffffffe000000000000000000000000000000000000000000000000000000000000000000000000000000000000000000000000000000000000000000000000000000000000000000000000000000000000000000000000000000000000000000000000000000000000000000000000000000000000000000000000000000000000000000000000000000000000000000000000000000000000000000000000000000000000000000000000000000000000000000000000000.
[2025/12/03 19:05:57] Peer 1005 received the 'have' message from Peer 1006 for the piece 35.
[2025/12/03 19:05:57] Peer 1005 updated its view of Peer 1006's bitfield: fffffffff000000000000000000000000000000000000000000000000000000000000000000000000000000000000000000000000000000000000000000000000000000000000000000000000000000000000000000000000000000000000000000000000000000000000000000000000000000000000000000000000000000000000000000000000000000000000000000000000000000000000000000000000000000000000000000000000000000000000000000000000000.
[2025/12/03 19:05:57] Peer 1005 sent 'piece' message for piece 38 to Peer 1006.
[2025/12/03 19:05:57] Peer 1005 sent 'piece' message for piece 39 to Peer 1006.
[2025/12/03 19:05:57] Peer 1005 received the 'have' message from Peer 1006 for the piece 36.
[2025/12/03 19:05:57] Peer 1005 updated its view of Peer 1006's bitfield: fffffffff800000000000000000000000000000000000000000000000000000000000000000000000000000000000000000000000000000000000000000000000000000000000000000000000000000000000000000000000000000000000000000000000000000000000000000000000000000000000000000000000000000000000000000000000000000000000000000000000000000000000000000000000000000000000000000000000000000000000000000000000000.
[2025/12/03 19:05:57] Peer 1005 received the 'have' message from Peer 1006 for the piece 37.
[2025/12/03 19:05:57] Peer 1005 updated its view of Peer 1006's bitfield: fffffffffc00000000000000000000000000000000000000000000000000000000000000000000000000000000000000000000000000000000000000000000000000000000000000000000000000000000000000000000000000000000000000000000000000000000000000000000000000000000000000000000000000000000000000000000000000000000000000000000000000000000000000000000000000000000000000000000000000000000000000000000000000.
[2025/12/03 19:05:57] Peer 1005 sent 'piece' message for piece 40 to Peer 1006.
[2025/12/03 19:05:57] Peer 1005 sent 'piece' message for piece 82 to Peer 1002.
[2025/12/03 19:05:57] Peer 1005 received the 'have' message from Peer 1002 for the piece 82.
[2025/12/03 19:05:57] Peer 1005 sent 'piece' message for piece 41 to Peer 1006.
[2025/12/03 19:05:57] Peer 1005 updated its view of Peer 1002's bitfield: ffffffffffffffffffffe000000000000000000000000000000000000000000000000000000000000000000000000000000000000000000000000000000000000000000000000000000000000000000000000000000000000000000000000000000000000000000000000000000000000000000000000000000000000000000000000000000000000000000000000000000000000000000000000000000000000000000000000000000000000000000000000000000000000000.
[2025/12/03 19:05:57] Peer 1005 received the 'have' message from Peer 1006 for the piece 38.
[2025/12/03 19:05:57] Peer 1005 has downloaded the piece 83 from Peer 1001. Now the number of pieces it has is 17.
[2025/12/03 19:05:57] Peer 1005 updated its view of Peer 1006's bitfield: fffffffffe00000000000000000000000000000000000000000000000000000000000000000000000000000000000000000000000000000000000000000000000000000000000000000000000000000000000000000000000000000000000000000000000000000000000000000000000000000000000000000000000000000000000000000000000000000000000000000000000000000000000000000000000000000000000000000000000000000000000000000000000000.
[2025/12/03 19:05:57] Peer 1005 sent the 'have' message to Peer 1001 for the piece 83.
[2025/12/03 19:05:57] Peer 1005 received the 'have' message from Peer 1006 for the piece 39.
[2025/12/03 19:05:57] Peer 1005 sent the 'have' message to Peer 1002 for the piece 83.
[2025/12/03 19:05:57] Peer 1005 updated its view of Peer 1006's bitfield: ffffffffff00000000000000000000000000000000000000000000000000000000000000000000000000000000000000000000000000000000000000000000000000000000000000000000000000000000000000000000000000000000000000000000000000000000000000000000000000000000000000000000000000000000000000000000000000000000000000000000000000000000000000000000000000000000000000000000000000000000000000000000000000.
[2025/12/03 19:05:57] Peer 1005 sent the 'have' message to Peer 1003 for the piece 83.
[2025/12/03 19:05:57] Peer 1005 received the 'have' message from Peer 1004 for the piece 83.
[2025/12/03 19:05:57] Peer 1005 sent 'piece' message for piece 42 to Peer 1006.
[2025/12/03 19:05:57] Peer 1005 sent the 'have' message to Peer 1004 for the piece 83.
[2025/12/03 19:05:57] Peer 1005 updated its view of Peer 1004's bitfield: fffffffffffffffffffff000000000000000000000000000000000000000000000000000000000000000000000000000000000000000000000000000000000000000000000000000000000000000000000000000000000000000000000000000000000000000000000000000000000000000000000000000000000000000000000000000000000000000000000000000000000000000000000000000000000000000000000000000000000000000000000000000000000000000.
[2025/12/03 19:05:57] Peer 1005 sent 'piece' message for piece 43 to Peer 1006.
[2025/12/03 19:05:57] Peer 1005 sent the 'have' message to Peer 1006 for the piece 83.
[2025/12/03 19:05:57] Peer 1005 received the 'have' message from Peer 1006 for the piece 40.
[2025/12/03 19:05:57] Peer 1005 received the 'not interested' message from Peer 1002.
[2025/12/03 19:05:57] Peer 1005 sent 'request' for piece 84 to Peer 1001.
[2025/12/03 19:05:57] Peer 1005 updated its view of Peer 1006's bitfield: ffffffffff80000000000000000000000000000000000000000000000000000000000000000000000000000000000000000000000000000000000000000000000000000000000000000000000000000000000000000000000000000000000000000000000000000000000000000000000000000000000000000000000000000000000000000000000000000000000000000000000000000000000000000000000000000000000000000000000000000000000000000000000000.
[2025/12/03 19:05:57] Peer 1005 received the 'have' message from Peer 1006 for the piece 41.
[2025/12/03 19:05:57] Peer 1005 updated its view of Peer 1006's bitfield: ffffffffffc0000000000000000000000000000000000000000000000000000000000000000000000000000000000000000000000000000000000000000000000000000000000000000000000000000000000000000000000000000000000000000000000000000000000000000000000000000000000000000000000000000000000000000000000000000000000000000000000000000000000000000000000000000000000000000000000000000000000000000000000000.
[2025/12/03 19:05:57] Peer 1005 sent 'piece' message for piece 44 to Peer 1006.
[2025/12/03 19:05:57] Peer 1005 received the 'have' message from Peer 1006 for the piece 42.
[2025/12/03 19:05:57] Peer 1005 updated its view of Peer 1006's bitfield: ffffffffffe0000000000000000000000000000000000000000000000000000000000000000000000000000000000000000000000000000000000000000000000000000000000000000000000000000000000000000000000000000000000000000000000000000000000000000000000000000000000000000000000000000000000000000000000000000000000000000000000000000000000000000000000000000000000000000000000000000000000000000000000000.
[2025/12/03 19:05:57] Peer 1005 sent 'piece' message for piece 45 to Peer 1006.
[2025/12/03 19:05:57] Peer 1005 received the 'have' message from Peer 1003 for the piece 83.
[2025/12/03 19:05:57] Peer 1005 updated its view of Peer 1003's bitfield: fffffffffffffffffffff000000000000000000000000000000000000000000000000000000000000000000000000000000000000000000000000000000000000000000000000000000000000000000000000000000000000000000000000000000000000000000000000000000000000000000000000000000000000000000000000000000000000000000000000000000000000000000000000000000000000000000000000000000000000000000000000000000000000000.
[2025/12/03 19:05:57] Peer 1005 sent 'piece' message for piece 46 to Peer 1006.
[2025/12/03 19:05:57] Peer 1005 received the 'have' message from Peer 1006 for the piece 43.
[2025/12/03 19:05:57] Peer 1005 updated its view of Peer 1006's bitfield: fffffffffff0000000000000000000000000000000000000000000000000000000000000000000000000000000000000000000000000000000000000000000000000000000000000000000000000000000000000000000000000000000000000000000000000000000000000000000000000000000000000000000000000000000000000000000000000000000000000000000000000000000000000000000000000000000000000000000000000000000000000000000000000.
[2025/12/03 19:05:57] Peer 1005 sent 'piece' message for piece 47 to Peer 1006.
[2025/12/03 19:05:57] Peer 1005 received the 'have' message from Peer 1006 for the piece 44.
[2025/12/03 19:05:57] Peer 1005 updated its view of Peer 1006's bitfield: fffffffffff8000000000000000000000000000000000000000000000000000000000000000000000000000000000000000000000000000000000000000000000000000000000000000000000000000000000000000000000000000000000000000000000000000000000000000000000000000000000000000000000000000000000000000000000000000000000000000000000000000000000000000000000000000000000000000000000000000000000000000000000000.
[2025/12/03 19:05:57] Peer 1005 received the 'interested' message from Peer 1002.
[2025/12/03 19:05:57] Peer 1005 sent 'piece' message for piece 83 to Peer 1002.
[2025/12/03 19:05:57] Peer 1005 sent 'piece' message for piece 48 to Peer 1006.
[2025/12/03 19:05:57] Peer 1005 sent 'piece' message for piece 49 to Peer 1006.
[2025/12/03 19:05:57] Peer 1005 received the 'have' message from Peer 1006 for the piece 45.
[2025/12/03 19:05:57] Peer 1005 has downloaded the piece 84 from Peer 1001. Now the number of pieces it has is 18.
[2025/12/03 19:05:57] Peer 1005 updated its view of Peer 1006's bitfield: fffffffffffc000000000000000000000000000000000000000000000000000000000000000000000000000000000000000000000000000000000000000000000000000000000000000000000000000000000000000000000000000000000000000000000000000000000000000000000000000000000000000000000000000000000000000000000000000000000000000000000000000000000000000000000000000000000000000000000000000000000000000000000000.
[2025/12/03 19:05:57] Peer 1005 sent the 'have' message to Peer 1001 for the piece 84.
[2025/12/03 19:05:57] Peer 1005 sent the 'have' message to Peer 1002 for the piece 84.
[2025/12/03 19:05:57] Peer 1005 received the 'have' message from Peer 1004 for the piece 84.
[2025/12/03 19:05:57] Peer 1005 sent the 'have' message to Peer 1003 for the piece 84.
[2025/12/03 19:05:57] Peer 1005 updated its view of Peer 1004's bitfield: fffffffffffffffffffff800000000000000000000000000000000000000000000000000000000000000000000000000000000000000000000000000000000000000000000000000000000000000000000000000000000000000000000000000000000000000000000000000000000000000000000000000000000000000000000000000000000000000000000000000000000000000000000000000000000000000000000000000000000000000000000000000000000000000.
[2025/12/03 19:05:57] Peer 1005 received the 'not interested' message from Peer 1002.
[2025/12/03 19:05:57] Peer 1005 sent the 'have' message to Peer 1004 for the piece 84.
[2025/12/03 19:05:57] Peer 1005 received the 'have' message from Peer 1006 for the piece 46.
[2025/12/03 19:05:57] Peer 1005 sent the 'have' message to Peer 1006 for the piece 84.
[2025/12/03 19:05:57] Peer 1005 updated its view of Peer 1006's bitfield: fffffffffffe000000000000000000000000000000000000000000000000000000000000000000000000000000000000000000000000000000000000000000000000000000000000000000000000000000000000000000000000000000000000000000000000000000000000000000000000000000000000000000000000000000000000000000000000000000000000000000000000000000000000000000000000000000000000000000000000000000000000000000000000.
[2025/12/03 19:05:57] Peer 1005 sent 'request' for piece 85 to Peer 1001.
[2025/12/03 19:05:57] Peer 1005 sent 'piece' message for piece 50 to Peer 1006.
[2025/12/03 19:05:57] Peer 1005 received the 'have' message from Peer 1006 for the piece 47.
[2025/12/03 19:05:57] Peer 1005 updated its view of Peer 1006's bitfield: ffffffffffff000000000000000000000000000000000000000000000000000000000000000000000000000000000000000000000000000000000000000000000000000000000000000000000000000000000000000000000000000000000000000000000000000000000000000000000000000000000000000000000000000000000000000000000000000000000000000000000000000000000000000000000000000000000000000000000000000000000000000000000000.
[2025/12/03 19:05:57] Peer 1005 sent 'piece' message for piece 51 to Peer 1006.
[2025/12/03 19:05:57] Peer 1005 received the 'have' message from Peer 1006 for the piece 48.
[2025/12/03 19:05:57] Peer 1005 updated its view of Peer 1006's bitfield: ffffffffffff800000000000000000000000000000000000000000000000000000000000000000000000000000000000000000000000000000000000000000000000000000000000000000000000000000000000000000000000000000000000000000000000000000000000000000000000000000000000000000000000000000000000000000000000000000000000000000000000000000000000000000000000000000000000000000000000000000000000000000000000.
[2025/12/03 19:05:57] Peer 1005 sent 'piece' message for piece 52 to Peer 1006.
[2025/12/03 19:05:57] Peer 1005 received the 'have' message from Peer 1002 for the piece 83.
[2025/12/03 19:05:57] Peer 1005 received the 'have' message from Peer 1003 for the piece 84.
[2025/12/03 19:05:57] Peer 1005 updated its view of Peer 1002's bitfield: fffffffffffffffffffff000000000000000000000000000000000000000000000000000000000000000000000000000000000000000000000000000000000000000000000000000000000000000000000000000000000000000000000000000000000000000000000000000000000000000000000000000000000000000000000000000000000000000000000000000000000000000000000000000000000000000000000000000000000000000000000000000000000000000.
[2025/12/03 19:05:57] Peer 1005 updated its view of Peer 1003's bitfield: fffffffffffffffffffff800000000000000000000000000000000000000000000000000000000000000000000000000000000000000000000000000000000000000000000000000000000000000000000000000000000000000000000000000000000000000000000000000000000000000000000000000000000000000000000000000000000000000000000000000000000000000000000000000000000000000000000000000000000000000000000000000000000000000.
[2025/12/03 19:05:57] Peer 1005 received the 'have' message from Peer 1006 for the piece 49.
[2025/12/03 19:05:57] Peer 1005 updated its view of Peer 1006's bitfield: ffffffffffffc00000000000000000000000000000000000000000000000000000000000000000000000000000000000000000000000000000000000000000000000000000000000000000000000000000000000000000000000000000000000000000000000000000000000000000000000000000000000000000000000000000000000000000000000000000000000000000000000000000000000000000000000000000000000000000000000000000000000000000000000.
[2025/12/03 19:05:57] Peer 1005 sent 'piece' message for piece 53 to Peer 1006.
[2025/12/03 19:05:57] Peer 1005 sent 'piece' message for piece 54 to Peer 1006.
[2025/12/03 19:05:57] Peer 1005 received the 'interested' message from Peer 1002.
[2025/12/03 19:05:57] Peer 1005 received the 'have' message from Peer 1006 for the piece 50.
[2025/12/03 19:05:57] Peer 1005 updated its view of Peer 1006's bitfield: ffffffffffffe00000000000000000000000000000000000000000000000000000000000000000000000000000000000000000000000000000000000000000000000000000000000000000000000000000000000000000000000000000000000000000000000000000000000000000000000000000000000000000000000000000000000000000000000000000000000000000000000000000000000000000000000000000000000000000000000000000000000000000000000.
[2025/12/03 19:05:57] Peer 1005 sent 'piece' message for piece 55 to Peer 1006.
[2025/12/03 19:05:57] Peer 1005 received the 'have' message from Peer 1006 for the piece 51.
[2025/12/03 19:05:57] Peer 1005 updated its view of Peer 1006's bitfield: fffffffffffff00000000000000000000000000000000000000000000000000000000000000000000000000000000000000000000000000000000000000000000000000000000000000000000000000000000000000000000000000000000000000000000000000000000000000000000000000000000000000000000000000000000000000000000000000000000000000000000000000000000000000000000000000000000000000000000000000000000000000000000000.
[2025/12/03 19:05:57] Peer 1005 sent 'piece' message for piece 56 to Peer 1006.
[2025/12/03 19:05:57] Peer 1005 received the 'have' message from Peer 1006 for the piece 52.
[2025/12/03 19:05:57] Peer 1005 updated its view of Peer 1006's bitfield: fffffffffffff80000000000000000000000000000000000000000000000000000000000000000000000000000000000000000000000000000000000000000000000000000000000000000000000000000000000000000000000000000000000000000000000000000000000000000000000000000000000000000000000000000000000000000000000000000000000000000000000000000000000000000000000000000000000000000000000000000000000000000000000.
[2025/12/03 19:05:57] Peer 1005 sent 'piece' message for piece 57 to Peer 1006.
[2025/12/03 19:05:57] Peer 1005 is choked by Peer 1001.
[2025/12/03 19:05:57] Peer 1005 received the 'have' message from Peer 1006 for the piece 53.
[2025/12/03 19:05:57] Peer 1005 updated its view of Peer 1006's bitfield: fffffffffffffc0000000000000000000000000000000000000000000000000000000000000000000000000000000000000000000000000000000000000000000000000000000000000000000000000000000000000000000000000000000000000000000000000000000000000000000000000000000000000000000000000000000000000000000000000000000000000000000000000000000000000000000000000000000000000000000000000000000000000000000000.
[2025/12/03 19:05:57] Peer 1005 sent 'piece' message for piece 58 to Peer 1006.
[2025/12/03 19:05:57] Peer 1005 sent 'piece' message for piece 59 to Peer 1006.
[2025/12/03 19:05:57] Peer 1005 received the 'have' message from Peer 1003 for the piece 85.
[2025/12/03 19:05:57] Peer 1005 updated its view of Peer 1003's bitfield: fffffffffffffffffffffc00000000000000000000000000000000000000000000000000000000000000000000000000000000000000000000000000000000000000000000000000000000000000000000000000000000000000000000000000000000000000000000000000000000000000000000000000000000000000000000000000000000000000000000000000000000000000000000000000000000000000000000000000000000000000000000000000000000000000.
[2025/12/03 19:05:57] Peer 1005 sent 'piece' message for piece 84 to Peer 1002.
[2025/12/03 19:05:57] Peer 1005 sent the 'interested' message to Peer 1003.
[2025/12/03 19:05:57] Peer 1005 received the 'have' message from Peer 1006 for the piece 54.
[2025/12/03 19:05:57] Peer 1005 updated its view of Peer 1006's bitfield: fffffffffffffe0000000000000000000000000000000000000000000000000000000000000000000000000000000000000000000000000000000000000000000000000000000000000000000000000000000000000000000000000000000000000000000000000000000000000000000000000000000000000000000000000000000000000000000000000000000000000000000000000000000000000000000000000000000000000000000000000000000000000000000000.
[2025/12/03 19:05:57] Peer 1005 received the 'have' message from Peer 1006 for the piece 55.
[2025/12/03 19:05:57] Peer 1005 updated its view of Peer 1006's bitfield: ffffffffffffff0000000000000000000000000000000000000000000000000000000000000000000000000000000000000000000000000000000000000000000000000000000000000000000000000000000000000000000000000000000000000000000000000000000000000000000000000000000000000000000000000000000000000000000000000000000000000000000000000000000000000000000000000000000000000000000000000000000000000000000000.
[2025/12/03 19:05:57] Peer 1005 received the 'not interested' message from Peer 1002.
[2025/12/03 19:05:57] Peer 1005 sent 'piece' message for piece 60 to Peer 1006.
[2025/12/03 19:05:57] Peer 1005 received the 'have' message from Peer 1004 for the piece 85.
[2025/12/03 19:05:57] Peer 1005 updated its view of Peer 1004's bitfield: fffffffffffffffffffffc00000000000000000000000000000000000000000000000000000000000000000000000000000000000000000000000000000000000000000000000000000000000000000000000000000000000000000000000000000000000000000000000000000000000000000000000000000000000000000000000000000000000000000000000000000000000000000000000000000000000000000000000000000000000000000000000000000000000000.
[2025/12/03 19:05:57] Peer 1005 received the 'have' message from Peer 1006 for the piece 56.
[2025/12/03 19:05:57] Peer 1005 sent the 'interested' message to Peer 1004.
[2025/12/03 19:05:57] Peer 1005 updated its view of Peer 1006's bitfield: ffffffffffffff8000000000000000000000000000000000000000000000000000000000000000000000000000000000000000000000000000000000000000000000000000000000000000000000000000000000000000000000000000000000000000000000000000000000000000000000000000000000000000000000000000000000000000000000000000000000000000000000000000000000000000000000000000000000000000000000000000000000000000000000.
[2025/12/03 19:05:57] Peer 1005 sent 'piece' message for piece 61 to Peer 1006.
[2025/12/03 19:05:57] Peer 1005 received the 'have' message from Peer 1006 for the piece 57.
[2025/12/03 19:05:57] Peer 1005 updated its view of Peer 1006's bitfield: ffffffffffffffc000000000000000000000000000000000000000000000000000000000000000000000000000000000000000000000000000000000000000000000000000000000000000000000000000000000000000000000000000000000000000000000000000000000000000000000000000000000000000000000000000000000000000000000000000000000000000000000000000000000000000000000000000000000000000000000000000000000000000000000.
[2025/12/03 19:05:57] Peer 1005 sent 'piece' message for piece 62 to Peer 1006.
[2025/12/03 19:05:57] Peer 1005 sent 'piece' message for piece 63 to Peer 1006.
[2025/12/03 19:05:57] Peer 1005 received the 'have' message from Peer 1006 for the piece 58.
[2025/12/03 19:05:57] Peer 1005 updated its view of Peer 1006's bitfield: ffffffffffffffe000000000000000000000000000000000000000000000000000000000000000000000000000000000000000000000000000000000000000000000000000000000000000000000000000000000000000000000000000000000000000000000000000000000000000000000000000000000000000000000000000000000000000000000000000000000000000000000000000000000000000000000000000000000000000000000000000000000000000000000.
[2025/12/03 19:05:57] Peer 1005 received the 'have' message from Peer 1006 for the piece 59.
[2025/12/03 19:05:57] Peer 1005 received the 'have' message from Peer 1002 for the piece 84.
[2025/12/03 19:05:57] Peer 1005 updated its view of Peer 1006's bitfield: fffffffffffffff000000000000000000000000000000000000000000000000000000000000000000000000000000000000000000000000000000000000000000000000000000000000000000000000000000000000000000000000000000000000000000000000000000000000000000000000000000000000000000000000000000000000000000000000000000000000000000000000000000000000000000000000000000000000000000000000000000000000000000000.
[2025/12/03 19:05:57] Peer 1005 updated its view of Peer 1002's bitfield: fffffffffffffffffffff800000000000000000000000000000000000000000000000000000000000000000000000000000000000000000000000000000000000000000000000000000000000000000000000000000000000000000000000000000000000000000000000000000000000000000000000000000000000000000000000000000000000000000000000000000000000000000000000000000000000000000000000000000000000000000000000000000000000000.
[2025/12/03 19:05:57] Peer 1005 sent 'piece' message for piece 64 to Peer 1006.
[2025/12/03 19:05:57] Peer 1005 received the 'have' message from Peer 1002 for the piece 85.
[2025/12/03 19:05:57] Peer 1005 updated its view of Peer 1002's bitfield: fffffffffffffffffffffc00000000000000000000000000000000000000000000000000000000000000000000000000000000000000000000000000000000000000000000000000000000000000000000000000000000000000000000000000000000000000000000000000000000000000000000000000000000000000000000000000000000000000000000000000000000000000000000000000000000000000000000000000000000000000000000000000000000000000.
[2025/12/03 19:05:57] Peer 1005 sent the 'interested' message to Peer 1002.
[2025/12/03 19:05:57] Peer 1005 sent 'piece' message for piece 65 to Peer 1006.
[2025/12/03 19:05:57] Peer 1005 sent 'request' for piece 85 to Peer 1002.
[2025/12/03 19:05:57] Peer 1005 received the 'have' message from Peer 1006 for the piece 60.
[2025/12/03 19:05:57] Peer 1005 updated its view of Peer 1006's bitfield: fffffffffffffff800000000000000000000000000000000000000000000000000000000000000000000000000000000000000000000000000000000000000000000000000000000000000000000000000000000000000000000000000000000000000000000000000000000000000000000000000000000000000000000000000000000000000000000000000000000000000000000000000000000000000000000000000000000000000000000000000000000000000000000.
[2025/12/03 19:05:57] Peer 1005 received the 'have' message from Peer 1004 for the piece 86.
[2025/12/03 19:05:57] Peer 1005 updated its view of Peer 1004's bitfield: fffffffffffffffffffffe00000000000000000000000000000000000000000000000000000000000000000000000000000000000000000000000000000000000000000000000000000000000000000000000000000000000000000000000000000000000000000000000000000000000000000000000000000000000000000000000000000000000000000000000000000000000000000000000000000000000000000000000000000000000000000000000000000000000000.
[2025/12/03 19:05:57] Peer 1005 received the 'have' message from Peer 1006 for the piece 61.
[2025/12/03 19:05:57] Peer 1005 updated its view of Peer 1006's bitfield: fffffffffffffffc00000000000000000000000000000000000000000000000000000000000000000000000000000000000000000000000000000000000000000000000000000000000000000000000000000000000000000000000000000000000000000000000000000000000000000000000000000000000000000000000000000000000000000000000000000000000000000000000000000000000000000000000000000000000000000000000000000000000000000000.
[2025/12/03 19:05:57] Peer 1005 sent 'piece' message for piece 66 to Peer 1006.
[2025/12/03 19:05:57] Peer 1005 sent 'piece' message for piece 67 to Peer 1006.
[2025/12/03 19:05:57] Peer 1005 has downloaded the piece 85 from Peer 1002. Now the number of pieces it has is 1.
[2025/12/03 19:05:57] Peer 1005 received the 'have' message from Peer 1004 for the piece 87.
[2025/12/03 19:05:57] Peer 1005 received the 'have' message from Peer 1006 for the piece 62.
[2025/12/03 19:05:57] Peer 1005 sent the 'have' message to Peer 1001 for the piece 85.
[2025/12/03 19:05:57] Peer 1005 updated its view of Peer 1004's bitfield: ffffffffffffffffffffff00000000000000000000000000000000000000000000000000000000000000000000000000000000000000000000000000000000000000000000000000000000000000000000000000000000000000000000000000000000000000000000000000000000000000000000000000000000000000000000000000000000000000000000000000000000000000000000000000000000000000000000000000000000000000000000000000000000000000.
[2025/12/03 19:05:57] Peer 1005 updated its view of Peer 1006's bitfield: fffffffffffffffe00000000000000000000000000000000000000000000000000000000000000000000000000000000000000000000000000000000000000000000000000000000000000000000000000000000000000000000000000000000000000000000000000000000000000000000000000000000000000000000000000000000000000000000000000000000000000000000000000000000000000000000000000000000000000000000000000000000000000000000.
[2025/12/03 19:05:57] Peer 1005 sent the 'have' message to Peer 1002 for the piece 85.
[2025/12/03 19:05:57] Peer 1005 received the 'have' message from Peer 1006 for the piece 63.
[2025/12/03 19:05:57] Peer 1005 updated its view of Peer 1006's bitfield: ffffffffffffffff00000000000000000000000000000000000000000000000000000000000000000000000000000000000000000000000000000000000000000000000000000000000000000000000000000000000000000000000000000000000000000000000000000000000000000000000000000000000000000000000000000000000000000000000000000000000000000000000000000000000000000000000000000000000000000000000000000000000000000000.
[2025/12/03 19:05:57] Peer 1005 sent the 'have' message to Peer 1003 for the piece 85.
[2025/12/03 19:05:57] Peer 1005 sent 'piece' message for piece 68 to Peer 1006.
[2025/12/03 19:05:57] Peer 1005 sent 'piece' message for piece 69 to Peer 1006.
[2025/12/03 19:05:57] Peer 1005 sent the 'have' message to Peer 1004 for the piece 85.
[2025/12/03 19:05:57] Peer 1005 received the 'have' message from Peer 1006 for the piece 64.
[2025/12/03 19:05:57] Peer 1005 updated its view of Peer 1006's bitfield: ffffffffffffffff80000000000000000000000000000000000000000000000000000000000000000000000000000000000000000000000000000000000000000000000000000000000000000000000000000000000000000000000000000000000000000000000000000000000000000000000000000000000000000000000000000000000000000000000000000000000000000000000000000000000000000000000000000000000000000000000000000000000000000000.
[2025/12/03 19:05:57] Peer 1005 sent the 'have' message to Peer 1006 for the piece 85.
[2025/12/03 19:05:57] Peer 1005 received the 'have' message from Peer 1006 for the piece 65.
[2025/12/03 19:05:57] Peer 1005 sent the 'not interested' message to Peer 1002.
[2025/12/03 19:05:57] Peer 1005 updated its view of Peer 1006's bitfield: ffffffffffffffffc0000000000000000000000000000000000000000000000000000000000000000000000000000000000000000000000000000000000000000000000000000000000000000000000000000000000000000000000000000000000000000000000000000000000000000000000000000000000000000000000000000000000000000000000000000000000000000000000000000000000000000000000000000000000000000000000000000000000000000000.
[2025/12/03 19:05:57] Peer 1005 received the 'have' message from Peer 1002 for the piece 86.
[2025/12/03 19:05:57] Peer 1005 sent 'piece' message for piece 70 to Peer 1006.
[2025/12/03 19:05:57] Peer 1005 updated its view of Peer 1002's bitfield: fffffffffffffffffffffe00000000000000000000000000000000000000000000000000000000000000000000000000000000000000000000000000000000000000000000000000000000000000000000000000000000000000000000000000000000000000000000000000000000000000000000000000000000000000000000000000000000000000000000000000000000000000000000000000000000000000000000000000000000000000000000000000000000000000.
[2025/12/03 19:05:57] Peer 1005 sent the 'interested' message to Peer 1002.
[2025/12/03 19:05:57] Peer 1005 received the 'have' message from Peer 1006 for the piece 66.
[2025/12/03 19:05:57] Peer 1005 sent 'request' for piece 86 to Peer 1002.
[2025/12/03 19:05:57] Peer 1005 received the 'have' message from Peer 1004 for the piece 88.
[2025/12/03 19:05:57] Peer 1005 updated its view of Peer 1004's bitfield: ffffffffffffffffffffff80000000000000000000000000000000000000000000000000000000000000000000000000000000000000000000000000000000000000000000000000000000000000000000000000000000000000000000000000000000000000000000000000000000000000000000000000000000000000000000000000000000000000000000000000000000000000000000000000000000000000000000000000000000000000000000000000000000000000.
[2025/12/03 19:05:57] Peer 1005 updated its view of Peer 1006's bitfield: ffffffffffffffffe0000000000000000000000000000000000000000000000000000000000000000000000000000000000000000000000000000000000000000000000000000000000000000000000000000000000000000000000000000000000000000000000000000000000000000000000000000000000000000000000000000000000000000000000000000000000000000000000000000000000000000000000000000000000000000000000000000000000000000000.
[2025/12/03 19:05:57] Peer 1005 received the 'have' message from Peer 1006 for the piece 67.
[2025/12/03 19:05:57] Peer 1005 updated its view of Peer 1006's bitfield: fffffffffffffffff0000000000000000000000000000000000000000000000000000000000000000000000000000000000000000000000000000000000000000000000000000000000000000000000000000000000000000000000000000000000000000000000000000000000000000000000000000000000000000000000000000000000000000000000000000000000000000000000000000000000000000000000000000000000000000000000000000000000000000000.
[2025/12/03 19:05:57] Peer 1005 sent 'piece' message for piece 71 to Peer 1006.
[2025/12/03 19:05:57] Peer 1005 sent 'piece' message for piece 72 to Peer 1006.
[2025/12/03 19:05:57] Peer 1005 sent 'piece' message for piece 73 to Peer 1006.
[2025/12/03 19:05:57] Peer 1005 received the 'have' message from Peer 1006 for the piece 68.
[2025/12/03 19:05:57] Peer 1005 updated its view of Peer 1006's bitfield: fffffffffffffffff8000000000000000000000000000000000000000000000000000000000000000000000000000000000000000000000000000000000000000000000000000000000000000000000000000000000000000000000000000000000000000000000000000000000000000000000000000000000000000000000000000000000000000000000000000000000000000000000000000000000000000000000000000000000000000000000000000000000000000000.
[2025/12/03 19:05:57] Peer 1005 received the 'have' message from Peer 1006 for the piece 69.
[2025/12/03 19:05:57] Peer 1005 updated its view of Peer 1006's bitfield: fffffffffffffffffc000000000000000000000000000000000000000000000000000000000000000000000000000000000000000000000000000000000000000000000000000000000000000000000000000000000000000000000000000000000000000000000000000000000000000000000000000000000000000000000000000000000000000000000000000000000000000000000000000000000000000000000000000000000000000000000000000000000000000000.
[2025/12/03 19:05:57] Peer 1005 sent 'piece' message for piece 74 to Peer 1006.
[2025/12/03 19:05:57] Peer 1005 sent 'piece' message for piece 75 to Peer 1006.
[2025/12/03 19:05:57] Peer 1005 sent 'piece' message for piece 76 to Peer 1006.
[2025/12/03 19:05:57] Peer 1005 received the 'have' message from Peer 1006 for the piece 70.
[2025/12/03 19:05:57] Peer 1005 updated its view of Peer 1006's bitfield: fffffffffffffffffe000000000000000000000000000000000000000000000000000000000000000000000000000000000000000000000000000000000000000000000000000000000000000000000000000000000000000000000000000000000000000000000000000000000000000000000000000000000000000000000000000000000000000000000000000000000000000000000000000000000000000000000000000000000000000000000000000000000000000000.
[2025/12/03 19:05:57] Peer 1005 sent 'piece' message for piece 77 to Peer 1006.
[2025/12/03 19:05:57] Peer 1005 received the 'have' message from Peer 1006 for the piece 71.
[2025/12/03 19:05:57] Peer 1005 updated its view of Peer 1006's bitfield: ffffffffffffffffff000000000000000000000000000000000000000000000000000000000000000000000000000000000000000000000000000000000000000000000000000000000000000000000000000000000000000000000000000000000000000000000000000000000000000000000000000000000000000000000000000000000000000000000000000000000000000000000000000000000000000000000000000000000000000000000000000000000000000000.
[2025/12/03 19:05:57] Peer 1005 received the 'have' message from Peer 1006 for the piece 72.
[2025/12/03 19:05:57] Peer 1005 updated its view of Peer 1006's bitfield: ffffffffffffffffff800000000000000000000000000000000000000000000000000000000000000000000000000000000000000000000000000000000000000000000000000000000000000000000000000000000000000000000000000000000000000000000000000000000000000000000000000000000000000000000000000000000000000000000000000000000000000000000000000000000000000000000000000000000000000000000000000000000000000000.
[2025/12/03 19:05:57] Peer 1005 sent 'piece' message for piece 78 to Peer 1006.
[2025/12/03 19:05:57] Peer 1005 received the 'have' message from Peer 1002 for the piece 87.
[2025/12/03 19:05:57] Peer 1005 sent 'piece' message for piece 79 to Peer 1006.
[2025/12/03 19:05:57] Peer 1005 updated its view of Peer 1002's bitfield: ffffffffffffffffffffff00000000000000000000000000000000000000000000000000000000000000000000000000000000000000000000000000000000000000000000000000000000000000000000000000000000000000000000000000000000000000000000000000000000000000000000000000000000000000000000000000000000000000000000000000000000000000000000000000000000000000000000000000000000000000000000000000000000000000.
[2025/12/03 19:05:57] Peer 1005 received the 'have' message from Peer 1006 for the piece 73.
[2025/12/03 19:05:57] Peer 1005 sent 'request' for piece 87 to Peer 1002.
[2025/12/03 19:05:57] Peer 1005 updated its view of Peer 1006's bitfield: ffffffffffffffffffc00000000000000000000000000000000000000000000000000000000000000000000000000000000000000000000000000000000000000000000000000000000000000000000000000000000000000000000000000000000000000000000000000000000000000000000000000000000000000000000000000000000000000000000000000000000000000000000000000000000000000000000000000000000000000000000000000000000000000000.
[2025/12/03 19:05:57] Peer 1005 received the 'have' message from Peer 1006 for the piece 74.
[2025/12/03 19:05:57] Peer 1005 updated its view of Peer 1006's bitfield: ffffffffffffffffffe00000000000000000000000000000000000000000000000000000000000000000000000000000000000000000000000000000000000000000000000000000000000000000000000000000000000000000000000000000000000000000000000000000000000000000000000000000000000000000000000000000000000000000000000000000000000000000000000000000000000000000000000000000000000000000000000000000000000000000.
[2025/12/03 19:05:57] Peer 1005 sent 'piece' message for piece 80 to Peer 1006.
[2025/12/03 19:05:57] Peer 1005 received the 'have' message from Peer 1006 for the piece 75.
[2025/12/03 19:05:57] Peer 1005 updated its view of Peer 1006's bitfield: fffffffffffffffffff00000000000000000000000000000000000000000000000000000000000000000000000000000000000000000000000000000000000000000000000000000000000000000000000000000000000000000000000000000000000000000000000000000000000000000000000000000000000000000000000000000000000000000000000000000000000000000000000000000000000000000000000000000000000000000000000000000000000000000.
[2025/12/03 19:05:57] Peer 1005 sent 'piece' message for piece 81 to Peer 1006.
[2025/12/03 19:05:57] Peer 1005 sent 'piece' message for piece 82 to Peer 1006.
[2025/12/03 19:05:57] Peer 1005 received the 'have' message from Peer 1006 for the piece 76.
[2025/12/03 19:05:57] Peer 1005 updated its view of Peer 1006's bitfield: fffffffffffffffffff80000000000000000000000000000000000000000000000000000000000000000000000000000000000000000000000000000000000000000000000000000000000000000000000000000000000000000000000000000000000000000000000000000000000000000000000000000000000000000000000000000000000000000000000000000000000000000000000000000000000000000000000000000000000000000000000000000000000000000.
[2025/12/03 19:05:57] Peer 1005 received the 'have' message from Peer 1006 for the piece 77.
[2025/12/03 19:05:57] Peer 1005 updated its view of Peer 1006's bitfield: fffffffffffffffffffc0000000000000000000000000000000000000000000000000000000000000000000000000000000000000000000000000000000000000000000000000000000000000000000000000000000000000000000000000000000000000000000000000000000000000000000000000000000000000000000000000000000000000000000000000000000000000000000000000000000000000000000000000000000000000000000000000000000000000000.
[2025/12/03 19:05:57] Peer 1005 sent 'piece' message for piece 83 to Peer 1006.
[2025/12/03 19:05:57] Peer 1005 sent 'piece' message for piece 84 to Peer 1006.
[2025/12/03 19:05:57] Peer 1005 received the 'have' message from Peer 1006 for the piece 78.
[2025/12/03 19:05:57] Peer 1005 updated its view of Peer 1006's bitfield: fffffffffffffffffffe0000000000000000000000000000000000000000000000000000000000000000000000000000000000000000000000000000000000000000000000000000000000000000000000000000000000000000000000000000000000000000000000000000000000000000000000000000000000000000000000000000000000000000000000000000000000000000000000000000000000000000000000000000000000000000000000000000000000000000.
[2025/12/03 19:05:57] Peer 1005 received the 'have' message from Peer 1004 for the piece 89.
[2025/12/03 19:05:57] Peer 1005 updated its view of Peer 1004's bitfield: ffffffffffffffffffffffc0000000000000000000000000000000000000000000000000000000000000000000000000000000000000000000000000000000000000000000000000000000000000000000000000000000000000000000000000000000000000000000000000000000000000000000000000000000000000000000000000000000000000000000000000000000000000000000000000000000000000000000000000000000000000000000000000000000000000.
[2025/12/03 19:05:57] Peer 1005 received the 'have' message from Peer 1006 for the piece 79.
[2025/12/03 19:05:57] Peer 1005 updated its view of Peer 1006's bitfield: ffffffffffffffffffff0000000000000000000000000000000000000000000000000000000000000000000000000000000000000000000000000000000000000000000000000000000000000000000000000000000000000000000000000000000000000000000000000000000000000000000000000000000000000000000000000000000000000000000000000000000000000000000000000000000000000000000000000000000000000000000000000000000000000000.
[2025/12/03 19:05:57] Peer 1005 sent 'piece' message for piece 85 to Peer 1006.
[2025/12/03 19:05:57] Peer 1005 received the 'have' message from Peer 1006 for the piece 80.
[2025/12/03 19:05:57] Peer 1005 updated its view of Peer 1006's bitfield: ffffffffffffffffffff8000000000000000000000000000000000000000000000000000000000000000000000000000000000000000000000000000000000000000000000000000000000000000000000000000000000000000000000000000000000000000000000000000000000000000000000000000000000000000000000000000000000000000000000000000000000000000000000000000000000000000000000000000000000000000000000000000000000000000.
[2025/12/03 19:05:57] Peer 1005 received the 'have' message from Peer 1002 for the piece 88.
[2025/12/03 19:05:57] Peer 1005 updated its view of Peer 1002's bitfield: ffffffffffffffffffffff80000000000000000000000000000000000000000000000000000000000000000000000000000000000000000000000000000000000000000000000000000000000000000000000000000000000000000000000000000000000000000000000000000000000000000000000000000000000000000000000000000000000000000000000000000000000000000000000000000000000000000000000000000000000000000000000000000000000000.
[2025/12/03 19:05:57] Peer 1005 sent 'request' for piece 88 to Peer 1002.
[2025/12/03 19:05:57] Peer 1005 received the 'have' message from Peer 1006 for the piece 81.
[2025/12/03 19:05:57] Peer 1005 updated its view of Peer 1006's bitfield: ffffffffffffffffffffc000000000000000000000000000000000000000000000000000000000000000000000000000000000000000000000000000000000000000000000000000000000000000000000000000000000000000000000000000000000000000000000000000000000000000000000000000000000000000000000000000000000000000000000000000000000000000000000000000000000000000000000000000000000000000000000000000000000000000.
[2025/12/03 19:05:58] Peer 1005 received the 'have' message from Peer 1006 for the piece 82.
[2025/12/03 19:05:58] Peer 1005 updated its view of Peer 1006's bitfield: ffffffffffffffffffffe000000000000000000000000000000000000000000000000000000000000000000000000000000000000000000000000000000000000000000000000000000000000000000000000000000000000000000000000000000000000000000000000000000000000000000000000000000000000000000000000000000000000000000000000000000000000000000000000000000000000000000000000000000000000000000000000000000000000000.
[2025/12/03 19:05:58] Peer 1005 received the 'have' message from Peer 1002 for the piece 89.
[2025/12/03 19:05:58] Peer 1005 updated its view of Peer 1002's bitfield: ffffffffffffffffffffffc0000000000000000000000000000000000000000000000000000000000000000000000000000000000000000000000000000000000000000000000000000000000000000000000000000000000000000000000000000000000000000000000000000000000000000000000000000000000000000000000000000000000000000000000000000000000000000000000000000000000000000000000000000000000000000000000000000000000000.
[2025/12/03 19:05:58] Peer 1005 sent 'request' for piece 89 to Peer 1002.
[2025/12/03 19:05:58] Peer 1005 received the 'have' message from Peer 1006 for the piece 83.
[2025/12/03 19:05:58] Peer 1005 updated its view of Peer 1006's bitfield: fffffffffffffffffffff000000000000000000000000000000000000000000000000000000000000000000000000000000000000000000000000000000000000000000000000000000000000000000000000000000000000000000000000000000000000000000000000000000000000000000000000000000000000000000000000000000000000000000000000000000000000000000000000000000000000000000000000000000000000000000000000000000000000000.
[2025/12/03 19:05:58] Peer 1005 received the 'have' message from Peer 1006 for the piece 84.
[2025/12/03 19:05:58] Peer 1005 updated its view of Peer 1006's bitfield: fffffffffffffffffffff800000000000000000000000000000000000000000000000000000000000000000000000000000000000000000000000000000000000000000000000000000000000000000000000000000000000000000000000000000000000000000000000000000000000000000000000000000000000000000000000000000000000000000000000000000000000000000000000000000000000000000000000000000000000000000000000000000000000000.
[2025/12/03 19:05:58] Peer 1005 received the 'have' message from Peer 1006 for the piece 85.
[2025/12/03 19:05:58] Peer 1005 updated its view of Peer 1006's bitfield: fffffffffffffffffffffc00000000000000000000000000000000000000000000000000000000000000000000000000000000000000000000000000000000000000000000000000000000000000000000000000000000000000000000000000000000000000000000000000000000000000000000000000000000000000000000000000000000000000000000000000000000000000000000000000000000000000000000000000000000000000000000000000000000000000.
[2025/12/03 19:05:58] Peer 1005 received the 'not interested' message from Peer 1006.
[2025/12/03 19:05:58] Peer 1005 received the 'have' message from Peer 1006 for the piece 86.
[2025/12/03 19:05:58] Peer 1005 updated its view of Peer 1006's bitfield: fffffffffffffffffffffe00000000000000000000000000000000000000000000000000000000000000000000000000000000000000000000000000000000000000000000000000000000000000000000000000000000000000000000000000000000000000000000000000000000000000000000000000000000000000000000000000000000000000000000000000000000000000000000000000000000000000000000000000000000000000000000000000000000000000.
[2025/12/03 19:05:58] Peer 1005 sent the 'interested' message to Peer 1006.
[2025/12/03 19:05:58] Peer 1005 sent 'request' for piece 86 to Peer 1006.
[2025/12/03 19:05:58] Peer 1005 has downloaded the piece 86 from Peer 1006. Now the number of pieces it has is 82.
[2025/12/03 19:05:58] Peer 1005 sent the 'have' message to Peer 1001 for the piece 86.
[2025/12/03 19:05:58] Peer 1005 sent the 'have' message to Peer 1002 for the piece 86.
[2025/12/03 19:05:58] Peer 1005 sent the 'have' message to Peer 1003 for the piece 86.
[2025/12/03 19:05:58] Peer 1005 sent the 'have' message to Peer 1004 for the piece 86.
[2025/12/03 19:05:58] Peer 1005 sent the 'have' message to Peer 1006 for the piece 86.
[2025/12/03 19:05:58] Peer 1005 sent the 'not interested' message to Peer 1006.
[2025/12/03 19:05:58] Peer 1005 received the 'have' message from Peer 1006 for the piece 87.
[2025/12/03 19:05:58] Peer 1005 updated its view of Peer 1006's bitfield: ffffffffffffffffffffff00000000000000000000000000000000000000000000000000000000000000000000000000000000000000000000000000000000000000000000000000000000000000000000000000000000000000000000000000000000000000000000000000000000000000000000000000000000000000000000000000000000000000000000000000000000000000000000000000000000000000000000000000000000000000000000000000000000000000.
[2025/12/03 19:05:58] Peer 1005 sent the 'interested' message to Peer 1006.
[2025/12/03 19:05:58] Peer 1005 sent 'request' for piece 87 to Peer 1006.
[2025/12/03 19:05:58] Peer 1005 received the 'interested' message from Peer 1003.
[2025/12/03 19:05:58] Peer 1005 has downloaded the piece 87 from Peer 1006. Now the number of pieces it has is 83.
[2025/12/03 19:05:58] Peer 1005 sent the 'have' message to Peer 1001 for the piece 87.
[2025/12/03 19:05:58] Peer 1005 sent the 'have' message to Peer 1002 for the piece 87.
[2025/12/03 19:05:58] Peer 1005 received the 'have' message from Peer 1004 for the piece 90.
[2025/12/03 19:05:58] Peer 1005 sent the 'have' message to Peer 1003 for the piece 87.
[2025/12/03 19:05:58] Peer 1005 updated its view of Peer 1004's bitfield: ffffffffffffffffffffffe0000000000000000000000000000000000000000000000000000000000000000000000000000000000000000000000000000000000000000000000000000000000000000000000000000000000000000000000000000000000000000000000000000000000000000000000000000000000000000000000000000000000000000000000000000000000000000000000000000000000000000000000000000000000000000000000000000000000000.
[2025/12/03 19:05:58] Peer 1005 sent the 'have' message to Peer 1004 for the piece 87.
[2025/12/03 19:05:58] Peer 1005 sent the 'have' message to Peer 1006 for the piece 87.
[2025/12/03 19:05:58] Peer 1005 sent the 'not interested' message to Peer 1006.
[2025/12/03 19:05:58] Peer 1005 sent 'piece' message for piece 86 to Peer 1003.
[2025/12/03 19:05:58] Peer 1005 received the 'have' message from Peer 1006 for the piece 88.
[2025/12/03 19:05:58] Peer 1005 updated its view of Peer 1006's bitfield: ffffffffffffffffffffff80000000000000000000000000000000000000000000000000000000000000000000000000000000000000000000000000000000000000000000000000000000000000000000000000000000000000000000000000000000000000000000000000000000000000000000000000000000000000000000000000000000000000000000000000000000000000000000000000000000000000000000000000000000000000000000000000000000000000.
[2025/12/03 19:05:58] Peer 1005 sent the 'interested' message to Peer 1006.
[2025/12/03 19:05:58] Peer 1005 sent 'request' for piece 88 to Peer 1006.
[2025/12/03 19:05:58] Peer 1005 sent 'piece' message for piece 87 to Peer 1003.
[2025/12/03 19:05:58] Peer 1005 received the 'have' message from Peer 1006 for the piece 89.
[2025/12/03 19:05:58] Peer 1005 updated its view of Peer 1006's bitfield: ffffffffffffffffffffffc0000000000000000000000000000000000000000000000000000000000000000000000000000000000000000000000000000000000000000000000000000000000000000000000000000000000000000000000000000000000000000000000000000000000000000000000000000000000000000000000000000000000000000000000000000000000000000000000000000000000000000000000000000000000000000000000000000000000000.
[2025/12/03 19:05:58] Peer 1005 sent 'request' for piece 89 to Peer 1006.
[2025/12/03 19:05:58] Peer 1005 has downloaded the piece 88 from Peer 1006. Now the number of pieces it has is 84.
[2025/12/03 19:05:58] Peer 1005 sent the 'have' message to Peer 1001 for the piece 88.
[2025/12/03 19:05:58] Peer 1005 received the 'have' message from Peer 1003 for the piece 86.
[2025/12/03 19:05:58] Peer 1005 updated its view of Peer 1003's bitfield: fffffffffffffffffffffe00000000000000000000000000000000000000000000000000000000000000000000000000000000000000000000000000000000000000000000000000000000000000000000000000000000000000000000000000000000000000000000000000000000000000000000000000000000000000000000000000000000000000000000000000000000000000000000000000000000000000000000000000000000000000000000000000000000000000.
[2025/12/03 19:05:58] Peer 1005 sent the 'have' message to Peer 1002 for the piece 88.
[2025/12/03 19:05:58] Peer 1005 sent the 'not interested' message to Peer 1003.
[2025/12/03 19:05:58] Peer 1005 sent the 'have' message to Peer 1003 for the piece 88.
[2025/12/03 19:05:58] Peer 1005 sent the 'have' message to Peer 1004 for the piece 88.
[2025/12/03 19:05:58] Peer 1005 sent the 'have' message to Peer 1006 for the piece 88.
[2025/12/03 19:05:58] Peer 1005 has downloaded the piece 89 from Peer 1006. Now the number of pieces it has is 85.
[2025/12/03 19:05:58] Peer 1005 sent the 'have' message to Peer 1001 for the piece 89.
[2025/12/03 19:05:58] Peer 1005 sent the 'have' message to Peer 1002 for the piece 89.
[2025/12/03 19:05:58] Peer 1005 sent the 'have' message to Peer 1003 for the piece 89.
[2025/12/03 19:05:58] Peer 1005 sent the 'have' message to Peer 1004 for the piece 89.
[2025/12/03 19:05:58] Peer 1005 sent the 'have' message to Peer 1006 for the piece 89.
[2025/12/03 19:05:58] Peer 1005 sent the 'not interested' message to Peer 1006.
[2025/12/03 19:05:58] Peer 1005 received the 'have' message from Peer 1006 for the piece 90.
[2025/12/03 19:05:58] Peer 1005 updated its view of Peer 1006's bitfield: ffffffffffffffffffffffe0000000000000000000000000000000000000000000000000000000000000000000000000000000000000000000000000000000000000000000000000000000000000000000000000000000000000000000000000000000000000000000000000000000000000000000000000000000000000000000000000000000000000000000000000000000000000000000000000000000000000000000000000000000000000000000000000000000000000.
[2025/12/03 19:05:58] Peer 1005 sent the 'interested' message to Peer 1006.
[2025/12/03 19:05:58] Peer 1005 sent 'request' for piece 90 to Peer 1006.
[2025/12/03 19:05:58] Peer 1005 has downloaded the piece 90 from Peer 1006. Now the number of pieces it has is 86.
[2025/12/03 19:05:58] Peer 1005 sent the 'have' message to Peer 1001 for the piece 90.
[2025/12/03 19:05:58] Peer 1005 sent the 'have' message to Peer 1002 for the piece 90.
[2025/12/03 19:05:58] Peer 1005 sent the 'have' message to Peer 1003 for the piece 90.
[2025/12/03 19:05:58] Peer 1005 sent the 'have' message to Peer 1004 for the piece 90.
[2025/12/03 19:05:58] Peer 1005 sent the 'have' message to Peer 1006 for the piece 90.
[2025/12/03 19:05:58] Peer 1005 received the 'have' message from Peer 1002 for the piece 90.
[2025/12/03 19:05:58] Peer 1005 sent the 'not interested' message to Peer 1006.
[2025/12/03 19:05:58] Peer 1005 updated its view of Peer 1002's bitfield: ffffffffffffffffffffffe0000000000000000000000000000000000000000000000000000000000000000000000000000000000000000000000000000000000000000000000000000000000000000000000000000000000000000000000000000000000000000000000000000000000000000000000000000000000000000000000000000000000000000000000000000000000000000000000000000000000000000000000000000000000000000000000000000000000000.
[2025/12/03 19:05:58] Peer 1005 sent the 'not interested' message to Peer 1002.
[2025/12/03 19:05:58] Peer 1005 received the 'have' message from Peer 1004 for the piece 91.
[2025/12/03 19:05:58] Peer 1005 updated its view of Peer 1004's bitfield: fffffffffffffffffffffff0000000000000000000000000000000000000000000000000000000000000000000000000000000000000000000000000000000000000000000000000000000000000000000000000000000000000000000000000000000000000000000000000000000000000000000000000000000000000000000000000000000000000000000000000000000000000000000000000000000000000000000000000000000000000000000000000000000000000.
[2025/12/03 19:05:58] Peer 1005 received the 'have' message from Peer 1003 for the piece 87.
[2025/12/03 19:05:58] Peer 1005 updated its view of Peer 1003's bitfield: ffffffffffffffffffffff00000000000000000000000000000000000000000000000000000000000000000000000000000000000000000000000000000000000000000000000000000000000000000000000000000000000000000000000000000000000000000000000000000000000000000000000000000000000000000000000000000000000000000000000000000000000000000000000000000000000000000000000000000000000000000000000000000000000000.
[2025/12/03 19:05:58] Peer 1005 received the 'not interested' message from Peer 1003.
[2025/12/03 19:05:58] Peer 1005 received the 'have' message from Peer 1006 for the piece 91.
[2025/12/03 19:05:58] Peer 1005 updated its view of Peer 1006's bitfield: fffffffffffffffffffffff0000000000000000000000000000000000000000000000000000000000000000000000000000000000000000000000000000000000000000000000000000000000000000000000000000000000000000000000000000000000000000000000000000000000000000000000000000000000000000000000000000000000000000000000000000000000000000000000000000000000000000000000000000000000000000000000000000000000000.
[2025/12/03 19:05:58] Peer 1005 sent the 'interested' message to Peer 1006.
[2025/12/03 19:05:58] Peer 1005 sent 'request' for piece 91 to Peer 1006.
[2025/12/03 19:05:58] Peer 1005 has downloaded the piece 91 from Peer 1006. Now the number of pieces it has is 87.
[2025/12/03 19:05:58] Peer 1005 sent the 'have' message to Peer 1001 for the piece 91.
[2025/12/03 19:05:58] Peer 1005 sent the 'have' message to Peer 1002 for the piece 91.
[2025/12/03 19:05:58] Peer 1005 sent the 'have' message to Peer 1003 for the piece 91.
[2025/12/03 19:05:58] Peer 1005 sent the 'have' message to Peer 1004 for the piece 91.
[2025/12/03 19:05:58] Peer 1005 sent the 'have' message to Peer 1006 for the piece 91.
[2025/12/03 19:05:58] Peer 1005 sent the 'not interested' message to Peer 1006.
[2025/12/03 19:05:58] Peer 1005 received the 'interested' message from Peer 1003.
[2025/12/03 19:05:58] Peer 1005 sent 'piece' message for piece 88 to Peer 1003.
[2025/12/03 19:05:58] Peer 1005 sent 'piece' message for piece 89 to Peer 1003.
[2025/12/03 19:05:58] Peer 1005 sent 'piece' message for piece 90 to Peer 1003.
[2025/12/03 19:05:58] Peer 1005 received the 'have' message from Peer 1004 for the piece 92.
[2025/12/03 19:05:58] Peer 1005 updated its view of Peer 1004's bitfield: fffffffffffffffffffffff8000000000000000000000000000000000000000000000000000000000000000000000000000000000000000000000000000000000000000000000000000000000000000000000000000000000000000000000000000000000000000000000000000000000000000000000000000000000000000000000000000000000000000000000000000000000000000000000000000000000000000000000000000000000000000000000000000000000000.
[2025/12/03 19:05:58] Peer 1005 sent 'piece' message for piece 91 to Peer 1003.
[2025/12/03 19:05:58] Peer 1005 received the 'have' message from Peer 1006 for the piece 92.
[2025/12/03 19:05:58] Peer 1005 updated its view of Peer 1006's bitfield: fffffffffffffffffffffff8000000000000000000000000000000000000000000000000000000000000000000000000000000000000000000000000000000000000000000000000000000000000000000000000000000000000000000000000000000000000000000000000000000000000000000000000000000000000000000000000000000000000000000000000000000000000000000000000000000000000000000000000000000000000000000000000000000000000.
[2025/12/03 19:05:58] Peer 1005 sent the 'interested' message to Peer 1006.
[2025/12/03 19:05:58] Peer 1005 sent 'request' for piece 92 to Peer 1006.
[2025/12/03 19:05:58] Peer 1005 has downloaded the piece 92 from Peer 1006. Now the number of pieces it has is 88.
[2025/12/03 19:05:58] Peer 1005 sent the 'have' message to Peer 1001 for the piece 92.
[2025/12/03 19:05:58] Peer 1005 sent the 'have' message to Peer 1002 for the piece 92.
[2025/12/03 19:05:58] Peer 1005 sent the 'have' message to Peer 1003 for the piece 92.
[2025/12/03 19:05:58] Peer 1005 sent the 'have' message to Peer 1004 for the piece 92.
[2025/12/03 19:05:58] Peer 1005 sent the 'have' message to Peer 1006 for the piece 92.
[2025/12/03 19:05:58] Peer 1005 sent the 'not interested' message to Peer 1006.
[2025/12/03 19:05:58] Peer 1005 received the 'have' message from Peer 1003 for the piece 88.
[2025/12/03 19:05:58] Peer 1005 updated its view of Peer 1003's bitfield: ffffffffffffffffffffff80000000000000000000000000000000000000000000000000000000000000000000000000000000000000000000000000000000000000000000000000000000000000000000000000000000000000000000000000000000000000000000000000000000000000000000000000000000000000000000000000000000000000000000000000000000000000000000000000000000000000000000000000000000000000000000000000000000000000.
[2025/12/03 19:05:58] Peer 1005 received the 'have' message from Peer 1003 for the piece 89.
[2025/12/03 19:05:58] Peer 1005 updated its view of Peer 1003's bitfield: ffffffffffffffffffffffc0000000000000000000000000000000000000000000000000000000000000000000000000000000000000000000000000000000000000000000000000000000000000000000000000000000000000000000000000000000000000000000000000000000000000000000000000000000000000000000000000000000000000000000000000000000000000000000000000000000000000000000000000000000000000000000000000000000000000.
[2025/12/03 19:05:58] Peer 1005 received the 'have' message from Peer 1003 for the piece 90.
[2025/12/03 19:05:58] Peer 1005 updated its view of Peer 1003's bitfield: ffffffffffffffffffffffe0000000000000000000000000000000000000000000000000000000000000000000000000000000000000000000000000000000000000000000000000000000000000000000000000000000000000000000000000000000000000000000000000000000000000000000000000000000000000000000000000000000000000000000000000000000000000000000000000000000000000000000000000000000000000000000000000000000000000.
[2025/12/03 19:05:58] Peer 1005 received the 'have' message from Peer 1003 for the piece 91.
[2025/12/03 19:05:58] Peer 1005 received the 'have' message from Peer 1002 for the piece 91.
[2025/12/03 19:05:58] Peer 1005 updated its view of Peer 1003's bitfield: fffffffffffffffffffffff0000000000000000000000000000000000000000000000000000000000000000000000000000000000000000000000000000000000000000000000000000000000000000000000000000000000000000000000000000000000000000000000000000000000000000000000000000000000000000000000000000000000000000000000000000000000000000000000000000000000000000000000000000000000000000000000000000000000000.
[2025/12/03 19:05:58] Peer 1005 received the 'have' message from Peer 1004 for the piece 93.
[2025/12/03 19:05:58] Peer 1005 updated its view of Peer 1002's bitfield: fffffffffffffffffffffff0000000000000000000000000000000000000000000000000000000000000000000000000000000000000000000000000000000000000000000000000000000000000000000000000000000000000000000000000000000000000000000000000000000000000000000000000000000000000000000000000000000000000000000000000000000000000000000000000000000000000000000000000000000000000000000000000000000000000.
[2025/12/03 19:05:58] Peer 1005 received the 'not interested' message from Peer 1003.
[2025/12/03 19:05:58] Peer 1005 updated its view of Peer 1004's bitfield: fffffffffffffffffffffffc000000000000000000000000000000000000000000000000000000000000000000000000000000000000000000000000000000000000000000000000000000000000000000000000000000000000000000000000000000000000000000000000000000000000000000000000000000000000000000000000000000000000000000000000000000000000000000000000000000000000000000000000000000000000000000000000000000000000.
[2025/12/03 19:05:58] Peer 1005 received the 'have' message from Peer 1002 for the piece 92.
[2025/12/03 19:05:58] Peer 1005 received the 'have' message from Peer 1006 for the piece 93.
[2025/12/03 19:05:58] Peer 1005 received the 'interested' message from Peer 1003.
[2025/12/03 19:05:58] Peer 1005 updated its view of Peer 1002's bitfield: fffffffffffffffffffffff8000000000000000000000000000000000000000000000000000000000000000000000000000000000000000000000000000000000000000000000000000000000000000000000000000000000000000000000000000000000000000000000000000000000000000000000000000000000000000000000000000000000000000000000000000000000000000000000000000000000000000000000000000000000000000000000000000000000000.
[2025/12/03 19:05:58] Peer 1005 updated its view of Peer 1006's bitfield: fffffffffffffffffffffffc000000000000000000000000000000000000000000000000000000000000000000000000000000000000000000000000000000000000000000000000000000000000000000000000000000000000000000000000000000000000000000000000000000000000000000000000000000000000000000000000000000000000000000000000000000000000000000000000000000000000000000000000000000000000000000000000000000000000.
[2025/12/03 19:05:58] Peer 1005 sent 'piece' message for piece 92 to Peer 1003.
[2025/12/03 19:05:58] Peer 1005 sent the 'interested' message to Peer 1006.
[2025/12/03 19:05:58] Peer 1005 received the 'have' message from Peer 1004 for the piece 94.
[2025/12/03 19:05:58] Peer 1005 updated its view of Peer 1004's bitfield: fffffffffffffffffffffffe000000000000000000000000000000000000000000000000000000000000000000000000000000000000000000000000000000000000000000000000000000000000000000000000000000000000000000000000000000000000000000000000000000000000000000000000000000000000000000000000000000000000000000000000000000000000000000000000000000000000000000000000000000000000000000000000000000000000.
[2025/12/03 19:05:58] Peer 1005 sent 'request' for piece 93 to Peer 1006.
[2025/12/03 19:05:58] Peer 1005 has downloaded the piece 93 from Peer 1006. Now the number of pieces it has is 89.
[2025/12/03 19:05:58] Peer 1005 sent the 'have' message to Peer 1001 for the piece 93.
[2025/12/03 19:05:58] Peer 1005 sent the 'have' message to Peer 1002 for the piece 93.
[2025/12/03 19:05:58] Peer 1005 sent the 'have' message to Peer 1003 for the piece 93.
[2025/12/03 19:05:58] Peer 1005 sent the 'have' message to Peer 1004 for the piece 93.
[2025/12/03 19:05:58] Peer 1005 sent the 'have' message to Peer 1006 for the piece 93.
[2025/12/03 19:05:58] Peer 1005 sent the 'not interested' message to Peer 1006.
[2025/12/03 19:05:58] Peer 1005 received the 'have' message from Peer 1006 for the piece 94.
[2025/12/03 19:05:58] Peer 1005 updated its view of Peer 1006's bitfield: fffffffffffffffffffffffe000000000000000000000000000000000000000000000000000000000000000000000000000000000000000000000000000000000000000000000000000000000000000000000000000000000000000000000000000000000000000000000000000000000000000000000000000000000000000000000000000000000000000000000000000000000000000000000000000000000000000000000000000000000000000000000000000000000000.
[2025/12/03 19:05:58] Peer 1005 sent the 'interested' message to Peer 1006.
[2025/12/03 19:05:58] Peer 1005 sent 'request' for piece 94 to Peer 1006.
[2025/12/03 19:05:58] Peer 1005 has downloaded the piece 94 from Peer 1006. Now the number of pieces it has is 90.
[2025/12/03 19:05:58] Peer 1005 sent the 'have' message to Peer 1001 for the piece 94.
[2025/12/03 19:05:58] Peer 1005 sent the 'have' message to Peer 1002 for the piece 94.
[2025/12/03 19:05:58] Peer 1005 sent the 'have' message to Peer 1003 for the piece 94.
[2025/12/03 19:05:58] Peer 1005 sent the 'have' message to Peer 1004 for the piece 94.
[2025/12/03 19:05:58] Peer 1005 sent the 'have' message to Peer 1006 for the piece 94.
[2025/12/03 19:05:58] Peer 1005 sent the 'not interested' message to Peer 1006.
[2025/12/03 19:05:58] Peer 1005 received the 'have' message from Peer 1002 for the piece 93.
[2025/12/03 19:05:58] Peer 1005 received the 'have' message from Peer 1003 for the piece 92.
[2025/12/03 19:05:58] Peer 1005 updated its view of Peer 1002's bitfield: fffffffffffffffffffffffc000000000000000000000000000000000000000000000000000000000000000000000000000000000000000000000000000000000000000000000000000000000000000000000000000000000000000000000000000000000000000000000000000000000000000000000000000000000000000000000000000000000000000000000000000000000000000000000000000000000000000000000000000000000000000000000000000000000000.
[2025/12/03 19:05:58] Peer 1005 updated its view of Peer 1003's bitfield: fffffffffffffffffffffff8000000000000000000000000000000000000000000000000000000000000000000000000000000000000000000000000000000000000000000000000000000000000000000000000000000000000000000000000000000000000000000000000000000000000000000000000000000000000000000000000000000000000000000000000000000000000000000000000000000000000000000000000000000000000000000000000000000000000.
[2025/12/03 19:05:58] Peer 1005 received the 'interested' message from Peer 1002.
[2025/12/03 19:05:58] Peer 1005 received the 'not interested' message from Peer 1003.
[2025/12/03 19:05:58] Peer 1005 received the 'interested' message from Peer 1003.
[2025/12/03 19:05:58] Peer 1005 sent 'piece' message for piece 93 to Peer 1003.
[2025/12/03 19:05:58] Peer 1005 received the 'have' message from Peer 1004 for the piece 95.
[2025/12/03 19:05:58] Peer 1005 sent 'piece' message for piece 94 to Peer 1003.
[2025/12/03 19:05:58] Peer 1005 updated its view of Peer 1004's bitfield: ffffffffffffffffffffffff000000000000000000000000000000000000000000000000000000000000000000000000000000000000000000000000000000000000000000000000000000000000000000000000000000000000000000000000000000000000000000000000000000000000000000000000000000000000000000000000000000000000000000000000000000000000000000000000000000000000000000000000000000000000000000000000000000000000.
[2025/12/03 19:05:58] Peer 1005 received the 'have' message from Peer 1003 for the piece 93.
[2025/12/03 19:05:58] Peer 1005 updated its view of Peer 1003's bitfield: fffffffffffffffffffffffc000000000000000000000000000000000000000000000000000000000000000000000000000000000000000000000000000000000000000000000000000000000000000000000000000000000000000000000000000000000000000000000000000000000000000000000000000000000000000000000000000000000000000000000000000000000000000000000000000000000000000000000000000000000000000000000000000000000000.
[2025/12/03 19:05:58] Peer 1005 received the 'have' message from Peer 1006 for the piece 95.
[2025/12/03 19:05:58] Peer 1005 updated its view of Peer 1006's bitfield: ffffffffffffffffffffffff000000000000000000000000000000000000000000000000000000000000000000000000000000000000000000000000000000000000000000000000000000000000000000000000000000000000000000000000000000000000000000000000000000000000000000000000000000000000000000000000000000000000000000000000000000000000000000000000000000000000000000000000000000000000000000000000000000000000.
[2025/12/03 19:05:58] Peer 1005 sent the 'interested' message to Peer 1006.
[2025/12/03 19:05:58] Peer 1005 sent 'request' for piece 95 to Peer 1006.
[2025/12/03 19:05:58] Peer 1005 has downloaded the piece 95 from Peer 1006. Now the number of pieces it has is 91.
[2025/12/03 19:05:58] Peer 1005 sent 'piece' message for piece 94 to Peer 1002.
[2025/12/03 19:05:58] Peer 1005 sent the 'have' message to Peer 1001 for the piece 95.
[2025/12/03 19:05:58] Peer 1005 received the 'have' message from Peer 1002 for the piece 94.
[2025/12/03 19:05:58] Peer 1005 sent the 'have' message to Peer 1002 for the piece 95.
[2025/12/03 19:05:58] Peer 1005 updated its view of Peer 1002's bitfield: fffffffffffffffffffffffe000000000000000000000000000000000000000000000000000000000000000000000000000000000000000000000000000000000000000000000000000000000000000000000000000000000000000000000000000000000000000000000000000000000000000000000000000000000000000000000000000000000000000000000000000000000000000000000000000000000000000000000000000000000000000000000000000000000000.
[2025/12/03 19:05:58] Peer 1005 sent the 'have' message to Peer 1003 for the piece 95.
[2025/12/03 19:05:58] Peer 1005 received the 'have' message from Peer 1003 for the piece 94.
[2025/12/03 19:05:58] Peer 1005 sent the 'have' message to Peer 1004 for the piece 95.
[2025/12/03 19:05:58] Peer 1005 received the 'not interested' message from Peer 1002.
[2025/12/03 19:05:58] Peer 1005 updated its view of Peer 1003's bitfield: fffffffffffffffffffffffe000000000000000000000000000000000000000000000000000000000000000000000000000000000000000000000000000000000000000000000000000000000000000000000000000000000000000000000000000000000000000000000000000000000000000000000000000000000000000000000000000000000000000000000000000000000000000000000000000000000000000000000000000000000000000000000000000000000000.
[2025/12/03 19:05:58] Peer 1005 sent the 'have' message to Peer 1006 for the piece 95.
[2025/12/03 19:05:58] Peer 1005 received the 'have' message from Peer 1002 for the piece 95.
[2025/12/03 19:05:58] Peer 1005 received the 'not interested' message from Peer 1003.
[2025/12/03 19:05:58] Peer 1005 sent the 'not interested' message to Peer 1006.
[2025/12/03 19:05:58] Peer 1005 updated its view of Peer 1002's bitfield: ffffffffffffffffffffffff000000000000000000000000000000000000000000000000000000000000000000000000000000000000000000000000000000000000000000000000000000000000000000000000000000000000000000000000000000000000000000000000000000000000000000000000000000000000000000000000000000000000000000000000000000000000000000000000000000000000000000000000000000000000000000000000000000000000.
[2025/12/03 19:05:58] Peer 1005 received the 'have' message from Peer 1004 for the piece 96.
[2025/12/03 19:05:58] Peer 1005 updated its view of Peer 1004's bitfield: ffffffffffffffffffffffff800000000000000000000000000000000000000000000000000000000000000000000000000000000000000000000000000000000000000000000000000000000000000000000000000000000000000000000000000000000000000000000000000000000000000000000000000000000000000000000000000000000000000000000000000000000000000000000000000000000000000000000000000000000000000000000000000000000000.
[2025/12/03 19:05:58] Peer 1005 received the 'have' message from Peer 1006 for the piece 96.
[2025/12/03 19:05:58] Peer 1005 updated its view of Peer 1006's bitfield: ffffffffffffffffffffffff800000000000000000000000000000000000000000000000000000000000000000000000000000000000000000000000000000000000000000000000000000000000000000000000000000000000000000000000000000000000000000000000000000000000000000000000000000000000000000000000000000000000000000000000000000000000000000000000000000000000000000000000000000000000000000000000000000000000.
[2025/12/03 19:05:58] Peer 1005 sent the 'interested' message to Peer 1006.
[2025/12/03 19:05:58] Peer 1005 sent 'request' for piece 96 to Peer 1006.
[2025/12/03 19:05:58] Peer 1005 has downloaded the piece 96 from Peer 1006. Now the number of pieces it has is 92.
[2025/12/03 19:05:58] Peer 1005 sent the 'have' message to Peer 1001 for the piece 96.
[2025/12/03 19:05:58] Peer 1005 sent the 'have' message to Peer 1002 for the piece 96.
[2025/12/03 19:05:58] Peer 1005 sent the 'have' message to Peer 1003 for the piece 96.
[2025/12/03 19:05:58] Peer 1005 received the 'interested' message from Peer 1003.
[2025/12/03 19:05:58] Peer 1005 sent the 'have' message to Peer 1004 for the piece 96.
[2025/12/03 19:05:58] Peer 1005 sent 'piece' message for piece 95 to Peer 1003.
[2025/12/03 19:05:58] Peer 1005 sent the 'have' message to Peer 1006 for the piece 96.
[2025/12/03 19:05:58] Peer 1005 sent the 'not interested' message to Peer 1006.
[2025/12/03 19:05:58] Peer 1005 received the 'interested' message from Peer 1002.
[2025/12/03 19:05:58] Peer 1005 received the 'have' message from Peer 1003 for the piece 95.
[2025/12/03 19:05:58] Peer 1005 updated its view of Peer 1003's bitfield: ffffffffffffffffffffffff000000000000000000000000000000000000000000000000000000000000000000000000000000000000000000000000000000000000000000000000000000000000000000000000000000000000000000000000000000000000000000000000000000000000000000000000000000000000000000000000000000000000000000000000000000000000000000000000000000000000000000000000000000000000000000000000000000000000.
[2025/12/03 19:05:58] Peer 1005 received the 'have' message from Peer 1004 for the piece 97.
[2025/12/03 19:05:58] Peer 1005 updated its view of Peer 1004's bitfield: ffffffffffffffffffffffffc00000000000000000000000000000000000000000000000000000000000000000000000000000000000000000000000000000000000000000000000000000000000000000000000000000000000000000000000000000000000000000000000000000000000000000000000000000000000000000000000000000000000000000000000000000000000000000000000000000000000000000000000000000000000000000000000000000000000.
[2025/12/03 19:05:58] Peer 1005 received the 'have' message from Peer 1006 for the piece 97.
[2025/12/03 19:05:58] Peer 1005 updated its view of Peer 1006's bitfield: ffffffffffffffffffffffffc00000000000000000000000000000000000000000000000000000000000000000000000000000000000000000000000000000000000000000000000000000000000000000000000000000000000000000000000000000000000000000000000000000000000000000000000000000000000000000000000000000000000000000000000000000000000000000000000000000000000000000000000000000000000000000000000000000000000.
[2025/12/03 19:05:58] Peer 1005 sent the 'interested' message to Peer 1006.
[2025/12/03 19:05:58] Peer 1005 sent 'request' for piece 97 to Peer 1006.
[2025/12/03 19:05:58] Peer 1005 has downloaded the piece 97 from Peer 1006. Now the number of pieces it has is 93.
[2025/12/03 19:05:58] Peer 1005 sent the 'have' message to Peer 1001 for the piece 97.
[2025/12/03 19:05:58] Peer 1005 sent the 'have' message to Peer 1002 for the piece 97.
[2025/12/03 19:05:58] Peer 1005 received the 'not interested' message from Peer 1003.
[2025/12/03 19:05:58] Peer 1005 sent the 'have' message to Peer 1003 for the piece 97.
[2025/12/03 19:05:58] Peer 1005 sent 'piece' message for piece 96 to Peer 1002.
[2025/12/03 19:05:58] Peer 1005 received the 'have' message from Peer 1003 for the piece 96.
[2025/12/03 19:05:58] Peer 1005 sent the 'have' message to Peer 1004 for the piece 97.
[2025/12/03 19:05:58] Peer 1005 received the 'have' message from Peer 1002 for the piece 96.
[2025/12/03 19:05:58] Peer 1005 updated its view of Peer 1003's bitfield: ffffffffffffffffffffffff800000000000000000000000000000000000000000000000000000000000000000000000000000000000000000000000000000000000000000000000000000000000000000000000000000000000000000000000000000000000000000000000000000000000000000000000000000000000000000000000000000000000000000000000000000000000000000000000000000000000000000000000000000000000000000000000000000000000.
[2025/12/03 19:05:58] Peer 1005 sent the 'have' message to Peer 1006 for the piece 97.
[2025/12/03 19:05:58] Peer 1005 updated its view of Peer 1002's bitfield: ffffffffffffffffffffffff800000000000000000000000000000000000000000000000000000000000000000000000000000000000000000000000000000000000000000000000000000000000000000000000000000000000000000000000000000000000000000000000000000000000000000000000000000000000000000000000000000000000000000000000000000000000000000000000000000000000000000000000000000000000000000000000000000000000.
[2025/12/03 19:05:58] Peer 1005 received the 'interested' message from Peer 1003.
[2025/12/03 19:05:58] Peer 1005 sent the 'not interested' message to Peer 1006.
[2025/12/03 19:05:58] Peer 1005 sent 'piece' message for piece 97 to Peer 1002.
[2025/12/03 19:05:58] Peer 1005 received the 'have' message from Peer 1004 for the piece 98.
[2025/12/03 19:05:58] Peer 1005 updated its view of Peer 1004's bitfield: ffffffffffffffffffffffffe00000000000000000000000000000000000000000000000000000000000000000000000000000000000000000000000000000000000000000000000000000000000000000000000000000000000000000000000000000000000000000000000000000000000000000000000000000000000000000000000000000000000000000000000000000000000000000000000000000000000000000000000000000000000000000000000000000000000.
[2025/12/03 19:05:58] Peer 1005 received the 'have' message from Peer 1002 for the piece 97.
[2025/12/03 19:05:58] Peer 1005 updated its view of Peer 1002's bitfield: ffffffffffffffffffffffffc00000000000000000000000000000000000000000000000000000000000000000000000000000000000000000000000000000000000000000000000000000000000000000000000000000000000000000000000000000000000000000000000000000000000000000000000000000000000000000000000000000000000000000000000000000000000000000000000000000000000000000000000000000000000000000000000000000000000.
[2025/12/03 19:05:58] Peer 1005 received the 'have' message from Peer 1006 for the piece 98.
[2025/12/03 19:05:58] Peer 1005 updated its view of Peer 1006's bitfield: ffffffffffffffffffffffffe00000000000000000000000000000000000000000000000000000000000000000000000000000000000000000000000000000000000000000000000000000000000000000000000000000000000000000000000000000000000000000000000000000000000000000000000000000000000000000000000000000000000000000000000000000000000000000000000000000000000000000000000000000000000000000000000000000000000.
[2025/12/03 19:05:58] Peer 1005 sent 'piece' message for piece 97 to Peer 1003.
[2025/12/03 19:05:58] Peer 1005 sent the 'interested' message to Peer 1006.
[2025/12/03 19:05:58] Peer 1005 sent 'request' for piece 98 to Peer 1006.
[2025/12/03 19:05:58] Peer 1005 has downloaded the piece 98 from Peer 1006. Now the number of pieces it has is 94.
[2025/12/03 19:05:58] Peer 1005 sent the 'have' message to Peer 1001 for the piece 98.
[2025/12/03 19:05:58] Peer 1005 sent the 'have' message to Peer 1002 for the piece 98.
[2025/12/03 19:05:58] Peer 1005 sent the 'have' message to Peer 1003 for the piece 98.
[2025/12/03 19:05:58] Peer 1005 sent the 'have' message to Peer 1004 for the piece 98.
[2025/12/03 19:05:58] Peer 1005 sent the 'have' message to Peer 1006 for the piece 98.
[2025/12/03 19:05:58] Peer 1005 sent the 'not interested' message to Peer 1006.
[2025/12/03 19:05:58] Peer 1005 received the 'not interested' message from Peer 1002.
[2025/12/03 19:05:58] Peer 1005 received the 'not interested' message from Peer 1003.
[2025/12/03 19:05:58] Peer 1005 received the 'have' message from Peer 1002 for the piece 98.
[2025/12/03 19:05:58] Peer 1005 received the 'have' message from Peer 1003 for the piece 97.
[2025/12/03 19:05:58] Peer 1005 updated its view of Peer 1003's bitfield: ffffffffffffffffffffffffc00000000000000000000000000000000000000000000000000000000000000000000000000000000000000000000000000000000000000000000000000000000000000000000000000000000000000000000000000000000000000000000000000000000000000000000000000000000000000000000000000000000000000000000000000000000000000000000000000000000000000000000000000000000000000000000000000000000000.
[2025/12/03 19:05:58] Peer 1005 updated its view of Peer 1002's bitfield: ffffffffffffffffffffffffe00000000000000000000000000000000000000000000000000000000000000000000000000000000000000000000000000000000000000000000000000000000000000000000000000000000000000000000000000000000000000000000000000000000000000000000000000000000000000000000000000000000000000000000000000000000000000000000000000000000000000000000000000000000000000000000000000000000000.
[2025/12/03 19:05:58] Peer 1005 received the 'have' message from Peer 1004 for the piece 99.
[2025/12/03 19:05:58] Peer 1005 updated its view of Peer 1004's bitfield: fffffffffffffffffffffffff00000000000000000000000000000000000000000000000000000000000000000000000000000000000000000000000000000000000000000000000000000000000000000000000000000000000000000000000000000000000000000000000000000000000000000000000000000000000000000000000000000000000000000000000000000000000000000000000000000000000000000000000000000000000000000000000000000000000.
[2025/12/03 19:05:58] Peer 1005 received the 'have' message from Peer 1006 for the piece 99.
[2025/12/03 19:05:58] Peer 1005 updated its view of Peer 1006's bitfield: fffffffffffffffffffffffff00000000000000000000000000000000000000000000000000000000000000000000000000000000000000000000000000000000000000000000000000000000000000000000000000000000000000000000000000000000000000000000000000000000000000000000000000000000000000000000000000000000000000000000000000000000000000000000000000000000000000000000000000000000000000000000000000000000000.
[2025/12/03 19:05:58] Peer 1005 sent the 'interested' message to Peer 1006.
[2025/12/03 19:05:58] Peer 1005 sent 'request' for piece 99 to Peer 1006.
[2025/12/03 19:05:58] Peer 1005 has downloaded the piece 99 from Peer 1006. Now the number of pieces it has is 95.
[2025/12/03 19:05:58] Peer 1005 sent the 'have' message to Peer 1001 for the piece 99.
[2025/12/03 19:05:58] Peer 1005 sent the 'have' message to Peer 1002 for the piece 99.
[2025/12/03 19:05:58] Peer 1005 sent the 'have' message to Peer 1003 for the piece 99.
[2025/12/03 19:05:58] Peer 1005 sent the 'have' message to Peer 1004 for the piece 99.
[2025/12/03 19:05:58] Peer 1005 sent the 'have' message to Peer 1006 for the piece 99.
[2025/12/03 19:05:58] Peer 1005 sent the 'not interested' message to Peer 1006.
[2025/12/03 19:05:58] Peer 1005 received the 'have' message from Peer 1003 for the piece 98.
[2025/12/03 19:05:58] Peer 1005 received the 'interested' message from Peer 1002.
[2025/12/03 19:05:58] Peer 1005 updated its view of Peer 1003's bitfield: ffffffffffffffffffffffffe00000000000000000000000000000000000000000000000000000000000000000000000000000000000000000000000000000000000000000000000000000000000000000000000000000000000000000000000000000000000000000000000000000000000000000000000000000000000000000000000000000000000000000000000000000000000000000000000000000000000000000000000000000000000000000000000000000000000.
[2025/12/03 19:05:58] Peer 1005 received the 'have' message from Peer 1004 for the piece 100.
[2025/12/03 19:05:58] Peer 1005 updated its view of Peer 1004's bitfield: fffffffffffffffffffffffff80000000000000000000000000000000000000000000000000000000000000000000000000000000000000000000000000000000000000000000000000000000000000000000000000000000000000000000000000000000000000000000000000000000000000000000000000000000000000000000000000000000000000000000000000000000000000000000000000000000000000000000000000000000000000000000000000000000000.
[2025/12/03 19:05:58] Peer 1005 received the 'interested' message from Peer 1003.
[2025/12/03 19:05:58] Peer 1005 sent 'piece' message for piece 99 to Peer 1002.
[2025/12/03 19:05:58] Peer 1005 sent 'piece' message for piece 99 to Peer 1003.
[2025/12/03 19:05:58] Peer 1005 received the 'have' message from Peer 1002 for the piece 99.
[2025/12/03 19:05:58] Peer 1005 updated its view of Peer 1002's bitfield: fffffffffffffffffffffffff00000000000000000000000000000000000000000000000000000000000000000000000000000000000000000000000000000000000000000000000000000000000000000000000000000000000000000000000000000000000000000000000000000000000000000000000000000000000000000000000000000000000000000000000000000000000000000000000000000000000000000000000000000000000000000000000000000000000.
[2025/12/03 19:05:58] Peer 1005 received the 'have' message from Peer 1006 for the piece 100.
[2025/12/03 19:05:58] Peer 1005 updated its view of Peer 1006's bitfield: fffffffffffffffffffffffff80000000000000000000000000000000000000000000000000000000000000000000000000000000000000000000000000000000000000000000000000000000000000000000000000000000000000000000000000000000000000000000000000000000000000000000000000000000000000000000000000000000000000000000000000000000000000000000000000000000000000000000000000000000000000000000000000000000000.
[2025/12/03 19:05:58] Peer 1005 sent the 'interested' message to Peer 1006.
[2025/12/03 19:05:58] Peer 1005 sent 'request' for piece 100 to Peer 1006.
[2025/12/03 19:05:58] Peer 1005 has downloaded the piece 100 from Peer 1006. Now the number of pieces it has is 96.
[2025/12/03 19:05:58] Peer 1005 sent the 'have' message to Peer 1001 for the piece 100.
[2025/12/03 19:05:58] Peer 1005 sent the 'have' message to Peer 1002 for the piece 100.
[2025/12/03 19:05:58] Peer 1005 sent the 'have' message to Peer 1003 for the piece 100.
[2025/12/03 19:05:58] Peer 1005 sent the 'have' message to Peer 1004 for the piece 100.
[2025/12/03 19:05:58] Peer 1005 sent the 'have' message to Peer 1006 for the piece 100.
[2025/12/03 19:05:58] Peer 1005 received the 'not interested' message from Peer 1002.
[2025/12/03 19:05:58] Peer 1005 sent the 'not interested' message to Peer 1006.
[2025/12/03 19:05:58] Peer 1005 received the 'interested' message from Peer 1002.
[2025/12/03 19:05:58] Peer 1005 received the 'have' message from Peer 1003 for the piece 99.
[2025/12/03 19:05:58] Peer 1005 updated its view of Peer 1003's bitfield: fffffffffffffffffffffffff00000000000000000000000000000000000000000000000000000000000000000000000000000000000000000000000000000000000000000000000000000000000000000000000000000000000000000000000000000000000000000000000000000000000000000000000000000000000000000000000000000000000000000000000000000000000000000000000000000000000000000000000000000000000000000000000000000000000.
[2025/12/03 19:05:59] Peer 1005 connection to 1001 error: timed out
[2025/12/03 19:05:59] Peer 1005 received the 'have' message from Peer 1004 for the piece 101.
[2025/12/03 19:05:59] Peer 1005 updated its view of Peer 1004's bitfield: fffffffffffffffffffffffffc0000000000000000000000000000000000000000000000000000000000000000000000000000000000000000000000000000000000000000000000000000000000000000000000000000000000000000000000000000000000000000000000000000000000000000000000000000000000000000000000000000000000000000000000000000000000000000000000000000000000000000000000000000000000000000000000000000000000.
[2025/12/03 19:05:59] Peer 1005 received the 'not interested' message from Peer 1003.
[2025/12/03 19:05:59] Peer 1005 sent 'piece' message for piece 100 to Peer 1002.
[2025/12/03 19:05:59] Peer 1005 received the 'have' message from Peer 1003 for the piece 100.
[2025/12/03 19:05:59] Peer 1005 received the 'have' message from Peer 1002 for the piece 100.
[2025/12/03 19:05:59] Peer 1005 updated its view of Peer 1003's bitfield: fffffffffffffffffffffffff80000000000000000000000000000000000000000000000000000000000000000000000000000000000000000000000000000000000000000000000000000000000000000000000000000000000000000000000000000000000000000000000000000000000000000000000000000000000000000000000000000000000000000000000000000000000000000000000000000000000000000000000000000000000000000000000000000000000.
[2025/12/03 19:05:59] Peer 1005 updated its view of Peer 1002's bitfield: fffffffffffffffffffffffff80000000000000000000000000000000000000000000000000000000000000000000000000000000000000000000000000000000000000000000000000000000000000000000000000000000000000000000000000000000000000000000000000000000000000000000000000000000000000000000000000000000000000000000000000000000000000000000000000000000000000000000000000000000000000000000000000000000000.
[2025/12/03 19:05:59] Peer 1005 received the 'have' message from Peer 1006 for the piece 101.
[2025/12/03 19:05:59] Peer 1005 updated its view of Peer 1006's bitfield: fffffffffffffffffffffffffc0000000000000000000000000000000000000000000000000000000000000000000000000000000000000000000000000000000000000000000000000000000000000000000000000000000000000000000000000000000000000000000000000000000000000000000000000000000000000000000000000000000000000000000000000000000000000000000000000000000000000000000000000000000000000000000000000000000000.
[2025/12/03 19:05:59] Peer 1005 sent the 'interested' message to Peer 1006.
[2025/12/03 19:05:59] Peer 1005 received the 'not interested' message from Peer 1002.
[2025/12/03 19:05:59] Peer 1005 sent 'request' for piece 101 to Peer 1006.
[2025/12/03 19:05:59] Peer 1005 has downloaded the piece 101 from Peer 1006. Now the number of pieces it has is 97.
[2025/12/03 19:05:59] Peer 1005 sent the 'have' message to Peer 1002 for the piece 101.
[2025/12/03 19:05:59] Peer 1005 sent the 'have' message to Peer 1003 for the piece 101.
[2025/12/03 19:05:59] Peer 1005 sent the 'have' message to Peer 1004 for the piece 101.
[2025/12/03 19:05:59] Peer 1005 sent the 'have' message to Peer 1006 for the piece 101.
[2025/12/03 19:05:59] Peer 1005 sent the 'not interested' message to Peer 1006.
[2025/12/03 19:05:59] Peer 1005 received the 'interested' message from Peer 1003.
[2025/12/03 19:05:59] Peer 1005 received the 'interested' message from Peer 1002.
[2025/12/03 19:05:59] Peer 1005 received the 'have' message from Peer 1004 for the piece 102.
[2025/12/03 19:05:59] Peer 1005 updated its view of Peer 1004's bitfield: fffffffffffffffffffffffffe0000000000000000000000000000000000000000000000000000000000000000000000000000000000000000000000000000000000000000000000000000000000000000000000000000000000000000000000000000000000000000000000000000000000000000000000000000000000000000000000000000000000000000000000000000000000000000000000000000000000000000000000000000000000000000000000000000000000.
[2025/12/03 19:05:59] Peer 1005 received the 'have' message from Peer 1006 for the piece 102.
[2025/12/03 19:05:59] Peer 1005 updated its view of Peer 1006's bitfield: fffffffffffffffffffffffffe0000000000000000000000000000000000000000000000000000000000000000000000000000000000000000000000000000000000000000000000000000000000000000000000000000000000000000000000000000000000000000000000000000000000000000000000000000000000000000000000000000000000000000000000000000000000000000000000000000000000000000000000000000000000000000000000000000000000.
[2025/12/03 19:05:59] Peer 1005 sent the 'interested' message to Peer 1006.
[2025/12/03 19:05:59] Peer 1005 sent 'request' for piece 102 to Peer 1006.
[2025/12/03 19:05:59] Peer 1005 has downloaded the piece 102 from Peer 1006. Now the number of pieces it has is 98.
[2025/12/03 19:05:59] Peer 1005 sent the 'have' message to Peer 1002 for the piece 102.
[2025/12/03 19:05:59] Peer 1005 sent the 'have' message to Peer 1003 for the piece 102.
[2025/12/03 19:05:59] Peer 1005 sent the 'have' message to Peer 1004 for the piece 102.
[2025/12/03 19:05:59] Peer 1005 sent the 'have' message to Peer 1006 for the piece 102.
[2025/12/03 19:05:59] Peer 1005 sent the 'not interested' message to Peer 1006.
[2025/12/03 19:05:59] Peer 1005 sent 'piece' message for piece 101 to Peer 1002.
[2025/12/03 19:05:59] Peer 1005 received the 'have' message from Peer 1002 for the piece 101.
[2025/12/03 19:05:59] Peer 1005 sent 'piece' message for piece 101 to Peer 1003.
[2025/12/03 19:05:59] Peer 1005 updated its view of Peer 1002's bitfield: fffffffffffffffffffffffffc0000000000000000000000000000000000000000000000000000000000000000000000000000000000000000000000000000000000000000000000000000000000000000000000000000000000000000000000000000000000000000000000000000000000000000000000000000000000000000000000000000000000000000000000000000000000000000000000000000000000000000000000000000000000000000000000000000000000.
[2025/12/03 19:05:59] Peer 1005 received the 'have' message from Peer 1003 for the piece 101.
[2025/12/03 19:05:59] Peer 1005 received the 'have' message from Peer 1004 for the piece 103.
[2025/12/03 19:05:59] Peer 1005 sent 'piece' message for piece 102 to Peer 1002.
[2025/12/03 19:05:59] Peer 1005 updated its view of Peer 1003's bitfield: fffffffffffffffffffffffffc0000000000000000000000000000000000000000000000000000000000000000000000000000000000000000000000000000000000000000000000000000000000000000000000000000000000000000000000000000000000000000000000000000000000000000000000000000000000000000000000000000000000000000000000000000000000000000000000000000000000000000000000000000000000000000000000000000000000.
[2025/12/03 19:05:59] Peer 1005 updated its view of Peer 1004's bitfield: ffffffffffffffffffffffffff0000000000000000000000000000000000000000000000000000000000000000000000000000000000000000000000000000000000000000000000000000000000000000000000000000000000000000000000000000000000000000000000000000000000000000000000000000000000000000000000000000000000000000000000000000000000000000000000000000000000000000000000000000000000000000000000000000000000.
[2025/12/03 19:05:59] Peer 1005 received the 'have' message from Peer 1002 for the piece 102.
[2025/12/03 19:05:59] Peer 1005 received the 'not interested' message from Peer 1003.
[2025/12/03 19:05:59] Peer 1005 updated its view of Peer 1002's bitfield: fffffffffffffffffffffffffe0000000000000000000000000000000000000000000000000000000000000000000000000000000000000000000000000000000000000000000000000000000000000000000000000000000000000000000000000000000000000000000000000000000000000000000000000000000000000000000000000000000000000000000000000000000000000000000000000000000000000000000000000000000000000000000000000000000000.
[2025/12/03 19:05:59] Peer 1005 received the 'have' message from Peer 1003 for the piece 102.
[2025/12/03 19:05:59] Peer 1005 received the 'not interested' message from Peer 1002.
[2025/12/03 19:05:59] Peer 1005 updated its view of Peer 1003's bitfield: fffffffffffffffffffffffffe0000000000000000000000000000000000000000000000000000000000000000000000000000000000000000000000000000000000000000000000000000000000000000000000000000000000000000000000000000000000000000000000000000000000000000000000000000000000000000000000000000000000000000000000000000000000000000000000000000000000000000000000000000000000000000000000000000000000.
[2025/12/03 19:05:59] Peer 1005 received the 'have' message from Peer 1006 for the piece 103.
[2025/12/03 19:05:59] Peer 1005 updated its view of Peer 1006's bitfield: ffffffffffffffffffffffffff0000000000000000000000000000000000000000000000000000000000000000000000000000000000000000000000000000000000000000000000000000000000000000000000000000000000000000000000000000000000000000000000000000000000000000000000000000000000000000000000000000000000000000000000000000000000000000000000000000000000000000000000000000000000000000000000000000000000.
[2025/12/03 19:05:59] Peer 1005 sent the 'interested' message to Peer 1006.
[2025/12/03 19:05:59] Peer 1005 sent 'request' for piece 103 to Peer 1006.
[2025/12/03 19:05:59] Peer 1005 has downloaded the piece 103 from Peer 1006. Now the number of pieces it has is 99.
[2025/12/03 19:05:59] Peer 1005 sent the 'have' message to Peer 1002 for the piece 103.
[2025/12/03 19:05:59] Peer 1005 sent the 'have' message to Peer 1003 for the piece 103.
[2025/12/03 19:05:59] Peer 1005 sent the 'have' message to Peer 1004 for the piece 103.
[2025/12/03 19:05:59] Peer 1005 sent the 'have' message to Peer 1006 for the piece 103.
[2025/12/03 19:05:59] Peer 1005 sent the 'not interested' message to Peer 1006.
[2025/12/03 19:05:59] Peer 1005 received the 'interested' message from Peer 1003.
[2025/12/03 19:05:59] Peer 1005 received the 'interested' message from Peer 1002.
[2025/12/03 19:05:59] Peer 1005 received the 'have' message from Peer 1004 for the piece 104.
[2025/12/03 19:05:59] Peer 1005 updated its view of Peer 1004's bitfield: ffffffffffffffffffffffffff8000000000000000000000000000000000000000000000000000000000000000000000000000000000000000000000000000000000000000000000000000000000000000000000000000000000000000000000000000000000000000000000000000000000000000000000000000000000000000000000000000000000000000000000000000000000000000000000000000000000000000000000000000000000000000000000000000000000.
[2025/12/03 19:05:59] Peer 1005 received the 'have' message from Peer 1006 for the piece 104.
[2025/12/03 19:05:59] Peer 1005 updated its view of Peer 1006's bitfield: ffffffffffffffffffffffffff8000000000000000000000000000000000000000000000000000000000000000000000000000000000000000000000000000000000000000000000000000000000000000000000000000000000000000000000000000000000000000000000000000000000000000000000000000000000000000000000000000000000000000000000000000000000000000000000000000000000000000000000000000000000000000000000000000000000.
[2025/12/03 19:05:59] Peer 1005 sent the 'interested' message to Peer 1006.
[2025/12/03 19:05:59] Peer 1005 sent 'request' for piece 104 to Peer 1006.
[2025/12/03 19:05:59] Peer 1005 has downloaded the piece 104 from Peer 1006. Now the number of pieces it has is 100.
[2025/12/03 19:05:59] Peer 1005 sent the 'have' message to Peer 1002 for the piece 104.
[2025/12/03 19:05:59] Peer 1005 sent the 'have' message to Peer 1003 for the piece 104.
[2025/12/03 19:05:59] Peer 1005 sent the 'have' message to Peer 1004 for the piece 104.
[2025/12/03 19:05:59] Peer 1005 sent the 'have' message to Peer 1006 for the piece 104.
[2025/12/03 19:05:59] Peer 1005 sent the 'not interested' message to Peer 1006.
[2025/12/03 19:05:59] Peer 1005 sent 'piece' message for piece 103 to Peer 1003.
[2025/12/03 19:05:59] Peer 1005 sent 'piece' message for piece 103 to Peer 1002.
[2025/12/03 19:05:59] Peer 1005 sent 'piece' message for piece 104 to Peer 1003.
[2025/12/03 19:05:59] Peer 1005 sent 'piece' message for piece 104 to Peer 1002.
[2025/12/03 19:05:59] Peer 1005 received the 'have' message from Peer 1003 for the piece 103.
[2025/12/03 19:05:59] Peer 1005 received the 'have' message from Peer 1002 for the piece 103.
[2025/12/03 19:05:59] Peer 1005 updated its view of Peer 1003's bitfield: ffffffffffffffffffffffffff0000000000000000000000000000000000000000000000000000000000000000000000000000000000000000000000000000000000000000000000000000000000000000000000000000000000000000000000000000000000000000000000000000000000000000000000000000000000000000000000000000000000000000000000000000000000000000000000000000000000000000000000000000000000000000000000000000000000.
[2025/12/03 19:05:59] Peer 1005 updated its view of Peer 1002's bitfield: ffffffffffffffffffffffffff0000000000000000000000000000000000000000000000000000000000000000000000000000000000000000000000000000000000000000000000000000000000000000000000000000000000000000000000000000000000000000000000000000000000000000000000000000000000000000000000000000000000000000000000000000000000000000000000000000000000000000000000000000000000000000000000000000000000.
[2025/12/03 19:05:59] Peer 1005 received the 'have' message from Peer 1004 for the piece 105.
[2025/12/03 19:05:59] Peer 1005 updated its view of Peer 1004's bitfield: ffffffffffffffffffffffffffc000000000000000000000000000000000000000000000000000000000000000000000000000000000000000000000000000000000000000000000000000000000000000000000000000000000000000000000000000000000000000000000000000000000000000000000000000000000000000000000000000000000000000000000000000000000000000000000000000000000000000000000000000000000000000000000000000000000.
[2025/12/03 19:05:59] Peer 1005 received the 'have' message from Peer 1006 for the piece 105.
[2025/12/03 19:05:59] Peer 1005 updated its view of Peer 1006's bitfield: ffffffffffffffffffffffffffc000000000000000000000000000000000000000000000000000000000000000000000000000000000000000000000000000000000000000000000000000000000000000000000000000000000000000000000000000000000000000000000000000000000000000000000000000000000000000000000000000000000000000000000000000000000000000000000000000000000000000000000000000000000000000000000000000000000.
[2025/12/03 19:05:59] Peer 1005 sent the 'interested' message to Peer 1006.
[2025/12/03 19:05:59] Peer 1005 sent 'request' for piece 105 to Peer 1006.
[2025/12/03 19:05:59] Peer 1005 has downloaded the piece 105 from Peer 1006. Now the number of pieces it has is 101.
[2025/12/03 19:05:59] Peer 1005 sent the 'have' message to Peer 1002 for the piece 105.
[2025/12/03 19:05:59] Peer 1005 sent the 'have' message to Peer 1003 for the piece 105.
[2025/12/03 19:05:59] Peer 1005 sent the 'have' message to Peer 1004 for the piece 105.
[2025/12/03 19:05:59] Peer 1005 sent the 'have' message to Peer 1006 for the piece 105.
[2025/12/03 19:05:59] Peer 1005 sent the 'not interested' message to Peer 1006.
[2025/12/03 19:05:59] Peer 1005 received the 'have' message from Peer 1003 for the piece 104.
[2025/12/03 19:05:59] Peer 1005 received the 'not interested' message from Peer 1002.
[2025/12/03 19:05:59] Peer 1005 updated its view of Peer 1003's bitfield: ffffffffffffffffffffffffff8000000000000000000000000000000000000000000000000000000000000000000000000000000000000000000000000000000000000000000000000000000000000000000000000000000000000000000000000000000000000000000000000000000000000000000000000000000000000000000000000000000000000000000000000000000000000000000000000000000000000000000000000000000000000000000000000000000000.
[2025/12/03 19:05:59] Peer 1005 received the 'have' message from Peer 1002 for the piece 104.
[2025/12/03 19:05:59] Peer 1005 received the 'not interested' message from Peer 1003.
[2025/12/03 19:05:59] Peer 1005 updated its view of Peer 1002's bitfield: ffffffffffffffffffffffffff8000000000000000000000000000000000000000000000000000000000000000000000000000000000000000000000000000000000000000000000000000000000000000000000000000000000000000000000000000000000000000000000000000000000000000000000000000000000000000000000000000000000000000000000000000000000000000000000000000000000000000000000000000000000000000000000000000000000.
[2025/12/03 19:05:59] Peer 1005 is choked by Peer 1002.
[2025/12/03 19:05:59] Peer 1005 received the 'have' message from Peer 1004 for the piece 106.
[2025/12/03 19:05:59] Peer 1005 updated its view of Peer 1004's bitfield: ffffffffffffffffffffffffffe000000000000000000000000000000000000000000000000000000000000000000000000000000000000000000000000000000000000000000000000000000000000000000000000000000000000000000000000000000000000000000000000000000000000000000000000000000000000000000000000000000000000000000000000000000000000000000000000000000000000000000000000000000000000000000000000000000000.
[2025/12/03 19:05:59] Peer 1005 received the 'have' message from Peer 1006 for the piece 106.
[2025/12/03 19:05:59] Peer 1005 updated its view of Peer 1006's bitfield: ffffffffffffffffffffffffffe000000000000000000000000000000000000000000000000000000000000000000000000000000000000000000000000000000000000000000000000000000000000000000000000000000000000000000000000000000000000000000000000000000000000000000000000000000000000000000000000000000000000000000000000000000000000000000000000000000000000000000000000000000000000000000000000000000000.
[2025/12/03 19:05:59] Peer 1005 sent the 'interested' message to Peer 1006.
[2025/12/03 19:05:59] Peer 1005 sent 'request' for piece 106 to Peer 1006.
[2025/12/03 19:05:59] Peer 1005 has downloaded the piece 106 from Peer 1006. Now the number of pieces it has is 102.
[2025/12/03 19:05:59] Peer 1005 sent the 'have' message to Peer 1002 for the piece 106.
[2025/12/03 19:05:59] Peer 1005 sent the 'have' message to Peer 1003 for the piece 106.
[2025/12/03 19:05:59] Peer 1005 sent the 'have' message to Peer 1004 for the piece 106.
[2025/12/03 19:05:59] Peer 1005 sent the 'have' message to Peer 1006 for the piece 106.
[2025/12/03 19:05:59] Peer 1005 sent the 'not interested' message to Peer 1006.
[2025/12/03 19:05:59] Peer 1005 received the 'have' message from Peer 1004 for the piece 107.
[2025/12/03 19:05:59] Peer 1005 updated its view of Peer 1004's bitfield: fffffffffffffffffffffffffff000000000000000000000000000000000000000000000000000000000000000000000000000000000000000000000000000000000000000000000000000000000000000000000000000000000000000000000000000000000000000000000000000000000000000000000000000000000000000000000000000000000000000000000000000000000000000000000000000000000000000000000000000000000000000000000000000000000.
[2025/12/03 19:05:59] Peer 1005 received the 'interested' message from Peer 1003.
[2025/12/03 19:05:59] Peer 1005 received the 'interested' message from Peer 1002.
[2025/12/03 19:05:59] Peer 1005 sent 'piece' message for piece 105 to Peer 1003.
[2025/12/03 19:05:59] Peer 1005 sent 'piece' message for piece 105 to Peer 1002.
[2025/12/03 19:05:59] Peer 1005 received the 'have' message from Peer 1006 for the piece 107.
[2025/12/03 19:05:59] Peer 1005 received the 'have' message from Peer 1003 for the piece 105.
[2025/12/03 19:05:59] Peer 1005 received the 'have' message from Peer 1002 for the piece 105.
[2025/12/03 19:05:59] Peer 1005 updated its view of Peer 1006's bitfield: fffffffffffffffffffffffffff000000000000000000000000000000000000000000000000000000000000000000000000000000000000000000000000000000000000000000000000000000000000000000000000000000000000000000000000000000000000000000000000000000000000000000000000000000000000000000000000000000000000000000000000000000000000000000000000000000000000000000000000000000000000000000000000000000000.
[2025/12/03 19:05:59] Peer 1005 updated its view of Peer 1003's bitfield: ffffffffffffffffffffffffffc000000000000000000000000000000000000000000000000000000000000000000000000000000000000000000000000000000000000000000000000000000000000000000000000000000000000000000000000000000000000000000000000000000000000000000000000000000000000000000000000000000000000000000000000000000000000000000000000000000000000000000000000000000000000000000000000000000000.
[2025/12/03 19:05:59] Peer 1005 updated its view of Peer 1002's bitfield: ffffffffffffffffffffffffffc000000000000000000000000000000000000000000000000000000000000000000000000000000000000000000000000000000000000000000000000000000000000000000000000000000000000000000000000000000000000000000000000000000000000000000000000000000000000000000000000000000000000000000000000000000000000000000000000000000000000000000000000000000000000000000000000000000000.
[2025/12/03 19:05:59] Peer 1005 sent the 'interested' message to Peer 1006.
[2025/12/03 19:05:59] Peer 1005 sent 'request' for piece 107 to Peer 1006.
[2025/12/03 19:05:59] Peer 1005 has downloaded the piece 107 from Peer 1006. Now the number of pieces it has is 103.
[2025/12/03 19:05:59] Peer 1005 sent the 'have' message to Peer 1002 for the piece 107.
[2025/12/03 19:05:59] Peer 1005 sent the 'have' message to Peer 1003 for the piece 107.
[2025/12/03 19:05:59] Peer 1005 sent the 'have' message to Peer 1004 for the piece 107.
[2025/12/03 19:05:59] Peer 1005 sent the 'have' message to Peer 1006 for the piece 107.
[2025/12/03 19:05:59] Peer 1005 sent the 'not interested' message to Peer 1006.
[2025/12/03 19:05:59] Peer 1005 received the 'not interested' message from Peer 1002.
[2025/12/03 19:05:59] Peer 1005 sent 'piece' message for piece 106 to Peer 1003.
[2025/12/03 19:05:59] Peer 1005 received the 'have' message from Peer 1002 for the piece 106.
[2025/12/03 19:05:59] Peer 1005 updated its view of Peer 1002's bitfield: ffffffffffffffffffffffffffe000000000000000000000000000000000000000000000000000000000000000000000000000000000000000000000000000000000000000000000000000000000000000000000000000000000000000000000000000000000000000000000000000000000000000000000000000000000000000000000000000000000000000000000000000000000000000000000000000000000000000000000000000000000000000000000000000000000.
[2025/12/03 19:05:59] Peer 1005 received the 'interested' message from Peer 1002.
[2025/12/03 19:05:59] Peer 1005 sent 'piece' message for piece 107 to Peer 1003.
[2025/12/03 19:05:59] Peer 1005 received the 'have' message from Peer 1003 for the piece 106.
[2025/12/03 19:05:59] Peer 1005 updated its view of Peer 1003's bitfield: ffffffffffffffffffffffffffe000000000000000000000000000000000000000000000000000000000000000000000000000000000000000000000000000000000000000000000000000000000000000000000000000000000000000000000000000000000000000000000000000000000000000000000000000000000000000000000000000000000000000000000000000000000000000000000000000000000000000000000000000000000000000000000000000000000.
[2025/12/03 19:05:59] Peer 1005 received the 'have' message from Peer 1004 for the piece 108.
[2025/12/03 19:05:59] Peer 1005 updated its view of Peer 1004's bitfield: fffffffffffffffffffffffffff800000000000000000000000000000000000000000000000000000000000000000000000000000000000000000000000000000000000000000000000000000000000000000000000000000000000000000000000000000000000000000000000000000000000000000000000000000000000000000000000000000000000000000000000000000000000000000000000000000000000000000000000000000000000000000000000000000000.
[2025/12/03 19:05:59] Peer 1005 received the 'have' message from Peer 1006 for the piece 108.
[2025/12/03 19:05:59] Peer 1005 updated its view of Peer 1006's bitfield: fffffffffffffffffffffffffff800000000000000000000000000000000000000000000000000000000000000000000000000000000000000000000000000000000000000000000000000000000000000000000000000000000000000000000000000000000000000000000000000000000000000000000000000000000000000000000000000000000000000000000000000000000000000000000000000000000000000000000000000000000000000000000000000000000.
[2025/12/03 19:05:59] Peer 1005 sent the 'interested' message to Peer 1006.
[2025/12/03 19:05:59] Peer 1005 sent 'request' for piece 108 to Peer 1006.
[2025/12/03 19:05:59] Peer 1005 sent 'piece' message for piece 107 to Peer 1002.
[2025/12/03 19:05:59] Peer 1005 received the 'have' message from Peer 1002 for the piece 107.
[2025/12/03 19:05:59] Peer 1005 updated its view of Peer 1002's bitfield: fffffffffffffffffffffffffff000000000000000000000000000000000000000000000000000000000000000000000000000000000000000000000000000000000000000000000000000000000000000000000000000000000000000000000000000000000000000000000000000000000000000000000000000000000000000000000000000000000000000000000000000000000000000000000000000000000000000000000000000000000000000000000000000000000.
[2025/12/03 19:05:59] Peer 1005 received the 'have' message from Peer 1002 for the piece 108.
[2025/12/03 19:05:59] Peer 1005 updated its view of Peer 1002's bitfield: fffffffffffffffffffffffffff800000000000000000000000000000000000000000000000000000000000000000000000000000000000000000000000000000000000000000000000000000000000000000000000000000000000000000000000000000000000000000000000000000000000000000000000000000000000000000000000000000000000000000000000000000000000000000000000000000000000000000000000000000000000000000000000000000000.
[2025/12/03 19:05:59] Peer 1005 has downloaded the piece 108 from Peer 1006. Now the number of pieces it has is 104.
[2025/12/03 19:05:59] Peer 1005 received the 'not interested' message from Peer 1002.
[2025/12/03 19:05:59] Peer 1005 sent the 'have' message to Peer 1002 for the piece 108.
[2025/12/03 19:05:59] Peer 1005 sent the 'have' message to Peer 1003 for the piece 108.
[2025/12/03 19:05:59] Peer 1005 sent the 'have' message to Peer 1004 for the piece 108.
[2025/12/03 19:05:59] Peer 1005 sent the 'have' message to Peer 1006 for the piece 108.
[2025/12/03 19:05:59] Peer 1005 received the 'have' message from Peer 1003 for the piece 107.
[2025/12/03 19:05:59] Peer 1005 sent the 'not interested' message to Peer 1006.
[2025/12/03 19:05:59] Peer 1005 updated its view of Peer 1003's bitfield: fffffffffffffffffffffffffff000000000000000000000000000000000000000000000000000000000000000000000000000000000000000000000000000000000000000000000000000000000000000000000000000000000000000000000000000000000000000000000000000000000000000000000000000000000000000000000000000000000000000000000000000000000000000000000000000000000000000000000000000000000000000000000000000000000.
[2025/12/03 19:05:59] Peer 1005 received the 'not interested' message from Peer 1003.
[2025/12/03 19:05:59] Peer 1005 received the 'have' message from Peer 1004 for the piece 109.
[2025/12/03 19:05:59] Peer 1005 updated its view of Peer 1004's bitfield: fffffffffffffffffffffffffffc00000000000000000000000000000000000000000000000000000000000000000000000000000000000000000000000000000000000000000000000000000000000000000000000000000000000000000000000000000000000000000000000000000000000000000000000000000000000000000000000000000000000000000000000000000000000000000000000000000000000000000000000000000000000000000000000000000000.
[2025/12/03 19:05:59] Peer 1005 received the 'have' message from Peer 1006 for the piece 109.
[2025/12/03 19:05:59] Peer 1005 updated its view of Peer 1006's bitfield: fffffffffffffffffffffffffffc00000000000000000000000000000000000000000000000000000000000000000000000000000000000000000000000000000000000000000000000000000000000000000000000000000000000000000000000000000000000000000000000000000000000000000000000000000000000000000000000000000000000000000000000000000000000000000000000000000000000000000000000000000000000000000000000000000000.
[2025/12/03 19:05:59] Peer 1005 sent the 'interested' message to Peer 1006.
[2025/12/03 19:05:59] Peer 1005 sent 'request' for piece 109 to Peer 1006.
[2025/12/03 19:05:59] Peer 1005 has downloaded the piece 109 from Peer 1006. Now the number of pieces it has is 105.
[2025/12/03 19:05:59] Peer 1005 sent the 'have' message to Peer 1002 for the piece 109.
[2025/12/03 19:05:59] Peer 1005 sent the 'have' message to Peer 1003 for the piece 109.
[2025/12/03 19:05:59] Peer 1005 sent the 'have' message to Peer 1004 for the piece 109.
[2025/12/03 19:05:59] Peer 1005 sent the 'have' message to Peer 1006 for the piece 109.
[2025/12/03 19:05:59] Peer 1005 sent the 'not interested' message to Peer 1006.
[2025/12/03 19:05:59] Peer 1005 received the 'interested' message from Peer 1003.
[2025/12/03 19:05:59] Peer 1005 sent 'piece' message for piece 108 to Peer 1003.
[2025/12/03 19:05:59] Peer 1005 received the 'interested' message from Peer 1002.
[2025/12/03 19:05:59] Peer 1005 sent 'piece' message for piece 109 to Peer 1003.
[2025/12/03 19:05:59] Peer 1005 received the 'have' message from Peer 1004 for the piece 110.
[2025/12/03 19:05:59] Peer 1005 updated its view of Peer 1004's bitfield: fffffffffffffffffffffffffffe00000000000000000000000000000000000000000000000000000000000000000000000000000000000000000000000000000000000000000000000000000000000000000000000000000000000000000000000000000000000000000000000000000000000000000000000000000000000000000000000000000000000000000000000000000000000000000000000000000000000000000000000000000000000000000000000000000000.
[2025/12/03 19:05:59] Peer 1005 received the 'have' message from Peer 1006 for the piece 110.
[2025/12/03 19:05:59] Peer 1005 updated its view of Peer 1006's bitfield: fffffffffffffffffffffffffffe00000000000000000000000000000000000000000000000000000000000000000000000000000000000000000000000000000000000000000000000000000000000000000000000000000000000000000000000000000000000000000000000000000000000000000000000000000000000000000000000000000000000000000000000000000000000000000000000000000000000000000000000000000000000000000000000000000000.
[2025/12/03 19:05:59] Peer 1005 sent the 'interested' message to Peer 1006.
[2025/12/03 19:05:59] Peer 1005 sent 'request' for piece 110 to Peer 1006.
[2025/12/03 19:05:59] Peer 1005 has downloaded the piece 110 from Peer 1006. Now the number of pieces it has is 106.
[2025/12/03 19:05:59] Peer 1005 sent the 'have' message to Peer 1002 for the piece 110.
[2025/12/03 19:05:59] Peer 1005 sent the 'have' message to Peer 1003 for the piece 110.
[2025/12/03 19:05:59] Peer 1005 sent the 'have' message to Peer 1004 for the piece 110.
[2025/12/03 19:05:59] Peer 1005 sent the 'have' message to Peer 1006 for the piece 110.
[2025/12/03 19:05:59] Peer 1005 sent the 'not interested' message to Peer 1006.
[2025/12/03 19:05:59] Peer 1005 received the 'have' message from Peer 1003 for the piece 108.
[2025/12/03 19:05:59] Peer 1005 sent 'piece' message for piece 109 to Peer 1002.
[2025/12/03 19:05:59] Peer 1005 updated its view of Peer 1003's bitfield: fffffffffffffffffffffffffff800000000000000000000000000000000000000000000000000000000000000000000000000000000000000000000000000000000000000000000000000000000000000000000000000000000000000000000000000000000000000000000000000000000000000000000000000000000000000000000000000000000000000000000000000000000000000000000000000000000000000000000000000000000000000000000000000000000.
[2025/12/03 19:05:59] Peer 1005 sent 'piece' message for piece 110 to Peer 1002.
[2025/12/03 19:05:59] Peer 1005 received the 'have' message from Peer 1002 for the piece 109.
[2025/12/03 19:05:59] Peer 1005 updated its view of Peer 1002's bitfield: fffffffffffffffffffffffffffc00000000000000000000000000000000000000000000000000000000000000000000000000000000000000000000000000000000000000000000000000000000000000000000000000000000000000000000000000000000000000000000000000000000000000000000000000000000000000000000000000000000000000000000000000000000000000000000000000000000000000000000000000000000000000000000000000000000.
[2025/12/03 19:05:59] Peer 1005 received the 'not interested' message from Peer 1003.
[2025/12/03 19:05:59] Peer 1005 received the 'interested' message from Peer 1003.
[2025/12/03 19:05:59] Peer 1005 received the 'have' message from Peer 1003 for the piece 109.
[2025/12/03 19:05:59] Peer 1005 updated its view of Peer 1003's bitfield: fffffffffffffffffffffffffffc00000000000000000000000000000000000000000000000000000000000000000000000000000000000000000000000000000000000000000000000000000000000000000000000000000000000000000000000000000000000000000000000000000000000000000000000000000000000000000000000000000000000000000000000000000000000000000000000000000000000000000000000000000000000000000000000000000000.
[2025/12/03 19:05:59] Peer 1005 sent 'piece' message for piece 110 to Peer 1003.
[2025/12/03 19:05:59] Peer 1005 received the 'have' message from Peer 1003 for the piece 110.
[2025/12/03 19:05:59] Peer 1005 updated its view of Peer 1003's bitfield: fffffffffffffffffffffffffffe00000000000000000000000000000000000000000000000000000000000000000000000000000000000000000000000000000000000000000000000000000000000000000000000000000000000000000000000000000000000000000000000000000000000000000000000000000000000000000000000000000000000000000000000000000000000000000000000000000000000000000000000000000000000000000000000000000000.
[2025/12/03 19:05:59] Peer 1005 received the 'have' message from Peer 1004 for the piece 111.
[2025/12/03 19:05:59] Peer 1005 updated its view of Peer 1004's bitfield: ffffffffffffffffffffffffffff00000000000000000000000000000000000000000000000000000000000000000000000000000000000000000000000000000000000000000000000000000000000000000000000000000000000000000000000000000000000000000000000000000000000000000000000000000000000000000000000000000000000000000000000000000000000000000000000000000000000000000000000000000000000000000000000000000000.
[2025/12/03 19:05:59] Peer 1005 received the 'have' message from Peer 1006 for the piece 111.
[2025/12/03 19:05:59] Peer 1005 updated its view of Peer 1006's bitfield: ffffffffffffffffffffffffffff00000000000000000000000000000000000000000000000000000000000000000000000000000000000000000000000000000000000000000000000000000000000000000000000000000000000000000000000000000000000000000000000000000000000000000000000000000000000000000000000000000000000000000000000000000000000000000000000000000000000000000000000000000000000000000000000000000000.
[2025/12/03 19:05:59] Peer 1005 sent the 'interested' message to Peer 1006.
[2025/12/03 19:05:59] Peer 1005 sent 'request' for piece 111 to Peer 1006.
[2025/12/03 19:05:59] Peer 1005 has downloaded the piece 111 from Peer 1006. Now the number of pieces it has is 107.
[2025/12/03 19:05:59] Peer 1005 sent the 'have' message to Peer 1002 for the piece 111.
[2025/12/03 19:05:59] Peer 1005 sent the 'have' message to Peer 1003 for the piece 111.
[2025/12/03 19:05:59] Peer 1005 sent the 'have' message to Peer 1004 for the piece 111.
[2025/12/03 19:05:59] Peer 1005 sent the 'have' message to Peer 1006 for the piece 111.
[2025/12/03 19:05:59] Peer 1005 sent the 'not interested' message to Peer 1006.
[2025/12/03 19:05:59] Peer 1005 chokes Peer 1001.
[2025/12/03 19:05:59] Peer 1005 received the 'not interested' message from Peer 1002.
[2025/12/03 19:05:59] Peer 1005 received the 'not interested' message from Peer 1003.
[2025/12/03 19:05:59] Peer 1005 chokes Peer 1004.
[2025/12/03 19:05:59] Peer 1005 received the 'have' message from Peer 1002 for the piece 110.
[2025/12/03 19:05:59] Peer 1005 chokes Peer 1006.
[2025/12/03 19:05:59] Peer 1005 updated its view of Peer 1002's bitfield: fffffffffffffffffffffffffffe00000000000000000000000000000000000000000000000000000000000000000000000000000000000000000000000000000000000000000000000000000000000000000000000000000000000000000000000000000000000000000000000000000000000000000000000000000000000000000000000000000000000000000000000000000000000000000000000000000000000000000000000000000000000000000000000000000000.
[2025/12/03 19:05:59] Peer 1005 has the preferred neighbors [1002, 1003].
[2025/12/03 19:05:59] Peer 1005 received the 'have' message from Peer 1004 for the piece 112.
[2025/12/03 19:05:59] Peer 1005 updated its view of Peer 1004's bitfield: ffffffffffffffffffffffffffff80000000000000000000000000000000000000000000000000000000000000000000000000000000000000000000000000000000000000000000000000000000000000000000000000000000000000000000000000000000000000000000000000000000000000000000000000000000000000000000000000000000000000000000000000000000000000000000000000000000000000000000000000000000000000000000000000000000.
[2025/12/03 19:05:59] Peer 1005 received the 'have' message from Peer 1006 for the piece 112.
[2025/12/03 19:05:59] Peer 1005 updated its view of Peer 1006's bitfield: ffffffffffffffffffffffffffff80000000000000000000000000000000000000000000000000000000000000000000000000000000000000000000000000000000000000000000000000000000000000000000000000000000000000000000000000000000000000000000000000000000000000000000000000000000000000000000000000000000000000000000000000000000000000000000000000000000000000000000000000000000000000000000000000000000.
[2025/12/03 19:05:59] Peer 1005 sent the 'interested' message to Peer 1006.
[2025/12/03 19:05:59] Peer 1005 sent 'request' for piece 112 to Peer 1006.
[2025/12/03 19:05:59] Peer 1005 received the 'interested' message from Peer 1003.
[2025/12/03 19:05:59] Peer 1005 received the 'interested' message from Peer 1002.
[2025/12/03 19:05:59] Peer 1005 sent 'piece' message for piece 111 to Peer 1003.
[2025/12/03 19:05:59] Peer 1005 sent 'piece' message for piece 111 to Peer 1002.
[2025/12/03 19:05:59] Peer 1005 received the 'have' message from Peer 1002 for the piece 111.
[2025/12/03 19:05:59] Peer 1005 has downloaded the piece 112 from Peer 1006. Now the number of pieces it has is 108.
[2025/12/03 19:05:59] Peer 1005 updated its view of Peer 1002's bitfield: ffffffffffffffffffffffffffff00000000000000000000000000000000000000000000000000000000000000000000000000000000000000000000000000000000000000000000000000000000000000000000000000000000000000000000000000000000000000000000000000000000000000000000000000000000000000000000000000000000000000000000000000000000000000000000000000000000000000000000000000000000000000000000000000000000.
[2025/12/03 19:05:59] Peer 1005 sent the 'have' message to Peer 1002 for the piece 112.
[2025/12/03 19:05:59] Peer 1005 sent the 'have' message to Peer 1003 for the piece 112.
[2025/12/03 19:05:59] Peer 1005 sent the 'have' message to Peer 1004 for the piece 112.
[2025/12/03 19:05:59] Peer 1005 sent the 'have' message to Peer 1006 for the piece 112.
[2025/12/03 19:05:59] Peer 1005 sent the 'not interested' message to Peer 1006.
[2025/12/03 19:05:59] Peer 1005 received the 'have' message from Peer 1002 for the piece 112.
[2025/12/03 19:05:59] Peer 1005 updated its view of Peer 1002's bitfield: ffffffffffffffffffffffffffff80000000000000000000000000000000000000000000000000000000000000000000000000000000000000000000000000000000000000000000000000000000000000000000000000000000000000000000000000000000000000000000000000000000000000000000000000000000000000000000000000000000000000000000000000000000000000000000000000000000000000000000000000000000000000000000000000000000.
[2025/12/03 19:05:59] Peer 1005 received the 'have' message from Peer 1003 for the piece 111.
[2025/12/03 19:05:59] Peer 1005 received the 'not interested' message from Peer 1002.
[2025/12/03 19:05:59] Peer 1005 updated its view of Peer 1003's bitfield: ffffffffffffffffffffffffffff00000000000000000000000000000000000000000000000000000000000000000000000000000000000000000000000000000000000000000000000000000000000000000000000000000000000000000000000000000000000000000000000000000000000000000000000000000000000000000000000000000000000000000000000000000000000000000000000000000000000000000000000000000000000000000000000000000000.
[2025/12/03 19:05:59] Peer 1005 received the 'have' message from Peer 1004 for the piece 113.
[2025/12/03 19:05:59] Peer 1005 updated its view of Peer 1004's bitfield: ffffffffffffffffffffffffffffc0000000000000000000000000000000000000000000000000000000000000000000000000000000000000000000000000000000000000000000000000000000000000000000000000000000000000000000000000000000000000000000000000000000000000000000000000000000000000000000000000000000000000000000000000000000000000000000000000000000000000000000000000000000000000000000000000000000.
[2025/12/03 19:05:59] Peer 1005 received the 'have' message from Peer 1006 for the piece 113.
[2025/12/03 19:05:59] Peer 1005 updated its view of Peer 1006's bitfield: ffffffffffffffffffffffffffffc0000000000000000000000000000000000000000000000000000000000000000000000000000000000000000000000000000000000000000000000000000000000000000000000000000000000000000000000000000000000000000000000000000000000000000000000000000000000000000000000000000000000000000000000000000000000000000000000000000000000000000000000000000000000000000000000000000000.
[2025/12/03 19:05:59] Peer 1005 sent the 'interested' message to Peer 1006.
[2025/12/03 19:05:59] Peer 1005 sent 'request' for piece 113 to Peer 1006.
[2025/12/03 19:05:59] Peer 1005 has downloaded the piece 113 from Peer 1006. Now the number of pieces it has is 109.
[2025/12/03 19:05:59] Peer 1005 sent the 'have' message to Peer 1002 for the piece 113.
[2025/12/03 19:05:59] Peer 1005 sent the 'have' message to Peer 1003 for the piece 113.
[2025/12/03 19:05:59] Peer 1005 sent the 'have' message to Peer 1004 for the piece 113.
[2025/12/03 19:05:59] Peer 1005 sent the 'have' message to Peer 1006 for the piece 113.
[2025/12/03 19:05:59] Peer 1005 sent the 'not interested' message to Peer 1006.
[2025/12/03 19:05:59] Peer 1005 received the 'not interested' message from Peer 1003.
[2025/12/03 19:05:59] Peer 1005 received the 'interested' message from Peer 1002.
[2025/12/03 19:05:59] Peer 1005 received the 'interested' message from Peer 1003.
[2025/12/03 19:05:59] Peer 1005 sent 'piece' message for piece 112 to Peer 1003.
[2025/12/03 19:05:59] Peer 1005 received the 'have' message from Peer 1003 for the piece 112.
[2025/12/03 19:05:59] Peer 1005 updated its view of Peer 1003's bitfield: ffffffffffffffffffffffffffff80000000000000000000000000000000000000000000000000000000000000000000000000000000000000000000000000000000000000000000000000000000000000000000000000000000000000000000000000000000000000000000000000000000000000000000000000000000000000000000000000000000000000000000000000000000000000000000000000000000000000000000000000000000000000000000000000000000.
[2025/12/03 19:05:59] Peer 1005 sent 'piece' message for piece 113 to Peer 1003.
[2025/12/03 19:06:00] Peer 1005 received the 'have' message from Peer 1004 for the piece 114.
[2025/12/03 19:06:00] Peer 1005 updated its view of Peer 1004's bitfield: ffffffffffffffffffffffffffffe0000000000000000000000000000000000000000000000000000000000000000000000000000000000000000000000000000000000000000000000000000000000000000000000000000000000000000000000000000000000000000000000000000000000000000000000000000000000000000000000000000000000000000000000000000000000000000000000000000000000000000000000000000000000000000000000000000000.
[2025/12/03 19:06:00] Peer 1005 received the 'have' message from Peer 1003 for the piece 113.
[2025/12/03 19:06:00] Peer 1005 sent 'piece' message for piece 113 to Peer 1002.
[2025/12/03 19:06:00] Peer 1005 updated its view of Peer 1003's bitfield: ffffffffffffffffffffffffffffc0000000000000000000000000000000000000000000000000000000000000000000000000000000000000000000000000000000000000000000000000000000000000000000000000000000000000000000000000000000000000000000000000000000000000000000000000000000000000000000000000000000000000000000000000000000000000000000000000000000000000000000000000000000000000000000000000000000.
[2025/12/03 19:06:00] Peer 1005 received the 'have' message from Peer 1002 for the piece 113.
[2025/12/03 19:06:00] Peer 1005 updated its view of Peer 1002's bitfield: ffffffffffffffffffffffffffffc0000000000000000000000000000000000000000000000000000000000000000000000000000000000000000000000000000000000000000000000000000000000000000000000000000000000000000000000000000000000000000000000000000000000000000000000000000000000000000000000000000000000000000000000000000000000000000000000000000000000000000000000000000000000000000000000000000000.
[2025/12/03 19:06:00] Peer 1005 received the 'have' message from Peer 1006 for the piece 114.
[2025/12/03 19:06:00] Peer 1005 updated its view of Peer 1006's bitfield: ffffffffffffffffffffffffffffe0000000000000000000000000000000000000000000000000000000000000000000000000000000000000000000000000000000000000000000000000000000000000000000000000000000000000000000000000000000000000000000000000000000000000000000000000000000000000000000000000000000000000000000000000000000000000000000000000000000000000000000000000000000000000000000000000000000.
[2025/12/03 19:06:00] Peer 1005 sent the 'interested' message to Peer 1006.
[2025/12/03 19:06:00] Peer 1005 sent 'request' for piece 114 to Peer 1006.
[2025/12/03 19:06:00] Peer 1005 has downloaded the piece 114 from Peer 1006. Now the number of pieces it has is 110.
[2025/12/03 19:06:00] Peer 1005 sent the 'have' message to Peer 1002 for the piece 114.
[2025/12/03 19:06:00] Peer 1005 sent the 'have' message to Peer 1003 for the piece 114.
[2025/12/03 19:06:00] Peer 1005 sent the 'have' message to Peer 1004 for the piece 114.
[2025/12/03 19:06:00] Peer 1005 sent the 'have' message to Peer 1006 for the piece 114.
[2025/12/03 19:06:00] Peer 1005 sent the 'not interested' message to Peer 1006.
[2025/12/03 19:06:00] Peer 1005 received the 'not interested' message from Peer 1003.
[2025/12/03 19:06:00] Peer 1005 received the 'not interested' message from Peer 1002.
[2025/12/03 19:06:00] Peer 1005 received the 'have' message from Peer 1004 for the piece 115.
[2025/12/03 19:06:00] Peer 1005 updated its view of Peer 1004's bitfield: fffffffffffffffffffffffffffff0000000000000000000000000000000000000000000000000000000000000000000000000000000000000000000000000000000000000000000000000000000000000000000000000000000000000000000000000000000000000000000000000000000000000000000000000000000000000000000000000000000000000000000000000000000000000000000000000000000000000000000000000000000000000000000000000000000.
[2025/12/03 19:06:00] Peer 1005 received the 'have' message from Peer 1006 for the piece 115.
[2025/12/03 19:06:00] Peer 1005 updated its view of Peer 1006's bitfield: fffffffffffffffffffffffffffff0000000000000000000000000000000000000000000000000000000000000000000000000000000000000000000000000000000000000000000000000000000000000000000000000000000000000000000000000000000000000000000000000000000000000000000000000000000000000000000000000000000000000000000000000000000000000000000000000000000000000000000000000000000000000000000000000000000.
[2025/12/03 19:06:00] Peer 1005 sent the 'interested' message to Peer 1006.
[2025/12/03 19:06:00] Peer 1005 sent 'request' for piece 115 to Peer 1006.
[2025/12/03 19:06:00] Peer 1005 has downloaded the piece 115 from Peer 1006. Now the number of pieces it has is 111.
[2025/12/03 19:06:00] Peer 1005 sent the 'have' message to Peer 1002 for the piece 115.
[2025/12/03 19:06:00] Peer 1005 sent the 'have' message to Peer 1003 for the piece 115.
[2025/12/03 19:06:00] Peer 1005 sent the 'have' message to Peer 1004 for the piece 115.
[2025/12/03 19:06:00] Peer 1005 sent the 'have' message to Peer 1006 for the piece 115.
[2025/12/03 19:06:00] Peer 1005 sent the 'not interested' message to Peer 1006.
[2025/12/03 19:06:00] Peer 1005 received the 'interested' message from Peer 1002.
[2025/12/03 19:06:00] Peer 1005 received the 'interested' message from Peer 1003.
[2025/12/03 19:06:00] Peer 1005 sent 'piece' message for piece 114 to Peer 1002.
[2025/12/03 19:06:00] Peer 1005 sent 'piece' message for piece 114 to Peer 1003.
[2025/12/03 19:06:00] Peer 1005 received the 'have' message from Peer 1002 for the piece 114.
[2025/12/03 19:06:00] Peer 1005 updated its view of Peer 1002's bitfield: ffffffffffffffffffffffffffffe0000000000000000000000000000000000000000000000000000000000000000000000000000000000000000000000000000000000000000000000000000000000000000000000000000000000000000000000000000000000000000000000000000000000000000000000000000000000000000000000000000000000000000000000000000000000000000000000000000000000000000000000000000000000000000000000000000000.
[2025/12/03 19:06:00] Peer 1005 sent 'piece' message for piece 115 to Peer 1003.
[2025/12/03 19:06:00] Peer 1005 sent 'piece' message for piece 115 to Peer 1002.
[2025/12/03 19:06:00] Peer 1005 received the 'have' message from Peer 1004 for the piece 116.
[2025/12/03 19:06:00] Peer 1005 updated its view of Peer 1004's bitfield: fffffffffffffffffffffffffffff8000000000000000000000000000000000000000000000000000000000000000000000000000000000000000000000000000000000000000000000000000000000000000000000000000000000000000000000000000000000000000000000000000000000000000000000000000000000000000000000000000000000000000000000000000000000000000000000000000000000000000000000000000000000000000000000000000000.
[2025/12/03 19:06:00] Peer 1005 received the 'have' message from Peer 1006 for the piece 116.
[2025/12/03 19:06:00] Peer 1005 updated its view of Peer 1006's bitfield: fffffffffffffffffffffffffffff8000000000000000000000000000000000000000000000000000000000000000000000000000000000000000000000000000000000000000000000000000000000000000000000000000000000000000000000000000000000000000000000000000000000000000000000000000000000000000000000000000000000000000000000000000000000000000000000000000000000000000000000000000000000000000000000000000000.
[2025/12/03 19:06:00] Peer 1005 sent the 'interested' message to Peer 1006.
[2025/12/03 19:06:00] Peer 1005 sent 'request' for piece 116 to Peer 1006.
[2025/12/03 19:06:00] Peer 1005 received the 'have' message from Peer 1003 for the piece 114.
[2025/12/03 19:06:00] Peer 1005 received the 'not interested' message from Peer 1002.
[2025/12/03 19:06:00] Peer 1005 updated its view of Peer 1003's bitfield: ffffffffffffffffffffffffffffe0000000000000000000000000000000000000000000000000000000000000000000000000000000000000000000000000000000000000000000000000000000000000000000000000000000000000000000000000000000000000000000000000000000000000000000000000000000000000000000000000000000000000000000000000000000000000000000000000000000000000000000000000000000000000000000000000000000.
[2025/12/03 19:06:00] Peer 1005 has downloaded the piece 116 from Peer 1006. Now the number of pieces it has is 112.
[2025/12/03 19:06:00] Peer 1005 received the 'have' message from Peer 1002 for the piece 115.
[2025/12/03 19:06:00] Peer 1005 sent the 'have' message to Peer 1002 for the piece 116.
[2025/12/03 19:06:00] Peer 1005 updated its view of Peer 1002's bitfield: fffffffffffffffffffffffffffff0000000000000000000000000000000000000000000000000000000000000000000000000000000000000000000000000000000000000000000000000000000000000000000000000000000000000000000000000000000000000000000000000000000000000000000000000000000000000000000000000000000000000000000000000000000000000000000000000000000000000000000000000000000000000000000000000000000.
[2025/12/03 19:06:00] Peer 1005 sent the 'have' message to Peer 1003 for the piece 116.
[2025/12/03 19:06:00] Peer 1005 sent the 'have' message to Peer 1004 for the piece 116.
[2025/12/03 19:06:00] Peer 1005 sent the 'have' message to Peer 1006 for the piece 116.
[2025/12/03 19:06:00] Peer 1005 sent the 'not interested' message to Peer 1006.
[2025/12/03 19:06:00] Peer 1005 received the 'not interested' message from Peer 1003.
[2025/12/03 19:06:00] Peer 1005 received the 'interested' message from Peer 1002.
[2025/12/03 19:06:00] Peer 1005 received the 'have' message from Peer 1003 for the piece 115.
[2025/12/03 19:06:00] Peer 1005 updated its view of Peer 1003's bitfield: fffffffffffffffffffffffffffff0000000000000000000000000000000000000000000000000000000000000000000000000000000000000000000000000000000000000000000000000000000000000000000000000000000000000000000000000000000000000000000000000000000000000000000000000000000000000000000000000000000000000000000000000000000000000000000000000000000000000000000000000000000000000000000000000000000.
[2025/12/03 19:06:00] Peer 1005 received the 'interested' message from Peer 1003.
[2025/12/03 19:06:00] Peer 1005 received the 'have' message from Peer 1004 for the piece 117.
[2025/12/03 19:06:00] Peer 1005 sent 'piece' message for piece 116 to Peer 1002.
[2025/12/03 19:06:00] Peer 1005 sent 'piece' message for piece 116 to Peer 1003.
[2025/12/03 19:06:00] Peer 1005 updated its view of Peer 1004's bitfield: fffffffffffffffffffffffffffffc000000000000000000000000000000000000000000000000000000000000000000000000000000000000000000000000000000000000000000000000000000000000000000000000000000000000000000000000000000000000000000000000000000000000000000000000000000000000000000000000000000000000000000000000000000000000000000000000000000000000000000000000000000000000000000000000000000.
[2025/12/03 19:06:00] Peer 1005 received the 'have' message from Peer 1006 for the piece 117.
[2025/12/03 19:06:00] Peer 1005 updated its view of Peer 1006's bitfield: fffffffffffffffffffffffffffffc000000000000000000000000000000000000000000000000000000000000000000000000000000000000000000000000000000000000000000000000000000000000000000000000000000000000000000000000000000000000000000000000000000000000000000000000000000000000000000000000000000000000000000000000000000000000000000000000000000000000000000000000000000000000000000000000000000.
[2025/12/03 19:06:00] Peer 1005 sent the 'interested' message to Peer 1006.
[2025/12/03 19:06:00] Peer 1005 sent 'request' for piece 117 to Peer 1006.
[2025/12/03 19:06:00] Peer 1005 has downloaded the piece 117 from Peer 1006. Now the number of pieces it has is 113.
[2025/12/03 19:06:00] Peer 1005 sent the 'have' message to Peer 1002 for the piece 117.
[2025/12/03 19:06:00] Peer 1005 sent the 'have' message to Peer 1003 for the piece 117.
[2025/12/03 19:06:00] Peer 1005 sent the 'have' message to Peer 1004 for the piece 117.
[2025/12/03 19:06:00] Peer 1005 sent the 'have' message to Peer 1006 for the piece 117.
[2025/12/03 19:06:00] Peer 1005 sent the 'not interested' message to Peer 1006.
[2025/12/03 19:06:00] Peer 1005 received the 'have' message from Peer 1002 for the piece 116.
[2025/12/03 19:06:00] Peer 1005 updated its view of Peer 1002's bitfield: fffffffffffffffffffffffffffff8000000000000000000000000000000000000000000000000000000000000000000000000000000000000000000000000000000000000000000000000000000000000000000000000000000000000000000000000000000000000000000000000000000000000000000000000000000000000000000000000000000000000000000000000000000000000000000000000000000000000000000000000000000000000000000000000000000.
[2025/12/03 19:06:00] Peer 1005 received the 'have' message from Peer 1003 for the piece 116.
[2025/12/03 19:06:00] Peer 1005 received the 'not interested' message from Peer 1002.
[2025/12/03 19:06:00] Peer 1005 updated its view of Peer 1003's bitfield: fffffffffffffffffffffffffffff8000000000000000000000000000000000000000000000000000000000000000000000000000000000000000000000000000000000000000000000000000000000000000000000000000000000000000000000000000000000000000000000000000000000000000000000000000000000000000000000000000000000000000000000000000000000000000000000000000000000000000000000000000000000000000000000000000000.
[2025/12/03 19:06:00] Peer 1005 received the 'have' message from Peer 1002 for the piece 117.
[2025/12/03 19:06:00] Peer 1005 received the 'not interested' message from Peer 1003.
[2025/12/03 19:06:00] Peer 1005 updated its view of Peer 1002's bitfield: fffffffffffffffffffffffffffffc000000000000000000000000000000000000000000000000000000000000000000000000000000000000000000000000000000000000000000000000000000000000000000000000000000000000000000000000000000000000000000000000000000000000000000000000000000000000000000000000000000000000000000000000000000000000000000000000000000000000000000000000000000000000000000000000000000.
[2025/12/03 19:06:00] Peer 1005 received the 'interested' message from Peer 1003.
[2025/12/03 19:06:00] Peer 1005 sent 'piece' message for piece 117 to Peer 1003.
[2025/12/03 19:06:00] Peer 1005 received the 'not interested' message from Peer 1003.
[2025/12/03 19:06:00] Peer 1005 received the 'have' message from Peer 1004 for the piece 118.
[2025/12/03 19:06:00] Peer 1005 updated its view of Peer 1004's bitfield: fffffffffffffffffffffffffffffe000000000000000000000000000000000000000000000000000000000000000000000000000000000000000000000000000000000000000000000000000000000000000000000000000000000000000000000000000000000000000000000000000000000000000000000000000000000000000000000000000000000000000000000000000000000000000000000000000000000000000000000000000000000000000000000000000000.
[2025/12/03 19:06:00] Peer 1005 received the 'have' message from Peer 1006 for the piece 118.
[2025/12/03 19:06:00] Peer 1005 updated its view of Peer 1006's bitfield: fffffffffffffffffffffffffffffe000000000000000000000000000000000000000000000000000000000000000000000000000000000000000000000000000000000000000000000000000000000000000000000000000000000000000000000000000000000000000000000000000000000000000000000000000000000000000000000000000000000000000000000000000000000000000000000000000000000000000000000000000000000000000000000000000000.
[2025/12/03 19:06:00] Peer 1005 sent the 'interested' message to Peer 1006.
[2025/12/03 19:06:00] Peer 1005 sent 'request' for piece 118 to Peer 1006.
[2025/12/03 19:06:00] Peer 1005 has downloaded the piece 118 from Peer 1006. Now the number of pieces it has is 114.
[2025/12/03 19:06:00] Peer 1005 sent the 'have' message to Peer 1002 for the piece 118.
[2025/12/03 19:06:00] Peer 1005 sent the 'have' message to Peer 1003 for the piece 118.
[2025/12/03 19:06:00] Peer 1005 sent the 'have' message to Peer 1004 for the piece 118.
[2025/12/03 19:06:00] Peer 1005 sent the 'have' message to Peer 1006 for the piece 118.
[2025/12/03 19:06:00] Peer 1005 sent the 'not interested' message to Peer 1006.
[2025/12/03 19:06:00] Peer 1005 received the 'have' message from Peer 1003 for the piece 117.
[2025/12/03 19:06:00] Peer 1005 received the 'interested' message from Peer 1002.
[2025/12/03 19:06:00] Peer 1005 updated its view of Peer 1003's bitfield: fffffffffffffffffffffffffffffc000000000000000000000000000000000000000000000000000000000000000000000000000000000000000000000000000000000000000000000000000000000000000000000000000000000000000000000000000000000000000000000000000000000000000000000000000000000000000000000000000000000000000000000000000000000000000000000000000000000000000000000000000000000000000000000000000000.
[2025/12/03 19:06:00] Peer 1005 received the 'interested' message from Peer 1003.
[2025/12/03 19:06:00] Peer 1005 sent 'piece' message for piece 118 to Peer 1002.
[2025/12/03 19:06:00] Peer 1005 sent 'piece' message for piece 118 to Peer 1003.
[2025/12/03 19:06:00] Peer 1005 received the 'have' message from Peer 1004 for the piece 119.
[2025/12/03 19:06:00] Peer 1005 updated its view of Peer 1004's bitfield: ffffffffffffffffffffffffffffff000000000000000000000000000000000000000000000000000000000000000000000000000000000000000000000000000000000000000000000000000000000000000000000000000000000000000000000000000000000000000000000000000000000000000000000000000000000000000000000000000000000000000000000000000000000000000000000000000000000000000000000000000000000000000000000000000000.
[2025/12/03 19:06:00] Peer 1005 received the 'have' message from Peer 1002 for the piece 118.
[2025/12/03 19:06:00] Peer 1005 updated its view of Peer 1002's bitfield: fffffffffffffffffffffffffffffe000000000000000000000000000000000000000000000000000000000000000000000000000000000000000000000000000000000000000000000000000000000000000000000000000000000000000000000000000000000000000000000000000000000000000000000000000000000000000000000000000000000000000000000000000000000000000000000000000000000000000000000000000000000000000000000000000000.
[2025/12/03 19:06:00] Peer 1005 received the 'have' message from Peer 1006 for the piece 119.
[2025/12/03 19:06:00] Peer 1005 updated its view of Peer 1006's bitfield: ffffffffffffffffffffffffffffff000000000000000000000000000000000000000000000000000000000000000000000000000000000000000000000000000000000000000000000000000000000000000000000000000000000000000000000000000000000000000000000000000000000000000000000000000000000000000000000000000000000000000000000000000000000000000000000000000000000000000000000000000000000000000000000000000000.
[2025/12/03 19:06:00] Peer 1005 sent the 'interested' message to Peer 1006.
[2025/12/03 19:06:00] Peer 1005 sent 'request' for piece 119 to Peer 1006.
[2025/12/03 19:06:00] Peer 1005 has downloaded the piece 119 from Peer 1006. Now the number of pieces it has is 115.
[2025/12/03 19:06:00] Peer 1005 sent the 'have' message to Peer 1002 for the piece 119.
[2025/12/03 19:06:00] Peer 1005 sent the 'have' message to Peer 1003 for the piece 119.
[2025/12/03 19:06:00] Peer 1005 sent the 'have' message to Peer 1004 for the piece 119.
[2025/12/03 19:06:00] Peer 1005 sent the 'have' message to Peer 1006 for the piece 119.
[2025/12/03 19:06:00] Peer 1005 sent the 'not interested' message to Peer 1006.
[2025/12/03 19:06:00] Peer 1005 received the 'not interested' message from Peer 1003.
[2025/12/03 19:06:00] Peer 1005 received the 'have' message from Peer 1003 for the piece 118.
[2025/12/03 19:06:00] Peer 1005 received the 'not interested' message from Peer 1002.
[2025/12/03 19:06:00] Peer 1005 updated its view of Peer 1003's bitfield: fffffffffffffffffffffffffffffe000000000000000000000000000000000000000000000000000000000000000000000000000000000000000000000000000000000000000000000000000000000000000000000000000000000000000000000000000000000000000000000000000000000000000000000000000000000000000000000000000000000000000000000000000000000000000000000000000000000000000000000000000000000000000000000000000000.
[2025/12/03 19:06:00] Peer 1005 received the 'have' message from Peer 1004 for the piece 120.
[2025/12/03 19:06:00] Peer 1005 updated its view of Peer 1004's bitfield: ffffffffffffffffffffffffffffff800000000000000000000000000000000000000000000000000000000000000000000000000000000000000000000000000000000000000000000000000000000000000000000000000000000000000000000000000000000000000000000000000000000000000000000000000000000000000000000000000000000000000000000000000000000000000000000000000000000000000000000000000000000000000000000000000000.
[2025/12/03 19:06:00] Peer 1005 received the 'have' message from Peer 1006 for the piece 120.
[2025/12/03 19:06:00] Peer 1005 updated its view of Peer 1006's bitfield: ffffffffffffffffffffffffffffff800000000000000000000000000000000000000000000000000000000000000000000000000000000000000000000000000000000000000000000000000000000000000000000000000000000000000000000000000000000000000000000000000000000000000000000000000000000000000000000000000000000000000000000000000000000000000000000000000000000000000000000000000000000000000000000000000000.
[2025/12/03 19:06:00] Peer 1005 sent the 'interested' message to Peer 1006.
[2025/12/03 19:06:00] Peer 1005 sent 'request' for piece 120 to Peer 1006.
[2025/12/03 19:06:00] Peer 1005 received the 'interested' message from Peer 1003.
[2025/12/03 19:06:00] Peer 1005 sent 'piece' message for piece 119 to Peer 1003.
[2025/12/03 19:06:00] Peer 1005 has downloaded the piece 120 from Peer 1006. Now the number of pieces it has is 116.
[2025/12/03 19:06:00] Peer 1005 sent the 'have' message to Peer 1002 for the piece 120.
[2025/12/03 19:06:00] Peer 1005 sent the 'have' message to Peer 1003 for the piece 120.
[2025/12/03 19:06:00] Peer 1005 sent the 'have' message to Peer 1004 for the piece 120.
[2025/12/03 19:06:00] Peer 1005 sent the 'have' message to Peer 1006 for the piece 120.
[2025/12/03 19:06:00] Peer 1005 sent the 'not interested' message to Peer 1006.
[2025/12/03 19:06:00] Peer 1005 received the 'interested' message from Peer 1002.
[2025/12/03 19:06:00] Peer 1005 received the 'have' message from Peer 1003 for the piece 119.
[2025/12/03 19:06:00] Peer 1005 sent 'piece' message for piece 119 to Peer 1002.
[2025/12/03 19:06:00] Peer 1005 updated its view of Peer 1003's bitfield: ffffffffffffffffffffffffffffff000000000000000000000000000000000000000000000000000000000000000000000000000000000000000000000000000000000000000000000000000000000000000000000000000000000000000000000000000000000000000000000000000000000000000000000000000000000000000000000000000000000000000000000000000000000000000000000000000000000000000000000000000000000000000000000000000000.
[2025/12/03 19:06:00] Peer 1005 received the 'have' message from Peer 1002 for the piece 119.
[2025/12/03 19:06:00] Peer 1005 updated its view of Peer 1002's bitfield: ffffffffffffffffffffffffffffff000000000000000000000000000000000000000000000000000000000000000000000000000000000000000000000000000000000000000000000000000000000000000000000000000000000000000000000000000000000000000000000000000000000000000000000000000000000000000000000000000000000000000000000000000000000000000000000000000000000000000000000000000000000000000000000000000000.
[2025/12/03 19:06:00] Peer 1005 received the 'have' message from Peer 1002 for the piece 120.
[2025/12/03 19:06:00] Peer 1005 updated its view of Peer 1002's bitfield: ffffffffffffffffffffffffffffff800000000000000000000000000000000000000000000000000000000000000000000000000000000000000000000000000000000000000000000000000000000000000000000000000000000000000000000000000000000000000000000000000000000000000000000000000000000000000000000000000000000000000000000000000000000000000000000000000000000000000000000000000000000000000000000000000000.
[2025/12/03 19:06:00] Peer 1005 received the 'have' message from Peer 1004 for the piece 121.
[2025/12/03 19:06:00] Peer 1005 updated its view of Peer 1004's bitfield: ffffffffffffffffffffffffffffffc00000000000000000000000000000000000000000000000000000000000000000000000000000000000000000000000000000000000000000000000000000000000000000000000000000000000000000000000000000000000000000000000000000000000000000000000000000000000000000000000000000000000000000000000000000000000000000000000000000000000000000000000000000000000000000000000000000.
[2025/12/03 19:06:00] Peer 1005 received the 'have' message from Peer 1006 for the piece 121.
[2025/12/03 19:06:00] Peer 1005 updated its view of Peer 1006's bitfield: ffffffffffffffffffffffffffffffc00000000000000000000000000000000000000000000000000000000000000000000000000000000000000000000000000000000000000000000000000000000000000000000000000000000000000000000000000000000000000000000000000000000000000000000000000000000000000000000000000000000000000000000000000000000000000000000000000000000000000000000000000000000000000000000000000000.
[2025/12/03 19:06:00] Peer 1005 sent the 'interested' message to Peer 1006.
[2025/12/03 19:06:00] Peer 1005 received the 'not interested' message from Peer 1003.
[2025/12/03 19:06:00] Peer 1005 received the 'not interested' message from Peer 1002.
[2025/12/03 19:06:00] Peer 1005 sent 'request' for piece 121 to Peer 1006.
[2025/12/03 19:06:00] Peer 1005 has downloaded the piece 121 from Peer 1006. Now the number of pieces it has is 117.
[2025/12/03 19:06:00] Peer 1005 sent the 'have' message to Peer 1002 for the piece 121.
[2025/12/03 19:06:00] Peer 1005 sent the 'have' message to Peer 1003 for the piece 121.
[2025/12/03 19:06:00] Peer 1005 sent the 'have' message to Peer 1004 for the piece 121.
[2025/12/03 19:06:00] Peer 1005 sent the 'have' message to Peer 1006 for the piece 121.
[2025/12/03 19:06:00] Peer 1005 sent the 'not interested' message to Peer 1006.
[2025/12/03 19:06:00] Peer 1005 received the 'have' message from Peer 1003 for the piece 120.
[2025/12/03 19:06:00] Peer 1005 received the 'interested' message from Peer 1002.
[2025/12/03 19:06:00] Peer 1005 updated its view of Peer 1003's bitfield: ffffffffffffffffffffffffffffff800000000000000000000000000000000000000000000000000000000000000000000000000000000000000000000000000000000000000000000000000000000000000000000000000000000000000000000000000000000000000000000000000000000000000000000000000000000000000000000000000000000000000000000000000000000000000000000000000000000000000000000000000000000000000000000000000000.
[2025/12/03 19:06:00] Peer 1005 received the 'have' message from Peer 1004 for the piece 122.
[2025/12/03 19:06:00] Peer 1005 updated its view of Peer 1004's bitfield: ffffffffffffffffffffffffffffffe00000000000000000000000000000000000000000000000000000000000000000000000000000000000000000000000000000000000000000000000000000000000000000000000000000000000000000000000000000000000000000000000000000000000000000000000000000000000000000000000000000000000000000000000000000000000000000000000000000000000000000000000000000000000000000000000000000.
[2025/12/03 19:06:00] Peer 1005 received the 'have' message from Peer 1006 for the piece 122.
[2025/12/03 19:06:00] Peer 1005 updated its view of Peer 1006's bitfield: ffffffffffffffffffffffffffffffe00000000000000000000000000000000000000000000000000000000000000000000000000000000000000000000000000000000000000000000000000000000000000000000000000000000000000000000000000000000000000000000000000000000000000000000000000000000000000000000000000000000000000000000000000000000000000000000000000000000000000000000000000000000000000000000000000000.
[2025/12/03 19:06:00] Peer 1005 sent the 'interested' message to Peer 1006.
[2025/12/03 19:06:00] Peer 1005 sent 'request' for piece 122 to Peer 1006.
[2025/12/03 19:06:00] Peer 1005 has downloaded the piece 122 from Peer 1006. Now the number of pieces it has is 118.
[2025/12/03 19:06:00] Peer 1005 sent the 'have' message to Peer 1002 for the piece 122.
[2025/12/03 19:06:00] Peer 1005 sent the 'have' message to Peer 1003 for the piece 122.
[2025/12/03 19:06:00] Peer 1005 sent the 'have' message to Peer 1004 for the piece 122.
[2025/12/03 19:06:00] Peer 1005 sent the 'have' message to Peer 1006 for the piece 122.
[2025/12/03 19:06:00] Peer 1005 sent the 'not interested' message to Peer 1006.
[2025/12/03 19:06:00] Peer 1005 received the 'interested' message from Peer 1003.
[2025/12/03 19:06:00] Peer 1005 sent 'piece' message for piece 121 to Peer 1002.
[2025/12/03 19:06:00] Peer 1005 sent 'piece' message for piece 121 to Peer 1003.
[2025/12/03 19:06:00] Peer 1005 sent 'piece' message for piece 122 to Peer 1002.
[2025/12/03 19:06:00] Peer 1005 sent 'piece' message for piece 122 to Peer 1003.
[2025/12/03 19:06:00] Peer 1005 received the 'have' message from Peer 1003 for the piece 121.
[2025/12/03 19:06:00] Peer 1005 updated its view of Peer 1003's bitfield: ffffffffffffffffffffffffffffffc00000000000000000000000000000000000000000000000000000000000000000000000000000000000000000000000000000000000000000000000000000000000000000000000000000000000000000000000000000000000000000000000000000000000000000000000000000000000000000000000000000000000000000000000000000000000000000000000000000000000000000000000000000000000000000000000000000.
[2025/12/03 19:06:00] Peer 1005 received the 'have' message from Peer 1002 for the piece 121.
[2025/12/03 19:06:00] Peer 1005 updated its view of Peer 1002's bitfield: ffffffffffffffffffffffffffffffc00000000000000000000000000000000000000000000000000000000000000000000000000000000000000000000000000000000000000000000000000000000000000000000000000000000000000000000000000000000000000000000000000000000000000000000000000000000000000000000000000000000000000000000000000000000000000000000000000000000000000000000000000000000000000000000000000000.
[2025/12/03 19:06:00] Peer 1005 received the 'have' message from Peer 1004 for the piece 123.
[2025/12/03 19:06:00] Peer 1005 updated its view of Peer 1004's bitfield: fffffffffffffffffffffffffffffff00000000000000000000000000000000000000000000000000000000000000000000000000000000000000000000000000000000000000000000000000000000000000000000000000000000000000000000000000000000000000000000000000000000000000000000000000000000000000000000000000000000000000000000000000000000000000000000000000000000000000000000000000000000000000000000000000000.
[2025/12/03 19:06:00] Peer 1005 received the 'have' message from Peer 1006 for the piece 123.
[2025/12/03 19:06:00] Peer 1005 updated its view of Peer 1006's bitfield: fffffffffffffffffffffffffffffff00000000000000000000000000000000000000000000000000000000000000000000000000000000000000000000000000000000000000000000000000000000000000000000000000000000000000000000000000000000000000000000000000000000000000000000000000000000000000000000000000000000000000000000000000000000000000000000000000000000000000000000000000000000000000000000000000000.
[2025/12/03 19:06:00] Peer 1005 sent the 'interested' message to Peer 1006.
[2025/12/03 19:06:00] Peer 1005 sent 'request' for piece 123 to Peer 1006.
[2025/12/03 19:06:00] Peer 1005 has downloaded the piece 123 from Peer 1006. Now the number of pieces it has is 119.
[2025/12/03 19:06:00] Peer 1005 sent the 'have' message to Peer 1002 for the piece 123.
[2025/12/03 19:06:00] Peer 1005 sent the 'have' message to Peer 1003 for the piece 123.
[2025/12/03 19:06:00] Peer 1005 sent the 'have' message to Peer 1004 for the piece 123.
[2025/12/03 19:06:00] Peer 1005 sent the 'have' message to Peer 1006 for the piece 123.
[2025/12/03 19:06:00] Peer 1005 sent the 'not interested' message to Peer 1006.
[2025/12/03 19:06:00] Peer 1005 received the 'have' message from Peer 1002 for the piece 122.
[2025/12/03 19:06:00] Peer 1005 received the 'not interested' message from Peer 1003.
[2025/12/03 19:06:00] Peer 1005 updated its view of Peer 1002's bitfield: ffffffffffffffffffffffffffffffe00000000000000000000000000000000000000000000000000000000000000000000000000000000000000000000000000000000000000000000000000000000000000000000000000000000000000000000000000000000000000000000000000000000000000000000000000000000000000000000000000000000000000000000000000000000000000000000000000000000000000000000000000000000000000000000000000000.
[2025/12/03 19:06:00] Peer 1005 received the 'have' message from Peer 1003 for the piece 122.
[2025/12/03 19:06:00] Peer 1005 received the 'not interested' message from Peer 1002.
[2025/12/03 19:06:00] Peer 1005 updated its view of Peer 1003's bitfield: ffffffffffffffffffffffffffffffe00000000000000000000000000000000000000000000000000000000000000000000000000000000000000000000000000000000000000000000000000000000000000000000000000000000000000000000000000000000000000000000000000000000000000000000000000000000000000000000000000000000000000000000000000000000000000000000000000000000000000000000000000000000000000000000000000000.
[2025/12/03 19:06:00] Peer 1005 received the 'have' message from Peer 1004 for the piece 124.
[2025/12/03 19:06:00] Peer 1005 updated its view of Peer 1004's bitfield: fffffffffffffffffffffffffffffff80000000000000000000000000000000000000000000000000000000000000000000000000000000000000000000000000000000000000000000000000000000000000000000000000000000000000000000000000000000000000000000000000000000000000000000000000000000000000000000000000000000000000000000000000000000000000000000000000000000000000000000000000000000000000000000000000000.
[2025/12/03 19:06:00] Peer 1005 received the 'have' message from Peer 1006 for the piece 124.
[2025/12/03 19:06:00] Peer 1005 updated its view of Peer 1006's bitfield: fffffffffffffffffffffffffffffff80000000000000000000000000000000000000000000000000000000000000000000000000000000000000000000000000000000000000000000000000000000000000000000000000000000000000000000000000000000000000000000000000000000000000000000000000000000000000000000000000000000000000000000000000000000000000000000000000000000000000000000000000000000000000000000000000000.
[2025/12/03 19:06:00] Peer 1005 sent the 'interested' message to Peer 1006.
[2025/12/03 19:06:00] Peer 1005 sent 'request' for piece 124 to Peer 1006.
[2025/12/03 19:06:00] Peer 1005 has downloaded the piece 124 from Peer 1006. Now the number of pieces it has is 120.
[2025/12/03 19:06:00] Peer 1005 sent the 'have' message to Peer 1002 for the piece 124.
[2025/12/03 19:06:00] Peer 1005 sent the 'have' message to Peer 1003 for the piece 124.
[2025/12/03 19:06:00] Peer 1005 sent the 'have' message to Peer 1004 for the piece 124.
[2025/12/03 19:06:00] Peer 1005 sent the 'have' message to Peer 1006 for the piece 124.
[2025/12/03 19:06:00] Peer 1005 sent the 'not interested' message to Peer 1006.
[2025/12/03 19:06:00] Peer 1005 received the 'interested' message from Peer 1002.
[2025/12/03 19:06:00] Peer 1005 received the 'interested' message from Peer 1003.
[2025/12/03 19:06:00] Peer 1005 sent 'piece' message for piece 123 to Peer 1002.
[2025/12/03 19:06:00] Peer 1005 sent 'piece' message for piece 123 to Peer 1003.
[2025/12/03 19:06:00] Peer 1005 received the 'have' message from Peer 1002 for the piece 123.
[2025/12/03 19:06:00] Peer 1005 received the 'have' message from Peer 1003 for the piece 123.
[2025/12/03 19:06:00] Peer 1005 updated its view of Peer 1002's bitfield: fffffffffffffffffffffffffffffff00000000000000000000000000000000000000000000000000000000000000000000000000000000000000000000000000000000000000000000000000000000000000000000000000000000000000000000000000000000000000000000000000000000000000000000000000000000000000000000000000000000000000000000000000000000000000000000000000000000000000000000000000000000000000000000000000000.
[2025/12/03 19:06:00] Peer 1005 updated its view of Peer 1003's bitfield: fffffffffffffffffffffffffffffff00000000000000000000000000000000000000000000000000000000000000000000000000000000000000000000000000000000000000000000000000000000000000000000000000000000000000000000000000000000000000000000000000000000000000000000000000000000000000000000000000000000000000000000000000000000000000000000000000000000000000000000000000000000000000000000000000000.
[2025/12/03 19:06:00] Peer 1005 sent 'piece' message for piece 124 to Peer 1003.
[2025/12/03 19:06:00] Peer 1005 sent 'piece' message for piece 124 to Peer 1002.
[2025/12/03 19:06:00] Peer 1005 received the 'have' message from Peer 1003 for the piece 124.
[2025/12/03 19:06:00] Peer 1005 updated its view of Peer 1003's bitfield: fffffffffffffffffffffffffffffff80000000000000000000000000000000000000000000000000000000000000000000000000000000000000000000000000000000000000000000000000000000000000000000000000000000000000000000000000000000000000000000000000000000000000000000000000000000000000000000000000000000000000000000000000000000000000000000000000000000000000000000000000000000000000000000000000000.
[2025/12/03 19:06:00] Peer 1005 received the 'have' message from Peer 1002 for the piece 124.
[2025/12/03 19:06:00] Peer 1005 updated its view of Peer 1002's bitfield: fffffffffffffffffffffffffffffff80000000000000000000000000000000000000000000000000000000000000000000000000000000000000000000000000000000000000000000000000000000000000000000000000000000000000000000000000000000000000000000000000000000000000000000000000000000000000000000000000000000000000000000000000000000000000000000000000000000000000000000000000000000000000000000000000000.
[2025/12/03 19:06:00] Peer 1005 received the 'have' message from Peer 1004 for the piece 125.
[2025/12/03 19:06:00] Peer 1005 updated its view of Peer 1004's bitfield: fffffffffffffffffffffffffffffffc0000000000000000000000000000000000000000000000000000000000000000000000000000000000000000000000000000000000000000000000000000000000000000000000000000000000000000000000000000000000000000000000000000000000000000000000000000000000000000000000000000000000000000000000000000000000000000000000000000000000000000000000000000000000000000000000000000.
[2025/12/03 19:06:00] Peer 1005 received the 'not interested' message from Peer 1003.
[2025/12/03 19:06:00] Peer 1005 received the 'have' message from Peer 1006 for the piece 125.
[2025/12/03 19:06:00] Peer 1005 updated its view of Peer 1006's bitfield: fffffffffffffffffffffffffffffffc0000000000000000000000000000000000000000000000000000000000000000000000000000000000000000000000000000000000000000000000000000000000000000000000000000000000000000000000000000000000000000000000000000000000000000000000000000000000000000000000000000000000000000000000000000000000000000000000000000000000000000000000000000000000000000000000000000.
[2025/12/03 19:06:00] Peer 1005 sent the 'interested' message to Peer 1006.
[2025/12/03 19:06:00] Peer 1005 sent 'request' for piece 125 to Peer 1006.
[2025/12/03 19:06:00] Peer 1005 has downloaded the piece 125 from Peer 1006. Now the number of pieces it has is 121.
[2025/12/03 19:06:00] Peer 1005 sent the 'have' message to Peer 1002 for the piece 125.
[2025/12/03 19:06:00] Peer 1005 sent the 'have' message to Peer 1003 for the piece 125.
[2025/12/03 19:06:00] Peer 1005 sent the 'have' message to Peer 1004 for the piece 125.
[2025/12/03 19:06:00] Peer 1005 sent the 'have' message to Peer 1006 for the piece 125.
[2025/12/03 19:06:00] Peer 1005 received the 'not interested' message from Peer 1002.
[2025/12/03 19:06:00] Peer 1005 received the 'interested' message from Peer 1003.
[2025/12/03 19:06:00] Peer 1005 sent the 'not interested' message to Peer 1006.
[2025/12/03 19:06:01] Peer 1005 received the 'have' message from Peer 1004 for the piece 126.
[2025/12/03 19:06:01] Peer 1005 updated its view of Peer 1004's bitfield: fffffffffffffffffffffffffffffffe0000000000000000000000000000000000000000000000000000000000000000000000000000000000000000000000000000000000000000000000000000000000000000000000000000000000000000000000000000000000000000000000000000000000000000000000000000000000000000000000000000000000000000000000000000000000000000000000000000000000000000000000000000000000000000000000000000.
[2025/12/03 19:06:01] Peer 1005 received the 'have' message from Peer 1006 for the piece 126.
[2025/12/03 19:06:01] Peer 1005 updated its view of Peer 1006's bitfield: fffffffffffffffffffffffffffffffe0000000000000000000000000000000000000000000000000000000000000000000000000000000000000000000000000000000000000000000000000000000000000000000000000000000000000000000000000000000000000000000000000000000000000000000000000000000000000000000000000000000000000000000000000000000000000000000000000000000000000000000000000000000000000000000000000000.
[2025/12/03 19:06:01] Peer 1005 sent the 'interested' message to Peer 1006.
[2025/12/03 19:06:01] Peer 1005 sent 'request' for piece 126 to Peer 1006.
[2025/12/03 19:06:01] Peer 1005 has downloaded the piece 126 from Peer 1006. Now the number of pieces it has is 122.
[2025/12/03 19:06:01] Peer 1005 sent the 'have' message to Peer 1002 for the piece 126.
[2025/12/03 19:06:01] Peer 1005 sent the 'have' message to Peer 1003 for the piece 126.
[2025/12/03 19:06:01] Peer 1005 sent the 'have' message to Peer 1004 for the piece 126.
[2025/12/03 19:06:01] Peer 1005 sent the 'have' message to Peer 1006 for the piece 126.
[2025/12/03 19:06:01] Peer 1005 sent the 'not interested' message to Peer 1006.
[2025/12/03 19:06:01] Peer 1005 received the 'interested' message from Peer 1002.
[2025/12/03 19:06:01] Peer 1005 sent 'piece' message for piece 125 to Peer 1003.
[2025/12/03 19:06:01] Peer 1005 sent 'piece' message for piece 125 to Peer 1002.
[2025/12/03 19:06:01] Peer 1005 received the 'have' message from Peer 1002 for the piece 125.
[2025/12/03 19:06:01] Peer 1005 sent 'piece' message for piece 126 to Peer 1003.
[2025/12/03 19:06:01] Peer 1005 updated its view of Peer 1002's bitfield: fffffffffffffffffffffffffffffffc0000000000000000000000000000000000000000000000000000000000000000000000000000000000000000000000000000000000000000000000000000000000000000000000000000000000000000000000000000000000000000000000000000000000000000000000000000000000000000000000000000000000000000000000000000000000000000000000000000000000000000000000000000000000000000000000000000.
[2025/12/03 19:06:01] Peer 1005 received the 'have' message from Peer 1003 for the piece 125.
[2025/12/03 19:06:01] Peer 1005 sent 'piece' message for piece 126 to Peer 1002.
[2025/12/03 19:06:01] Peer 1005 updated its view of Peer 1003's bitfield: fffffffffffffffffffffffffffffffc0000000000000000000000000000000000000000000000000000000000000000000000000000000000000000000000000000000000000000000000000000000000000000000000000000000000000000000000000000000000000000000000000000000000000000000000000000000000000000000000000000000000000000000000000000000000000000000000000000000000000000000000000000000000000000000000000000.
[2025/12/03 19:06:01] Peer 1005 received the 'have' message from Peer 1002 for the piece 126.
[2025/12/03 19:06:01] Peer 1005 received the 'have' message from Peer 1003 for the piece 126.
[2025/12/03 19:06:01] Peer 1005 updated its view of Peer 1002's bitfield: fffffffffffffffffffffffffffffffe0000000000000000000000000000000000000000000000000000000000000000000000000000000000000000000000000000000000000000000000000000000000000000000000000000000000000000000000000000000000000000000000000000000000000000000000000000000000000000000000000000000000000000000000000000000000000000000000000000000000000000000000000000000000000000000000000000.
[2025/12/03 19:06:01] Peer 1005 updated its view of Peer 1003's bitfield: fffffffffffffffffffffffffffffffe0000000000000000000000000000000000000000000000000000000000000000000000000000000000000000000000000000000000000000000000000000000000000000000000000000000000000000000000000000000000000000000000000000000000000000000000000000000000000000000000000000000000000000000000000000000000000000000000000000000000000000000000000000000000000000000000000000.
[2025/12/03 19:06:01] Peer 1005 received the 'not interested' message from Peer 1002.
[2025/12/03 19:06:01] Peer 1005 received the 'have' message from Peer 1004 for the piece 127.
[2025/12/03 19:06:01] Peer 1005 updated its view of Peer 1004's bitfield: ffffffffffffffffffffffffffffffff0000000000000000000000000000000000000000000000000000000000000000000000000000000000000000000000000000000000000000000000000000000000000000000000000000000000000000000000000000000000000000000000000000000000000000000000000000000000000000000000000000000000000000000000000000000000000000000000000000000000000000000000000000000000000000000000000000.
[2025/12/03 19:06:01] Peer 1005 received the 'have' message from Peer 1006 for the piece 127.
[2025/12/03 19:06:01] Peer 1005 updated its view of Peer 1006's bitfield: ffffffffffffffffffffffffffffffff0000000000000000000000000000000000000000000000000000000000000000000000000000000000000000000000000000000000000000000000000000000000000000000000000000000000000000000000000000000000000000000000000000000000000000000000000000000000000000000000000000000000000000000000000000000000000000000000000000000000000000000000000000000000000000000000000000.
[2025/12/03 19:06:01] Peer 1005 sent the 'interested' message to Peer 1006.
[2025/12/03 19:06:01] Peer 1005 sent 'request' for piece 127 to Peer 1006.
[2025/12/03 19:06:01] Peer 1005 has downloaded the piece 127 from Peer 1006. Now the number of pieces it has is 123.
[2025/12/03 19:06:01] Peer 1005 sent the 'have' message to Peer 1002 for the piece 127.
[2025/12/03 19:06:01] Peer 1005 sent the 'have' message to Peer 1003 for the piece 127.
[2025/12/03 19:06:01] Peer 1005 sent the 'have' message to Peer 1004 for the piece 127.
[2025/12/03 19:06:01] Peer 1005 sent the 'have' message to Peer 1006 for the piece 127.
[2025/12/03 19:06:01] Peer 1005 sent the 'not interested' message to Peer 1006.
[2025/12/03 19:06:01] Peer 1005 received the 'not interested' message from Peer 1003.
[2025/12/03 19:06:01] Peer 1005 received the 'interested' message from Peer 1002.
[2025/12/03 19:06:01] Peer 1005 received the 'interested' message from Peer 1003.
[2025/12/03 19:06:01] Peer 1005 sent 'piece' message for piece 127 to Peer 1002.
[2025/12/03 19:06:01] Peer 1005 sent 'piece' message for piece 127 to Peer 1003.
[2025/12/03 19:06:01] Peer 1005 received the 'have' message from Peer 1002 for the piece 127.
[2025/12/03 19:06:01] Peer 1005 received the 'have' message from Peer 1003 for the piece 127.
[2025/12/03 19:06:01] Peer 1005 updated its view of Peer 1002's bitfield: ffffffffffffffffffffffffffffffff0000000000000000000000000000000000000000000000000000000000000000000000000000000000000000000000000000000000000000000000000000000000000000000000000000000000000000000000000000000000000000000000000000000000000000000000000000000000000000000000000000000000000000000000000000000000000000000000000000000000000000000000000000000000000000000000000000.
[2025/12/03 19:06:01] Peer 1005 updated its view of Peer 1003's bitfield: ffffffffffffffffffffffffffffffff0000000000000000000000000000000000000000000000000000000000000000000000000000000000000000000000000000000000000000000000000000000000000000000000000000000000000000000000000000000000000000000000000000000000000000000000000000000000000000000000000000000000000000000000000000000000000000000000000000000000000000000000000000000000000000000000000000.
[2025/12/03 19:06:01] Peer 1005 received the 'have' message from Peer 1004 for the piece 128.
[2025/12/03 19:06:01] Peer 1005 updated its view of Peer 1004's bitfield: ffffffffffffffffffffffffffffffff8000000000000000000000000000000000000000000000000000000000000000000000000000000000000000000000000000000000000000000000000000000000000000000000000000000000000000000000000000000000000000000000000000000000000000000000000000000000000000000000000000000000000000000000000000000000000000000000000000000000000000000000000000000000000000000000000000.
[2025/12/03 19:06:01] Peer 1005 received the 'have' message from Peer 1006 for the piece 128.
[2025/12/03 19:06:01] Peer 1005 received the 'not interested' message from Peer 1003.
[2025/12/03 19:06:01] Peer 1005 received the 'not interested' message from Peer 1002.
[2025/12/03 19:06:01] Peer 1005 updated its view of Peer 1006's bitfield: ffffffffffffffffffffffffffffffff8000000000000000000000000000000000000000000000000000000000000000000000000000000000000000000000000000000000000000000000000000000000000000000000000000000000000000000000000000000000000000000000000000000000000000000000000000000000000000000000000000000000000000000000000000000000000000000000000000000000000000000000000000000000000000000000000000.
[2025/12/03 19:06:01] Peer 1005 sent the 'interested' message to Peer 1006.
[2025/12/03 19:06:01] Peer 1005 sent 'request' for piece 128 to Peer 1006.
[2025/12/03 19:06:01] Peer 1005 has downloaded the piece 128 from Peer 1006. Now the number of pieces it has is 124.
[2025/12/03 19:06:01] Peer 1005 sent the 'have' message to Peer 1002 for the piece 128.
[2025/12/03 19:06:01] Peer 1005 sent the 'have' message to Peer 1003 for the piece 128.
[2025/12/03 19:06:01] Peer 1005 sent the 'have' message to Peer 1004 for the piece 128.
[2025/12/03 19:06:01] Peer 1005 sent the 'have' message to Peer 1006 for the piece 128.
[2025/12/03 19:06:01] Peer 1005 sent the 'not interested' message to Peer 1006.
[2025/12/03 19:06:01] Peer 1005 received the 'interested' message from Peer 1003.
[2025/12/03 19:06:01] Peer 1005 received the 'interested' message from Peer 1002.
[2025/12/03 19:06:01] Peer 1005 received the 'have' message from Peer 1004 for the piece 129.
[2025/12/03 19:06:01] Peer 1005 updated its view of Peer 1004's bitfield: ffffffffffffffffffffffffffffffffc000000000000000000000000000000000000000000000000000000000000000000000000000000000000000000000000000000000000000000000000000000000000000000000000000000000000000000000000000000000000000000000000000000000000000000000000000000000000000000000000000000000000000000000000000000000000000000000000000000000000000000000000000000000000000000000000000.
[2025/12/03 19:06:01] Peer 1005 received the 'have' message from Peer 1006 for the piece 129.
[2025/12/03 19:06:01] Peer 1005 updated its view of Peer 1006's bitfield: ffffffffffffffffffffffffffffffffc000000000000000000000000000000000000000000000000000000000000000000000000000000000000000000000000000000000000000000000000000000000000000000000000000000000000000000000000000000000000000000000000000000000000000000000000000000000000000000000000000000000000000000000000000000000000000000000000000000000000000000000000000000000000000000000000000.
[2025/12/03 19:06:01] Peer 1005 sent the 'interested' message to Peer 1006.
[2025/12/03 19:06:01] Peer 1005 sent 'request' for piece 129 to Peer 1006.
[2025/12/03 19:06:01] Peer 1005 has downloaded the piece 129 from Peer 1006. Now the number of pieces it has is 125.
[2025/12/03 19:06:01] Peer 1005 sent the 'have' message to Peer 1002 for the piece 129.
[2025/12/03 19:06:01] Peer 1005 sent the 'have' message to Peer 1003 for the piece 129.
[2025/12/03 19:06:01] Peer 1005 sent the 'have' message to Peer 1004 for the piece 129.
[2025/12/03 19:06:01] Peer 1005 sent the 'have' message to Peer 1006 for the piece 129.
[2025/12/03 19:06:01] Peer 1005 sent the 'not interested' message to Peer 1006.
[2025/12/03 19:06:01] Peer 1005 received the 'have' message from Peer 1004 for the piece 130.
[2025/12/03 19:06:01] Peer 1005 updated its view of Peer 1004's bitfield: ffffffffffffffffffffffffffffffffe000000000000000000000000000000000000000000000000000000000000000000000000000000000000000000000000000000000000000000000000000000000000000000000000000000000000000000000000000000000000000000000000000000000000000000000000000000000000000000000000000000000000000000000000000000000000000000000000000000000000000000000000000000000000000000000000000.
[2025/12/03 19:06:01] Peer 1005 sent 'piece' message for piece 128 to Peer 1002.
[2025/12/03 19:06:01] Peer 1005 sent 'piece' message for piece 128 to Peer 1003.
[2025/12/03 19:06:01] Peer 1005 received the 'have' message from Peer 1002 for the piece 128.
[2025/12/03 19:06:01] Peer 1005 updated its view of Peer 1002's bitfield: ffffffffffffffffffffffffffffffff8000000000000000000000000000000000000000000000000000000000000000000000000000000000000000000000000000000000000000000000000000000000000000000000000000000000000000000000000000000000000000000000000000000000000000000000000000000000000000000000000000000000000000000000000000000000000000000000000000000000000000000000000000000000000000000000000000.
[2025/12/03 19:06:01] Peer 1005 received the 'have' message from Peer 1002 for the piece 129.
[2025/12/03 19:06:01] Peer 1005 updated its view of Peer 1002's bitfield: ffffffffffffffffffffffffffffffffc000000000000000000000000000000000000000000000000000000000000000000000000000000000000000000000000000000000000000000000000000000000000000000000000000000000000000000000000000000000000000000000000000000000000000000000000000000000000000000000000000000000000000000000000000000000000000000000000000000000000000000000000000000000000000000000000000.
[2025/12/03 19:06:01] Peer 1005 received the 'have' message from Peer 1006 for the piece 130.
[2025/12/03 19:06:01] Peer 1005 updated its view of Peer 1006's bitfield: ffffffffffffffffffffffffffffffffe000000000000000000000000000000000000000000000000000000000000000000000000000000000000000000000000000000000000000000000000000000000000000000000000000000000000000000000000000000000000000000000000000000000000000000000000000000000000000000000000000000000000000000000000000000000000000000000000000000000000000000000000000000000000000000000000000.
[2025/12/03 19:06:01] Peer 1005 sent the 'interested' message to Peer 1006.
[2025/12/03 19:06:01] Peer 1005 sent 'request' for piece 130 to Peer 1006.
[2025/12/03 19:06:01] Peer 1005 has downloaded the piece 130 from Peer 1006. Now the number of pieces it has is 126.
[2025/12/03 19:06:01] Peer 1005 sent the 'have' message to Peer 1002 for the piece 130.
[2025/12/03 19:06:01] Peer 1005 sent the 'have' message to Peer 1003 for the piece 130.
[2025/12/03 19:06:01] Peer 1005 sent the 'have' message to Peer 1004 for the piece 130.
[2025/12/03 19:06:01] Peer 1005 sent the 'have' message to Peer 1006 for the piece 130.
[2025/12/03 19:06:01] Peer 1005 sent the 'not interested' message to Peer 1006.
[2025/12/03 19:06:01] Peer 1005 received the 'not interested' message from Peer 1002.
[2025/12/03 19:06:01] Peer 1005 received the 'interested' message from Peer 1002.
[2025/12/03 19:06:01] Peer 1005 sent 'piece' message for piece 129 to Peer 1003.
[2025/12/03 19:06:01] Peer 1005 received the 'have' message from Peer 1003 for the piece 128.
[2025/12/03 19:06:01] Peer 1005 updated its view of Peer 1003's bitfield: ffffffffffffffffffffffffffffffff8000000000000000000000000000000000000000000000000000000000000000000000000000000000000000000000000000000000000000000000000000000000000000000000000000000000000000000000000000000000000000000000000000000000000000000000000000000000000000000000000000000000000000000000000000000000000000000000000000000000000000000000000000000000000000000000000000.
[2025/12/03 19:06:01] Peer 1005 received the 'not interested' message from Peer 1003.
[2025/12/03 19:06:01] Peer 1005 received the 'have' message from Peer 1003 for the piece 129.
[2025/12/03 19:06:01] Peer 1005 updated its view of Peer 1003's bitfield: ffffffffffffffffffffffffffffffffc000000000000000000000000000000000000000000000000000000000000000000000000000000000000000000000000000000000000000000000000000000000000000000000000000000000000000000000000000000000000000000000000000000000000000000000000000000000000000000000000000000000000000000000000000000000000000000000000000000000000000000000000000000000000000000000000000.
[2025/12/03 19:06:01] Peer 1005 received the 'interested' message from Peer 1003.
[2025/12/03 19:06:01] Peer 1005 sent 'piece' message for piece 130 to Peer 1003.
[2025/12/03 19:06:01] Peer 1005 received the 'have' message from Peer 1004 for the piece 131.
[2025/12/03 19:06:01] Peer 1005 updated its view of Peer 1004's bitfield: fffffffffffffffffffffffffffffffff000000000000000000000000000000000000000000000000000000000000000000000000000000000000000000000000000000000000000000000000000000000000000000000000000000000000000000000000000000000000000000000000000000000000000000000000000000000000000000000000000000000000000000000000000000000000000000000000000000000000000000000000000000000000000000000000000.
[2025/12/03 19:06:01] Peer 1005 received the 'have' message from Peer 1003 for the piece 130.
[2025/12/03 19:06:01] Peer 1005 sent 'piece' message for piece 130 to Peer 1002.
[2025/12/03 19:06:01] Peer 1005 updated its view of Peer 1003's bitfield: ffffffffffffffffffffffffffffffffe000000000000000000000000000000000000000000000000000000000000000000000000000000000000000000000000000000000000000000000000000000000000000000000000000000000000000000000000000000000000000000000000000000000000000000000000000000000000000000000000000000000000000000000000000000000000000000000000000000000000000000000000000000000000000000000000000.
[2025/12/03 19:06:01] Peer 1005 received the 'have' message from Peer 1006 for the piece 131.
[2025/12/03 19:06:01] Peer 1005 updated its view of Peer 1006's bitfield: fffffffffffffffffffffffffffffffff000000000000000000000000000000000000000000000000000000000000000000000000000000000000000000000000000000000000000000000000000000000000000000000000000000000000000000000000000000000000000000000000000000000000000000000000000000000000000000000000000000000000000000000000000000000000000000000000000000000000000000000000000000000000000000000000000.
[2025/12/03 19:06:01] Peer 1005 sent the 'interested' message to Peer 1006.
[2025/12/03 19:06:01] Peer 1005 sent 'request' for piece 131 to Peer 1006.
[2025/12/03 19:06:01] Peer 1005 has downloaded the piece 131 from Peer 1006. Now the number of pieces it has is 127.
[2025/12/03 19:06:01] Peer 1005 sent the 'have' message to Peer 1002 for the piece 131.
[2025/12/03 19:06:01] Peer 1005 sent the 'have' message to Peer 1003 for the piece 131.
[2025/12/03 19:06:01] Peer 1005 sent the 'have' message to Peer 1004 for the piece 131.
[2025/12/03 19:06:01] Peer 1005 sent the 'have' message to Peer 1006 for the piece 131.
[2025/12/03 19:06:01] Peer 1005 sent the 'not interested' message to Peer 1006.
[2025/12/03 19:06:01] Peer 1005 received the 'have' message from Peer 1002 for the piece 130.
[2025/12/03 19:06:01] Peer 1005 updated its view of Peer 1002's bitfield: ffffffffffffffffffffffffffffffffe000000000000000000000000000000000000000000000000000000000000000000000000000000000000000000000000000000000000000000000000000000000000000000000000000000000000000000000000000000000000000000000000000000000000000000000000000000000000000000000000000000000000000000000000000000000000000000000000000000000000000000000000000000000000000000000000000.
[2025/12/03 19:06:01] Peer 1005 received the 'not interested' message from Peer 1003.
[2025/12/03 19:06:01] Peer 1005 received the 'not interested' message from Peer 1002.
[2025/12/03 19:06:01] Peer 1005 received the 'have' message from Peer 1004 for the piece 132.
[2025/12/03 19:06:01] Peer 1005 updated its view of Peer 1004's bitfield: fffffffffffffffffffffffffffffffff800000000000000000000000000000000000000000000000000000000000000000000000000000000000000000000000000000000000000000000000000000000000000000000000000000000000000000000000000000000000000000000000000000000000000000000000000000000000000000000000000000000000000000000000000000000000000000000000000000000000000000000000000000000000000000000000000.
[2025/12/03 19:06:01] Peer 1005 received the 'have' message from Peer 1006 for the piece 132.
[2025/12/03 19:06:01] Peer 1005 updated its view of Peer 1006's bitfield: fffffffffffffffffffffffffffffffff800000000000000000000000000000000000000000000000000000000000000000000000000000000000000000000000000000000000000000000000000000000000000000000000000000000000000000000000000000000000000000000000000000000000000000000000000000000000000000000000000000000000000000000000000000000000000000000000000000000000000000000000000000000000000000000000000.
[2025/12/03 19:06:01] Peer 1005 sent the 'interested' message to Peer 1006.
[2025/12/03 19:06:01] Peer 1005 sent 'request' for piece 132 to Peer 1006.
[2025/12/03 19:06:01] Peer 1005 has downloaded the piece 132 from Peer 1006. Now the number of pieces it has is 128.
[2025/12/03 19:06:01] Peer 1005 sent the 'have' message to Peer 1002 for the piece 132.
[2025/12/03 19:06:01] Peer 1005 sent the 'have' message to Peer 1003 for the piece 132.
[2025/12/03 19:06:01] Peer 1005 sent the 'have' message to Peer 1004 for the piece 132.
[2025/12/03 19:06:01] Peer 1005 sent the 'have' message to Peer 1006 for the piece 132.
[2025/12/03 19:06:01] Peer 1005 sent the 'not interested' message to Peer 1006.
[2025/12/03 19:06:01] Peer 1005 received the 'have' message from Peer 1002 for the piece 131.
[2025/12/03 19:06:01] Peer 1005 received the 'interested' message from Peer 1003.
[2025/12/03 19:06:01] Peer 1005 updated its view of Peer 1002's bitfield: fffffffffffffffffffffffffffffffff000000000000000000000000000000000000000000000000000000000000000000000000000000000000000000000000000000000000000000000000000000000000000000000000000000000000000000000000000000000000000000000000000000000000000000000000000000000000000000000000000000000000000000000000000000000000000000000000000000000000000000000000000000000000000000000000000.
[2025/12/03 19:06:01] Peer 1005 sent 'piece' message for piece 131 to Peer 1003.
[2025/12/03 19:06:01] Peer 1005 received the 'have' message from Peer 1003 for the piece 131.
[2025/12/03 19:06:01] Peer 1005 updated its view of Peer 1003's bitfield: fffffffffffffffffffffffffffffffff000000000000000000000000000000000000000000000000000000000000000000000000000000000000000000000000000000000000000000000000000000000000000000000000000000000000000000000000000000000000000000000000000000000000000000000000000000000000000000000000000000000000000000000000000000000000000000000000000000000000000000000000000000000000000000000000000.
[2025/12/03 19:06:01] Peer 1005 sent 'piece' message for piece 132 to Peer 1003.
[2025/12/03 19:06:01] Peer 1005 received the 'have' message from Peer 1004 for the piece 133.
[2025/12/03 19:06:01] Peer 1005 updated its view of Peer 1004's bitfield: fffffffffffffffffffffffffffffffffc00000000000000000000000000000000000000000000000000000000000000000000000000000000000000000000000000000000000000000000000000000000000000000000000000000000000000000000000000000000000000000000000000000000000000000000000000000000000000000000000000000000000000000000000000000000000000000000000000000000000000000000000000000000000000000000000000.
[2025/12/03 19:06:01] Peer 1005 received the 'have' message from Peer 1003 for the piece 132.
[2025/12/03 19:06:01] Peer 1005 updated its view of Peer 1003's bitfield: fffffffffffffffffffffffffffffffff800000000000000000000000000000000000000000000000000000000000000000000000000000000000000000000000000000000000000000000000000000000000000000000000000000000000000000000000000000000000000000000000000000000000000000000000000000000000000000000000000000000000000000000000000000000000000000000000000000000000000000000000000000000000000000000000000.
[2025/12/03 19:06:01] Peer 1005 received the 'have' message from Peer 1006 for the piece 133.
[2025/12/03 19:06:01] Peer 1005 updated its view of Peer 1006's bitfield: fffffffffffffffffffffffffffffffffc00000000000000000000000000000000000000000000000000000000000000000000000000000000000000000000000000000000000000000000000000000000000000000000000000000000000000000000000000000000000000000000000000000000000000000000000000000000000000000000000000000000000000000000000000000000000000000000000000000000000000000000000000000000000000000000000000.
[2025/12/03 19:06:01] Peer 1005 sent the 'interested' message to Peer 1006.
[2025/12/03 19:06:01] Peer 1005 sent 'request' for piece 133 to Peer 1006.
[2025/12/03 19:06:01] Peer 1005 has downloaded the piece 133 from Peer 1006. Now the number of pieces it has is 129.
[2025/12/03 19:06:01] Peer 1005 sent the 'have' message to Peer 1002 for the piece 133.
[2025/12/03 19:06:01] Peer 1005 sent the 'have' message to Peer 1003 for the piece 133.
[2025/12/03 19:06:01] Peer 1005 sent the 'have' message to Peer 1004 for the piece 133.
[2025/12/03 19:06:01] Peer 1005 sent the 'have' message to Peer 1006 for the piece 133.
[2025/12/03 19:06:01] Peer 1005 sent the 'not interested' message to Peer 1006.
[2025/12/03 19:06:01] Peer 1005 received the 'interested' message from Peer 1002.
[2025/12/03 19:06:01] Peer 1005 received the 'not interested' message from Peer 1003.
[2025/12/03 19:06:01] Peer 1005 sent 'piece' message for piece 132 to Peer 1002.
[2025/12/03 19:06:01] Peer 1005 received the 'have' message from Peer 1002 for the piece 132.
[2025/12/03 19:06:01] Peer 1005 updated its view of Peer 1002's bitfield: fffffffffffffffffffffffffffffffff800000000000000000000000000000000000000000000000000000000000000000000000000000000000000000000000000000000000000000000000000000000000000000000000000000000000000000000000000000000000000000000000000000000000000000000000000000000000000000000000000000000000000000000000000000000000000000000000000000000000000000000000000000000000000000000000000.
[2025/12/03 19:06:01] Peer 1005 sent 'piece' message for piece 133 to Peer 1002.
[2025/12/03 19:06:01] Peer 1005 received the 'have' message from Peer 1002 for the piece 133.
[2025/12/03 19:06:01] Peer 1005 updated its view of Peer 1002's bitfield: fffffffffffffffffffffffffffffffffc00000000000000000000000000000000000000000000000000000000000000000000000000000000000000000000000000000000000000000000000000000000000000000000000000000000000000000000000000000000000000000000000000000000000000000000000000000000000000000000000000000000000000000000000000000000000000000000000000000000000000000000000000000000000000000000000000.
[2025/12/03 19:06:01] Peer 1005 received the 'interested' message from Peer 1003.
[2025/12/03 19:06:01] Peer 1005 sent 'piece' message for piece 133 to Peer 1003.
[2025/12/03 19:06:01] Peer 1005 received the 'have' message from Peer 1003 for the piece 133.
[2025/12/03 19:06:01] Peer 1005 updated its view of Peer 1003's bitfield: fffffffffffffffffffffffffffffffffc00000000000000000000000000000000000000000000000000000000000000000000000000000000000000000000000000000000000000000000000000000000000000000000000000000000000000000000000000000000000000000000000000000000000000000000000000000000000000000000000000000000000000000000000000000000000000000000000000000000000000000000000000000000000000000000000000.
[2025/12/03 19:06:01] Peer 1005 received the 'have' message from Peer 1004 for the piece 134.
[2025/12/03 19:06:01] Peer 1005 updated its view of Peer 1004's bitfield: fffffffffffffffffffffffffffffffffe00000000000000000000000000000000000000000000000000000000000000000000000000000000000000000000000000000000000000000000000000000000000000000000000000000000000000000000000000000000000000000000000000000000000000000000000000000000000000000000000000000000000000000000000000000000000000000000000000000000000000000000000000000000000000000000000000.
[2025/12/03 19:06:01] Peer 1005 received the 'not interested' message from Peer 1003.
[2025/12/03 19:06:01] Peer 1005 received the 'have' message from Peer 1006 for the piece 134.
[2025/12/03 19:06:01] Peer 1005 updated its view of Peer 1006's bitfield: fffffffffffffffffffffffffffffffffe00000000000000000000000000000000000000000000000000000000000000000000000000000000000000000000000000000000000000000000000000000000000000000000000000000000000000000000000000000000000000000000000000000000000000000000000000000000000000000000000000000000000000000000000000000000000000000000000000000000000000000000000000000000000000000000000000.
[2025/12/03 19:06:01] Peer 1005 sent the 'interested' message to Peer 1006.
[2025/12/03 19:06:01] Peer 1005 sent 'request' for piece 134 to Peer 1006.
[2025/12/03 19:06:01] Peer 1005 received the 'not interested' message from Peer 1002.
[2025/12/03 19:06:01] Peer 1005 has downloaded the piece 134 from Peer 1006. Now the number of pieces it has is 130.
[2025/12/03 19:06:01] Peer 1005 sent the 'have' message to Peer 1002 for the piece 134.
[2025/12/03 19:06:01] Peer 1005 sent the 'have' message to Peer 1003 for the piece 134.
[2025/12/03 19:06:01] Peer 1005 sent the 'have' message to Peer 1004 for the piece 134.
[2025/12/03 19:06:01] Peer 1005 sent the 'have' message to Peer 1006 for the piece 134.
[2025/12/03 19:06:01] Peer 1005 sent the 'not interested' message to Peer 1006.
[2025/12/03 19:06:01] Peer 1005 received the 'interested' message from Peer 1002.
[2025/12/03 19:06:01] Peer 1005 received the 'interested' message from Peer 1003.
[2025/12/03 19:06:01] Peer 1005 sent 'piece' message for piece 134 to Peer 1003.
[2025/12/03 19:06:01] Peer 1005 sent 'piece' message for piece 134 to Peer 1002.
[2025/12/03 19:06:01] Peer 1005 received the 'have' message from Peer 1002 for the piece 134.
[2025/12/03 19:06:01] Peer 1005 updated its view of Peer 1002's bitfield: fffffffffffffffffffffffffffffffffe00000000000000000000000000000000000000000000000000000000000000000000000000000000000000000000000000000000000000000000000000000000000000000000000000000000000000000000000000000000000000000000000000000000000000000000000000000000000000000000000000000000000000000000000000000000000000000000000000000000000000000000000000000000000000000000000000.
[2025/12/03 19:06:01] Peer 1005 received the 'have' message from Peer 1003 for the piece 134.
[2025/12/03 19:06:01] Peer 1005 updated its view of Peer 1003's bitfield: fffffffffffffffffffffffffffffffffe00000000000000000000000000000000000000000000000000000000000000000000000000000000000000000000000000000000000000000000000000000000000000000000000000000000000000000000000000000000000000000000000000000000000000000000000000000000000000000000000000000000000000000000000000000000000000000000000000000000000000000000000000000000000000000000000000.
[2025/12/03 19:06:01] Peer 1005 is choked by Peer 1006.
[2025/12/03 19:06:01] Peer 1005 received the 'not interested' message from Peer 1002.
[2025/12/03 19:06:02] Peer 1005 received the 'have' message from Peer 1004 for the piece 135.
[2025/12/03 19:06:02] Peer 1005 updated its view of Peer 1004's bitfield: ffffffffffffffffffffffffffffffffff00000000000000000000000000000000000000000000000000000000000000000000000000000000000000000000000000000000000000000000000000000000000000000000000000000000000000000000000000000000000000000000000000000000000000000000000000000000000000000000000000000000000000000000000000000000000000000000000000000000000000000000000000000000000000000000000000.
[2025/12/03 19:06:02] Peer 1005 received the 'not interested' message from Peer 1003.
[2025/12/03 19:06:02] Peer 1005 received the 'have' message from Peer 1006 for the piece 135.
[2025/12/03 19:06:02] Peer 1005 updated its view of Peer 1006's bitfield: ffffffffffffffffffffffffffffffffff00000000000000000000000000000000000000000000000000000000000000000000000000000000000000000000000000000000000000000000000000000000000000000000000000000000000000000000000000000000000000000000000000000000000000000000000000000000000000000000000000000000000000000000000000000000000000000000000000000000000000000000000000000000000000000000000000.
[2025/12/03 19:06:02] Peer 1005 sent the 'interested' message to Peer 1006.
[2025/12/03 19:06:02] Peer 1005 received the 'have' message from Peer 1004 for the piece 136.
[2025/12/03 19:06:02] Peer 1005 updated its view of Peer 1004's bitfield: ffffffffffffffffffffffffffffffffff80000000000000000000000000000000000000000000000000000000000000000000000000000000000000000000000000000000000000000000000000000000000000000000000000000000000000000000000000000000000000000000000000000000000000000000000000000000000000000000000000000000000000000000000000000000000000000000000000000000000000000000000000000000000000000000000000.
[2025/12/03 19:06:02] Peer 1005 received the 'have' message from Peer 1002 for the piece 135.
[2025/12/03 19:06:02] Peer 1005 received the 'have' message from Peer 1006 for the piece 136.
[2025/12/03 19:06:02] Peer 1005 updated its view of Peer 1002's bitfield: ffffffffffffffffffffffffffffffffff00000000000000000000000000000000000000000000000000000000000000000000000000000000000000000000000000000000000000000000000000000000000000000000000000000000000000000000000000000000000000000000000000000000000000000000000000000000000000000000000000000000000000000000000000000000000000000000000000000000000000000000000000000000000000000000000000.
[2025/12/03 19:06:02] Peer 1005 updated its view of Peer 1006's bitfield: ffffffffffffffffffffffffffffffffff80000000000000000000000000000000000000000000000000000000000000000000000000000000000000000000000000000000000000000000000000000000000000000000000000000000000000000000000000000000000000000000000000000000000000000000000000000000000000000000000000000000000000000000000000000000000000000000000000000000000000000000000000000000000000000000000000.
[2025/12/03 19:06:02] Peer 1005 sent the 'interested' message to Peer 1002.
[2025/12/03 19:06:02] Peer 1005 received the 'have' message from Peer 1003 for the piece 135.
[2025/12/03 19:06:02] Peer 1005 updated its view of Peer 1003's bitfield: ffffffffffffffffffffffffffffffffff00000000000000000000000000000000000000000000000000000000000000000000000000000000000000000000000000000000000000000000000000000000000000000000000000000000000000000000000000000000000000000000000000000000000000000000000000000000000000000000000000000000000000000000000000000000000000000000000000000000000000000000000000000000000000000000000000.
[2025/12/03 19:06:02] Peer 1005 sent the 'interested' message to Peer 1003.
[2025/12/03 19:06:02] Peer 1005 received the 'have' message from Peer 1002 for the piece 136.
[2025/12/03 19:06:02] Peer 1005 updated its view of Peer 1002's bitfield: ffffffffffffffffffffffffffffffffff80000000000000000000000000000000000000000000000000000000000000000000000000000000000000000000000000000000000000000000000000000000000000000000000000000000000000000000000000000000000000000000000000000000000000000000000000000000000000000000000000000000000000000000000000000000000000000000000000000000000000000000000000000000000000000000000000.
[2025/12/03 19:06:02] Peer 1005 received the 'have' message from Peer 1003 for the piece 136.
[2025/12/03 19:06:02] Peer 1005 updated its view of Peer 1003's bitfield: ffffffffffffffffffffffffffffffffff80000000000000000000000000000000000000000000000000000000000000000000000000000000000000000000000000000000000000000000000000000000000000000000000000000000000000000000000000000000000000000000000000000000000000000000000000000000000000000000000000000000000000000000000000000000000000000000000000000000000000000000000000000000000000000000000000.
[2025/12/03 19:06:02] Peer 1005 received the 'have' message from Peer 1004 for the piece 137.
[2025/12/03 19:06:02] Peer 1005 updated its view of Peer 1004's bitfield: ffffffffffffffffffffffffffffffffffc0000000000000000000000000000000000000000000000000000000000000000000000000000000000000000000000000000000000000000000000000000000000000000000000000000000000000000000000000000000000000000000000000000000000000000000000000000000000000000000000000000000000000000000000000000000000000000000000000000000000000000000000000000000000000000000000000.
[2025/12/03 19:06:02] Peer 1005 received the 'have' message from Peer 1006 for the piece 137.
[2025/12/03 19:06:02] Peer 1005 updated its view of Peer 1006's bitfield: ffffffffffffffffffffffffffffffffffc0000000000000000000000000000000000000000000000000000000000000000000000000000000000000000000000000000000000000000000000000000000000000000000000000000000000000000000000000000000000000000000000000000000000000000000000000000000000000000000000000000000000000000000000000000000000000000000000000000000000000000000000000000000000000000000000000.
[2025/12/03 19:06:02] Peer 1005 received the 'have' message from Peer 1002 for the piece 137.
[2025/12/03 19:06:02] Peer 1005 updated its view of Peer 1002's bitfield: ffffffffffffffffffffffffffffffffffc0000000000000000000000000000000000000000000000000000000000000000000000000000000000000000000000000000000000000000000000000000000000000000000000000000000000000000000000000000000000000000000000000000000000000000000000000000000000000000000000000000000000000000000000000000000000000000000000000000000000000000000000000000000000000000000000000.
[2025/12/03 19:06:02] Peer 1005 received the 'have' message from Peer 1004 for the piece 138.
[2025/12/03 19:06:02] Peer 1005 updated its view of Peer 1004's bitfield: ffffffffffffffffffffffffffffffffffe0000000000000000000000000000000000000000000000000000000000000000000000000000000000000000000000000000000000000000000000000000000000000000000000000000000000000000000000000000000000000000000000000000000000000000000000000000000000000000000000000000000000000000000000000000000000000000000000000000000000000000000000000000000000000000000000000.
[2025/12/03 19:06:02] Peer 1005 received the 'have' message from Peer 1006 for the piece 138.
[2025/12/03 19:06:02] Peer 1005 updated its view of Peer 1006's bitfield: ffffffffffffffffffffffffffffffffffe0000000000000000000000000000000000000000000000000000000000000000000000000000000000000000000000000000000000000000000000000000000000000000000000000000000000000000000000000000000000000000000000000000000000000000000000000000000000000000000000000000000000000000000000000000000000000000000000000000000000000000000000000000000000000000000000000.
[2025/12/03 19:06:02] Peer 1005 received the 'have' message from Peer 1003 for the piece 137.
[2025/12/03 19:06:02] Peer 1005 updated its view of Peer 1003's bitfield: ffffffffffffffffffffffffffffffffffc0000000000000000000000000000000000000000000000000000000000000000000000000000000000000000000000000000000000000000000000000000000000000000000000000000000000000000000000000000000000000000000000000000000000000000000000000000000000000000000000000000000000000000000000000000000000000000000000000000000000000000000000000000000000000000000000000.
[2025/12/03 19:06:02] Peer 1005 is unchoked by Peer 1004.
[2025/12/03 19:06:02] Peer 1005 sent 'request' for piece 135 to Peer 1004.
[2025/12/03 19:06:02] Peer 1005 has downloaded the piece 135 from Peer 1004. Now the number of pieces it has is 70.
[2025/12/03 19:06:02] Peer 1005 sent the 'have' message to Peer 1002 for the piece 135.
[2025/12/03 19:06:02] Peer 1005 sent the 'have' message to Peer 1003 for the piece 135.
[2025/12/03 19:06:02] Peer 1005 sent the 'have' message to Peer 1004 for the piece 135.
[2025/12/03 19:06:02] Peer 1005 sent the 'have' message to Peer 1006 for the piece 135.
[2025/12/03 19:06:02] Peer 1005 sent 'request' for piece 136 to Peer 1004.
[2025/12/03 19:06:02] Peer 1005 received the 'have' message from Peer 1003 for the piece 138.
[2025/12/03 19:06:02] Peer 1005 has downloaded the piece 136 from Peer 1004. Now the number of pieces it has is 71.
[2025/12/03 19:06:02] Peer 1005 updated its view of Peer 1003's bitfield: ffffffffffffffffffffffffffffffffffe0000000000000000000000000000000000000000000000000000000000000000000000000000000000000000000000000000000000000000000000000000000000000000000000000000000000000000000000000000000000000000000000000000000000000000000000000000000000000000000000000000000000000000000000000000000000000000000000000000000000000000000000000000000000000000000000000.
[2025/12/03 19:06:02] Peer 1005 sent the 'have' message to Peer 1002 for the piece 136.
[2025/12/03 19:06:02] Peer 1005 sent the 'have' message to Peer 1003 for the piece 136.
[2025/12/03 19:06:02] Peer 1005 sent the 'have' message to Peer 1004 for the piece 136.
[2025/12/03 19:06:02] Peer 1005 sent the 'have' message to Peer 1006 for the piece 136.
[2025/12/03 19:06:02] Peer 1005 sent 'request' for piece 137 to Peer 1004.
[2025/12/03 19:06:02] Peer 1005 received the 'have' message from Peer 1002 for the piece 138.
[2025/12/03 19:06:02] Peer 1005 updated its view of Peer 1002's bitfield: ffffffffffffffffffffffffffffffffffe0000000000000000000000000000000000000000000000000000000000000000000000000000000000000000000000000000000000000000000000000000000000000000000000000000000000000000000000000000000000000000000000000000000000000000000000000000000000000000000000000000000000000000000000000000000000000000000000000000000000000000000000000000000000000000000000000.
[2025/12/03 19:06:02] Peer 1005 has downloaded the piece 137 from Peer 1004. Now the number of pieces it has is 72.
[2025/12/03 19:06:02] Peer 1005 sent the 'have' message to Peer 1002 for the piece 137.
[2025/12/03 19:06:02] Peer 1005 sent the 'have' message to Peer 1003 for the piece 137.
[2025/12/03 19:06:02] Peer 1005 sent the 'have' message to Peer 1004 for the piece 137.
[2025/12/03 19:06:02] Peer 1005 sent the 'have' message to Peer 1006 for the piece 137.
[2025/12/03 19:06:02] Peer 1005 sent 'request' for piece 138 to Peer 1004.
[2025/12/03 19:06:02] Peer 1005 has downloaded the piece 138 from Peer 1004. Now the number of pieces it has is 73.
[2025/12/03 19:06:02] Peer 1005 sent the 'have' message to Peer 1002 for the piece 138.
[2025/12/03 19:06:02] Peer 1005 sent the 'have' message to Peer 1003 for the piece 138.
[2025/12/03 19:06:02] Peer 1005 sent the 'have' message to Peer 1004 for the piece 138.
[2025/12/03 19:06:02] Peer 1005 sent the 'have' message to Peer 1006 for the piece 138.
[2025/12/03 19:06:02] Peer 1005 sent the 'not interested' message to Peer 1004.
[2025/12/03 19:06:02] Peer 1005 received the 'have' message from Peer 1004 for the piece 139.
[2025/12/03 19:06:02] Peer 1005 updated its view of Peer 1004's bitfield: fffffffffffffffffffffffffffffffffff0000000000000000000000000000000000000000000000000000000000000000000000000000000000000000000000000000000000000000000000000000000000000000000000000000000000000000000000000000000000000000000000000000000000000000000000000000000000000000000000000000000000000000000000000000000000000000000000000000000000000000000000000000000000000000000000000.
[2025/12/03 19:06:02] Peer 1005 sent the 'interested' message to Peer 1004.
[2025/12/03 19:06:02] Peer 1005 sent 'request' for piece 139 to Peer 1004.
[2025/12/03 19:06:02] Peer 1005 has downloaded the piece 139 from Peer 1004. Now the number of pieces it has is 74.
[2025/12/03 19:06:02] Peer 1005 sent the 'have' message to Peer 1002 for the piece 139.
[2025/12/03 19:06:02] Peer 1005 sent the 'have' message to Peer 1003 for the piece 139.
[2025/12/03 19:06:02] Peer 1005 sent the 'have' message to Peer 1004 for the piece 139.
[2025/12/03 19:06:02] Peer 1005 sent the 'have' message to Peer 1006 for the piece 139.
[2025/12/03 19:06:02] Peer 1005 received the 'interested' message from Peer 1006.
[2025/12/03 19:06:02] Peer 1005 sent the 'not interested' message to Peer 1004.
[2025/12/03 19:06:02] Peer 1005 received the 'interested' message from Peer 1003.
[2025/12/03 19:06:02] Peer 1005 received the 'interested' message from Peer 1002.
[2025/12/03 19:06:02] Peer 1005 received the 'have' message from Peer 1004 for the piece 140.
[2025/12/03 19:06:02] Peer 1005 updated its view of Peer 1004's bitfield: fffffffffffffffffffffffffffffffffff8000000000000000000000000000000000000000000000000000000000000000000000000000000000000000000000000000000000000000000000000000000000000000000000000000000000000000000000000000000000000000000000000000000000000000000000000000000000000000000000000000000000000000000000000000000000000000000000000000000000000000000000000000000000000000000000000.
[2025/12/03 19:06:02] Peer 1005 sent the 'interested' message to Peer 1004.
[2025/12/03 19:06:02] Peer 1005 sent 'request' for piece 140 to Peer 1004.
[2025/12/03 19:06:02] Peer 1005 has downloaded the piece 140 from Peer 1004. Now the number of pieces it has is 75.
[2025/12/03 19:06:02] Peer 1005 sent the 'have' message to Peer 1002 for the piece 140.
[2025/12/03 19:06:02] Peer 1005 sent the 'have' message to Peer 1003 for the piece 140.
[2025/12/03 19:06:02] Peer 1005 sent the 'have' message to Peer 1004 for the piece 140.
[2025/12/03 19:06:02] Peer 1005 sent 'piece' message for piece 139 to Peer 1002.
[2025/12/03 19:06:02] Peer 1005 sent 'piece' message for piece 139 to Peer 1003.
[2025/12/03 19:06:02] Peer 1005 sent the 'have' message to Peer 1006 for the piece 140.
[2025/12/03 19:06:02] Peer 1005 received the 'have' message from Peer 1003 for the piece 139.
[2025/12/03 19:06:02] Peer 1005 sent the 'not interested' message to Peer 1004.
[2025/12/03 19:06:02] Peer 1005 updated its view of Peer 1003's bitfield: fffffffffffffffffffffffffffffffffff0000000000000000000000000000000000000000000000000000000000000000000000000000000000000000000000000000000000000000000000000000000000000000000000000000000000000000000000000000000000000000000000000000000000000000000000000000000000000000000000000000000000000000000000000000000000000000000000000000000000000000000000000000000000000000000000000.
[2025/12/03 19:06:02] Peer 1005 sent the 'not interested' message to Peer 1003.
[2025/12/03 19:06:02] Peer 1005 sent 'piece' message for piece 140 to Peer 1002.
[2025/12/03 19:06:02] Peer 1005 sent 'piece' message for piece 140 to Peer 1003.
[2025/12/03 19:06:02] Peer 1005 received the 'have' message from Peer 1002 for the piece 139.
[2025/12/03 19:06:02] Peer 1005 received the 'not interested' message from Peer 1003.
[2025/12/03 19:06:02] Peer 1005 updated its view of Peer 1002's bitfield: fffffffffffffffffffffffffffffffffff0000000000000000000000000000000000000000000000000000000000000000000000000000000000000000000000000000000000000000000000000000000000000000000000000000000000000000000000000000000000000000000000000000000000000000000000000000000000000000000000000000000000000000000000000000000000000000000000000000000000000000000000000000000000000000000000000.
[2025/12/03 19:06:02] Peer 1005 sent the 'not interested' message to Peer 1002.
[2025/12/03 19:06:02] Peer 1005 received the 'have' message from Peer 1004 for the piece 141.
[2025/12/03 19:06:02] Peer 1005 updated its view of Peer 1004's bitfield: fffffffffffffffffffffffffffffffffffc000000000000000000000000000000000000000000000000000000000000000000000000000000000000000000000000000000000000000000000000000000000000000000000000000000000000000000000000000000000000000000000000000000000000000000000000000000000000000000000000000000000000000000000000000000000000000000000000000000000000000000000000000000000000000000000000.
[2025/12/03 19:06:02] Peer 1005 sent the 'interested' message to Peer 1004.
[2025/12/03 19:06:02] Peer 1005 sent 'request' for piece 141 to Peer 1004.
[2025/12/03 19:06:02] Peer 1005 has downloaded the piece 141 from Peer 1004. Now the number of pieces it has is 76.
[2025/12/03 19:06:02] Peer 1005 sent the 'have' message to Peer 1002 for the piece 141.
[2025/12/03 19:06:02] Peer 1005 sent the 'have' message to Peer 1003 for the piece 141.
[2025/12/03 19:06:02] Peer 1005 sent the 'have' message to Peer 1004 for the piece 141.
[2025/12/03 19:06:02] Peer 1005 sent the 'have' message to Peer 1006 for the piece 141.
[2025/12/03 19:06:02] Peer 1005 sent the 'not interested' message to Peer 1004.
[2025/12/03 19:06:02] Peer 1005 received the 'have' message from Peer 1002 for the piece 140.
[2025/12/03 19:06:02] Peer 1005 received the 'have' message from Peer 1003 for the piece 140.
[2025/12/03 19:06:02] Peer 1005 updated its view of Peer 1002's bitfield: fffffffffffffffffffffffffffffffffff8000000000000000000000000000000000000000000000000000000000000000000000000000000000000000000000000000000000000000000000000000000000000000000000000000000000000000000000000000000000000000000000000000000000000000000000000000000000000000000000000000000000000000000000000000000000000000000000000000000000000000000000000000000000000000000000000.
[2025/12/03 19:06:02] Peer 1005 updated its view of Peer 1003's bitfield: fffffffffffffffffffffffffffffffffff8000000000000000000000000000000000000000000000000000000000000000000000000000000000000000000000000000000000000000000000000000000000000000000000000000000000000000000000000000000000000000000000000000000000000000000000000000000000000000000000000000000000000000000000000000000000000000000000000000000000000000000000000000000000000000000000000.
[2025/12/03 19:06:02] Peer 1005 received the 'not interested' message from Peer 1002.
[2025/12/03 19:06:02] Peer 1005 received the 'interested' message from Peer 1002.
[2025/12/03 19:06:02] Peer 1005 sent 'piece' message for piece 141 to Peer 1002.
[2025/12/03 19:06:02] Peer 1005 received the 'interested' message from Peer 1003.
[2025/12/03 19:06:02] Peer 1005 sent 'piece' message for piece 141 to Peer 1003.
[2025/12/03 19:06:02] Peer 1005 received the 'have' message from Peer 1004 for the piece 142.
[2025/12/03 19:06:02] Peer 1005 updated its view of Peer 1004's bitfield: fffffffffffffffffffffffffffffffffffe000000000000000000000000000000000000000000000000000000000000000000000000000000000000000000000000000000000000000000000000000000000000000000000000000000000000000000000000000000000000000000000000000000000000000000000000000000000000000000000000000000000000000000000000000000000000000000000000000000000000000000000000000000000000000000000000.
[2025/12/03 19:06:02] Peer 1005 sent the 'interested' message to Peer 1004.
[2025/12/03 19:06:02] Peer 1005 sent 'request' for piece 142 to Peer 1004.
[2025/12/03 19:06:02] Peer 1005 has downloaded the piece 142 from Peer 1004. Now the number of pieces it has is 77.
[2025/12/03 19:06:02] Peer 1005 sent the 'have' message to Peer 1002 for the piece 142.
[2025/12/03 19:06:02] Peer 1005 sent the 'have' message to Peer 1003 for the piece 142.
[2025/12/03 19:06:02] Peer 1005 sent the 'have' message to Peer 1004 for the piece 142.
[2025/12/03 19:06:02] Peer 1005 sent the 'have' message to Peer 1006 for the piece 142.
[2025/12/03 19:06:02] Peer 1005 sent the 'not interested' message to Peer 1004.
[2025/12/03 19:06:02] Peer 1005 received the 'not interested' message from Peer 1003.
[2025/12/03 19:06:02] Peer 1005 received the 'have' message from Peer 1002 for the piece 141.
[2025/12/03 19:06:02] Peer 1005 updated its view of Peer 1002's bitfield: fffffffffffffffffffffffffffffffffffc000000000000000000000000000000000000000000000000000000000000000000000000000000000000000000000000000000000000000000000000000000000000000000000000000000000000000000000000000000000000000000000000000000000000000000000000000000000000000000000000000000000000000000000000000000000000000000000000000000000000000000000000000000000000000000000000.
[2025/12/03 19:06:02] Peer 1005 received the 'have' message from Peer 1003 for the piece 141.
[2025/12/03 19:06:02] Peer 1005 updated its view of Peer 1003's bitfield: fffffffffffffffffffffffffffffffffffc000000000000000000000000000000000000000000000000000000000000000000000000000000000000000000000000000000000000000000000000000000000000000000000000000000000000000000000000000000000000000000000000000000000000000000000000000000000000000000000000000000000000000000000000000000000000000000000000000000000000000000000000000000000000000000000000.
[2025/12/03 19:06:02] Peer 1005 received the 'interested' message from Peer 1003.
[2025/12/03 19:06:02] Peer 1005 sent 'piece' message for piece 142 to Peer 1003.
[2025/12/03 19:06:02] Peer 1005 received the 'have' message from Peer 1004 for the piece 143.
[2025/12/03 19:06:02] Peer 1005 updated its view of Peer 1004's bitfield: ffffffffffffffffffffffffffffffffffff000000000000000000000000000000000000000000000000000000000000000000000000000000000000000000000000000000000000000000000000000000000000000000000000000000000000000000000000000000000000000000000000000000000000000000000000000000000000000000000000000000000000000000000000000000000000000000000000000000000000000000000000000000000000000000000000.
[2025/12/03 19:06:02] Peer 1005 sent the 'interested' message to Peer 1004.
[2025/12/03 19:06:02] Peer 1005 sent 'request' for piece 143 to Peer 1004.
[2025/12/03 19:06:02] Peer 1005 has downloaded the piece 143 from Peer 1004. Now the number of pieces it has is 78.
[2025/12/03 19:06:02] Peer 1005 sent the 'have' message to Peer 1002 for the piece 143.
[2025/12/03 19:06:02] Peer 1005 sent the 'have' message to Peer 1003 for the piece 143.
[2025/12/03 19:06:02] Peer 1005 sent the 'have' message to Peer 1004 for the piece 143.
[2025/12/03 19:06:02] Peer 1005 sent the 'have' message to Peer 1006 for the piece 143.
[2025/12/03 19:06:02] Peer 1005 sent the 'not interested' message to Peer 1004.
[2025/12/03 19:06:02] Peer 1005 received the 'not interested' message from Peer 1002.
[2025/12/03 19:06:02] Peer 1005 received the 'interested' message from Peer 1002.
[2025/12/03 19:06:02] Peer 1005 sent 'piece' message for piece 142 to Peer 1002.
[2025/12/03 19:06:02] Peer 1005 received the 'have' message from Peer 1003 for the piece 142.
[2025/12/03 19:06:02] Peer 1005 sent 'piece' message for piece 143 to Peer 1002.
[2025/12/03 19:06:02] Peer 1005 updated its view of Peer 1003's bitfield: fffffffffffffffffffffffffffffffffffe000000000000000000000000000000000000000000000000000000000000000000000000000000000000000000000000000000000000000000000000000000000000000000000000000000000000000000000000000000000000000000000000000000000000000000000000000000000000000000000000000000000000000000000000000000000000000000000000000000000000000000000000000000000000000000000000.
[2025/12/03 19:06:02] Peer 1005 received the 'have' message from Peer 1004 for the piece 144.
[2025/12/03 19:06:02] Peer 1005 updated its view of Peer 1004's bitfield: ffffffffffffffffffffffffffffffffffff800000000000000000000000000000000000000000000000000000000000000000000000000000000000000000000000000000000000000000000000000000000000000000000000000000000000000000000000000000000000000000000000000000000000000000000000000000000000000000000000000000000000000000000000000000000000000000000000000000000000000000000000000000000000000000000000.
[2025/12/03 19:06:02] Peer 1005 sent the 'interested' message to Peer 1004.
[2025/12/03 19:06:02] Peer 1005 sent 'request' for piece 144 to Peer 1004.
[2025/12/03 19:06:02] Peer 1005 received the 'have' message from Peer 1002 for the piece 142.
[2025/12/03 19:06:02] Peer 1005 updated its view of Peer 1002's bitfield: fffffffffffffffffffffffffffffffffffe000000000000000000000000000000000000000000000000000000000000000000000000000000000000000000000000000000000000000000000000000000000000000000000000000000000000000000000000000000000000000000000000000000000000000000000000000000000000000000000000000000000000000000000000000000000000000000000000000000000000000000000000000000000000000000000000.
[2025/12/03 19:06:02] Peer 1005 has downloaded the piece 144 from Peer 1004. Now the number of pieces it has is 79.
[2025/12/03 19:06:02] Peer 1005 sent the 'have' message to Peer 1002 for the piece 144.
[2025/12/03 19:06:02] Peer 1005 sent the 'have' message to Peer 1003 for the piece 144.
[2025/12/03 19:06:02] Peer 1005 received the 'have' message from Peer 1002 for the piece 143.
[2025/12/03 19:06:02] Peer 1005 received the 'not interested' message from Peer 1003.
[2025/12/03 19:06:02] Peer 1005 sent the 'have' message to Peer 1004 for the piece 144.
[2025/12/03 19:06:02] Peer 1005 updated its view of Peer 1002's bitfield: ffffffffffffffffffffffffffffffffffff000000000000000000000000000000000000000000000000000000000000000000000000000000000000000000000000000000000000000000000000000000000000000000000000000000000000000000000000000000000000000000000000000000000000000000000000000000000000000000000000000000000000000000000000000000000000000000000000000000000000000000000000000000000000000000000000.
[2025/12/03 19:06:02] Peer 1005 received the 'interested' message from Peer 1003.
[2025/12/03 19:06:02] Peer 1005 sent the 'have' message to Peer 1006 for the piece 144.
[2025/12/03 19:06:02] Peer 1005 received the 'not interested' message from Peer 1002.
[2025/12/03 19:06:02] Peer 1005 sent 'piece' message for piece 143 to Peer 1003.
[2025/12/03 19:06:02] Peer 1005 sent the 'not interested' message to Peer 1004.
[2025/12/03 19:06:02] Peer 1005 sent 'piece' message for piece 144 to Peer 1003.
[2025/12/03 19:06:02] Peer 1005 received the 'have' message from Peer 1003 for the piece 143.
[2025/12/03 19:06:02] Peer 1005 updated its view of Peer 1003's bitfield: ffffffffffffffffffffffffffffffffffff000000000000000000000000000000000000000000000000000000000000000000000000000000000000000000000000000000000000000000000000000000000000000000000000000000000000000000000000000000000000000000000000000000000000000000000000000000000000000000000000000000000000000000000000000000000000000000000000000000000000000000000000000000000000000000000000.
[2025/12/03 19:06:02] Peer 1005 received the 'have' message from Peer 1004 for the piece 145.
[2025/12/03 19:06:02] Peer 1005 received the 'interested' message from Peer 1002.
[2025/12/03 19:06:02] Peer 1005 updated its view of Peer 1004's bitfield: ffffffffffffffffffffffffffffffffffffc00000000000000000000000000000000000000000000000000000000000000000000000000000000000000000000000000000000000000000000000000000000000000000000000000000000000000000000000000000000000000000000000000000000000000000000000000000000000000000000000000000000000000000000000000000000000000000000000000000000000000000000000000000000000000000000000.
[2025/12/03 19:06:02] Peer 1005 sent 'piece' message for piece 144 to Peer 1002.
[2025/12/03 19:06:02] Peer 1005 sent the 'interested' message to Peer 1004.
[2025/12/03 19:06:02] Peer 1005 sent 'request' for piece 145 to Peer 1004.
[2025/12/03 19:06:02] Peer 1005 has downloaded the piece 145 from Peer 1004. Now the number of pieces it has is 80.
[2025/12/03 19:06:02] Peer 1005 sent the 'have' message to Peer 1002 for the piece 145.
[2025/12/03 19:06:02] Peer 1005 sent the 'have' message to Peer 1003 for the piece 145.
[2025/12/03 19:06:02] Peer 1005 sent the 'have' message to Peer 1004 for the piece 145.
[2025/12/03 19:06:02] Peer 1005 sent the 'have' message to Peer 1006 for the piece 145.
[2025/12/03 19:06:02] Peer 1005 sent the 'not interested' message to Peer 1004.
[2025/12/03 19:06:02] Peer 1005 received the 'have' message from Peer 1003 for the piece 144.
[2025/12/03 19:06:02] Peer 1005 updated its view of Peer 1003's bitfield: ffffffffffffffffffffffffffffffffffff800000000000000000000000000000000000000000000000000000000000000000000000000000000000000000000000000000000000000000000000000000000000000000000000000000000000000000000000000000000000000000000000000000000000000000000000000000000000000000000000000000000000000000000000000000000000000000000000000000000000000000000000000000000000000000000000.
[2025/12/03 19:06:02] Peer 1005 received the 'not interested' message from Peer 1003.
[2025/12/03 19:06:02] Peer 1005 received the 'have' message from Peer 1002 for the piece 144.
[2025/12/03 19:06:02] Peer 1005 updated its view of Peer 1002's bitfield: ffffffffffffffffffffffffffffffffffff800000000000000000000000000000000000000000000000000000000000000000000000000000000000000000000000000000000000000000000000000000000000000000000000000000000000000000000000000000000000000000000000000000000000000000000000000000000000000000000000000000000000000000000000000000000000000000000000000000000000000000000000000000000000000000000000.
[2025/12/03 19:06:02] Peer 1005 received the 'not interested' message from Peer 1002.
[2025/12/03 19:06:02] Peer 1005 received the 'interested' message from Peer 1002.
[2025/12/03 19:06:02] Peer 1005 sent 'piece' message for piece 145 to Peer 1002.
[2025/12/03 19:06:02] Peer 1005 received the 'have' message from Peer 1004 for the piece 146.
[2025/12/03 19:06:02] Peer 1005 updated its view of Peer 1004's bitfield: ffffffffffffffffffffffffffffffffffffe00000000000000000000000000000000000000000000000000000000000000000000000000000000000000000000000000000000000000000000000000000000000000000000000000000000000000000000000000000000000000000000000000000000000000000000000000000000000000000000000000000000000000000000000000000000000000000000000000000000000000000000000000000000000000000000000.
[2025/12/03 19:06:02] Peer 1005 received the 'have' message from Peer 1002 for the piece 145.
[2025/12/03 19:06:02] Peer 1005 sent the 'interested' message to Peer 1004.
[2025/12/03 19:06:02] Peer 1005 updated its view of Peer 1002's bitfield: ffffffffffffffffffffffffffffffffffffc00000000000000000000000000000000000000000000000000000000000000000000000000000000000000000000000000000000000000000000000000000000000000000000000000000000000000000000000000000000000000000000000000000000000000000000000000000000000000000000000000000000000000000000000000000000000000000000000000000000000000000000000000000000000000000000000.
[2025/12/03 19:06:02] Peer 1005 sent 'request' for piece 146 to Peer 1004.
[2025/12/03 19:06:02] Peer 1005 received the 'interested' message from Peer 1003.
[2025/12/03 19:06:02] Peer 1005 has downloaded the piece 146 from Peer 1004. Now the number of pieces it has is 81.
[2025/12/03 19:06:02] Peer 1005 sent 'piece' message for piece 145 to Peer 1003.
[2025/12/03 19:06:02] Peer 1005 sent the 'have' message to Peer 1002 for the piece 146.
[2025/12/03 19:06:02] Peer 1005 received the 'have' message from Peer 1003 for the piece 145.
[2025/12/03 19:06:02] Peer 1005 sent the 'have' message to Peer 1003 for the piece 146.
[2025/12/03 19:06:02] Peer 1005 updated its view of Peer 1003's bitfield: ffffffffffffffffffffffffffffffffffffc00000000000000000000000000000000000000000000000000000000000000000000000000000000000000000000000000000000000000000000000000000000000000000000000000000000000000000000000000000000000000000000000000000000000000000000000000000000000000000000000000000000000000000000000000000000000000000000000000000000000000000000000000000000000000000000000.
[2025/12/03 19:06:02] Peer 1005 received the 'not interested' message from Peer 1002.
[2025/12/03 19:06:02] Peer 1005 sent the 'have' message to Peer 1004 for the piece 146.
[2025/12/03 19:06:02] Peer 1005 sent the 'have' message to Peer 1006 for the piece 146.
[2025/12/03 19:06:02] Peer 1005 sent the 'not interested' message to Peer 1004.
[2025/12/03 19:06:02] Peer 1005 received the 'not interested' message from Peer 1003.
[2025/12/03 19:06:02] Peer 1005 received the 'interested' message from Peer 1002.
[2025/12/03 19:06:02] Peer 1005 sent 'piece' message for piece 146 to Peer 1002.
[2025/12/03 19:06:02] Peer 1005 received the 'interested' message from Peer 1003.
[2025/12/03 19:06:02] Peer 1005 sent 'piece' message for piece 146 to Peer 1003.
[2025/12/03 19:06:02] Peer 1005 received the 'have' message from Peer 1002 for the piece 146.
[2025/12/03 19:06:02] Peer 1005 received the 'have' message from Peer 1003 for the piece 146.
[2025/12/03 19:06:02] Peer 1005 updated its view of Peer 1002's bitfield: ffffffffffffffffffffffffffffffffffffe00000000000000000000000000000000000000000000000000000000000000000000000000000000000000000000000000000000000000000000000000000000000000000000000000000000000000000000000000000000000000000000000000000000000000000000000000000000000000000000000000000000000000000000000000000000000000000000000000000000000000000000000000000000000000000000000.
[2025/12/03 19:06:02] Peer 1005 updated its view of Peer 1003's bitfield: ffffffffffffffffffffffffffffffffffffe00000000000000000000000000000000000000000000000000000000000000000000000000000000000000000000000000000000000000000000000000000000000000000000000000000000000000000000000000000000000000000000000000000000000000000000000000000000000000000000000000000000000000000000000000000000000000000000000000000000000000000000000000000000000000000000000.
[2025/12/03 19:06:02] Peer 1005 received the 'have' message from Peer 1004 for the piece 147.
[2025/12/03 19:06:02] Peer 1005 updated its view of Peer 1004's bitfield: fffffffffffffffffffffffffffffffffffff00000000000000000000000000000000000000000000000000000000000000000000000000000000000000000000000000000000000000000000000000000000000000000000000000000000000000000000000000000000000000000000000000000000000000000000000000000000000000000000000000000000000000000000000000000000000000000000000000000000000000000000000000000000000000000000000.
[2025/12/03 19:06:02] Peer 1005 sent the 'interested' message to Peer 1004.
[2025/12/03 19:06:02] Peer 1005 sent 'request' for piece 147 to Peer 1004.
[2025/12/03 19:06:02] Peer 1005 has downloaded the piece 147 from Peer 1004. Now the number of pieces it has is 82.
[2025/12/03 19:06:02] Peer 1005 sent the 'have' message to Peer 1002 for the piece 147.
[2025/12/03 19:06:02] Peer 1005 sent the 'have' message to Peer 1003 for the piece 147.
[2025/12/03 19:06:02] Peer 1005 sent the 'have' message to Peer 1004 for the piece 147.
[2025/12/03 19:06:02] Peer 1005 sent the 'have' message to Peer 1006 for the piece 147.
[2025/12/03 19:06:02] Peer 1005 sent the 'not interested' message to Peer 1004.
[2025/12/03 19:06:02] Peer 1005 received the 'not interested' message from Peer 1002.
[2025/12/03 19:06:02] Peer 1005 received the 'not interested' message from Peer 1003.
[2025/12/03 19:06:02] Peer 1005 received the 'interested' message from Peer 1003.
[2025/12/03 19:06:02] Peer 1005 received the 'interested' message from Peer 1002.
[2025/12/03 19:06:02] Peer 1005 sent 'piece' message for piece 147 to Peer 1003.
[2025/12/03 19:06:02] Peer 1005 sent 'piece' message for piece 147 to Peer 1002.
[2025/12/03 19:06:02] Peer 1005 received the 'have' message from Peer 1004 for the piece 148.
[2025/12/03 19:06:02] Peer 1005 updated its view of Peer 1004's bitfield: fffffffffffffffffffffffffffffffffffff80000000000000000000000000000000000000000000000000000000000000000000000000000000000000000000000000000000000000000000000000000000000000000000000000000000000000000000000000000000000000000000000000000000000000000000000000000000000000000000000000000000000000000000000000000000000000000000000000000000000000000000000000000000000000000000000.
[2025/12/03 19:06:02] Peer 1005 sent the 'interested' message to Peer 1004.
[2025/12/03 19:06:02] Peer 1005 sent 'request' for piece 148 to Peer 1004.
[2025/12/03 19:06:02] Peer 1005 has downloaded the piece 148 from Peer 1004. Now the number of pieces it has is 83.
[2025/12/03 19:06:02] Peer 1005 sent the 'have' message to Peer 1002 for the piece 148.
[2025/12/03 19:06:02] Peer 1005 received the 'not interested' message from Peer 1003.
[2025/12/03 19:06:02] Peer 1005 received the 'have' message from Peer 1002 for the piece 147.
[2025/12/03 19:06:02] Peer 1005 sent the 'have' message to Peer 1003 for the piece 148.
[2025/12/03 19:06:02] Peer 1005 updated its view of Peer 1002's bitfield: fffffffffffffffffffffffffffffffffffff00000000000000000000000000000000000000000000000000000000000000000000000000000000000000000000000000000000000000000000000000000000000000000000000000000000000000000000000000000000000000000000000000000000000000000000000000000000000000000000000000000000000000000000000000000000000000000000000000000000000000000000000000000000000000000000000.
[2025/12/03 19:06:02] Peer 1005 sent the 'have' message to Peer 1004 for the piece 148.
[2025/12/03 19:06:02] Peer 1005 sent the 'have' message to Peer 1006 for the piece 148.
[2025/12/03 19:06:02] Peer 1005 received the 'have' message from Peer 1003 for the piece 147.
[2025/12/03 19:06:02] Peer 1005 sent the 'not interested' message to Peer 1004.
[2025/12/03 19:06:03] Peer 1005 updated its view of Peer 1003's bitfield: fffffffffffffffffffffffffffffffffffff00000000000000000000000000000000000000000000000000000000000000000000000000000000000000000000000000000000000000000000000000000000000000000000000000000000000000000000000000000000000000000000000000000000000000000000000000000000000000000000000000000000000000000000000000000000000000000000000000000000000000000000000000000000000000000000000.
[2025/12/03 19:06:03] Peer 1005 received the 'not interested' message from Peer 1002.
[2025/12/03 19:06:03] Peer 1005 received the 'interested' message from Peer 1002.
[2025/12/03 19:06:03] Peer 1005 sent 'piece' message for piece 148 to Peer 1002.
[2025/12/03 19:06:03] Peer 1005 received the 'interested' message from Peer 1003.
[2025/12/03 19:06:03] Peer 1005 sent 'piece' message for piece 148 to Peer 1003.
[2025/12/03 19:06:03] Peer 1005 received the 'have' message from Peer 1002 for the piece 148.
[2025/12/03 19:06:03] Peer 1005 received the 'have' message from Peer 1003 for the piece 148.
[2025/12/03 19:06:03] Peer 1005 updated its view of Peer 1002's bitfield: fffffffffffffffffffffffffffffffffffff80000000000000000000000000000000000000000000000000000000000000000000000000000000000000000000000000000000000000000000000000000000000000000000000000000000000000000000000000000000000000000000000000000000000000000000000000000000000000000000000000000000000000000000000000000000000000000000000000000000000000000000000000000000000000000000000.
[2025/12/03 19:06:03] Peer 1005 updated its view of Peer 1003's bitfield: fffffffffffffffffffffffffffffffffffff80000000000000000000000000000000000000000000000000000000000000000000000000000000000000000000000000000000000000000000000000000000000000000000000000000000000000000000000000000000000000000000000000000000000000000000000000000000000000000000000000000000000000000000000000000000000000000000000000000000000000000000000000000000000000000000000.
[2025/12/03 19:06:03] Peer 1005 received the 'have' message from Peer 1004 for the piece 149.
[2025/12/03 19:06:03] Peer 1005 updated its view of Peer 1004's bitfield: fffffffffffffffffffffffffffffffffffffc0000000000000000000000000000000000000000000000000000000000000000000000000000000000000000000000000000000000000000000000000000000000000000000000000000000000000000000000000000000000000000000000000000000000000000000000000000000000000000000000000000000000000000000000000000000000000000000000000000000000000000000000000000000000000000000000.
[2025/12/03 19:06:03] Peer 1005 sent the 'interested' message to Peer 1004.
[2025/12/03 19:06:03] Peer 1005 sent 'request' for piece 149 to Peer 1004.
[2025/12/03 19:06:03] Peer 1005 has downloaded the piece 149 from Peer 1004. Now the number of pieces it has is 84.
[2025/12/03 19:06:03] Peer 1005 sent the 'have' message to Peer 1002 for the piece 149.
[2025/12/03 19:06:03] Peer 1005 sent the 'have' message to Peer 1003 for the piece 149.
[2025/12/03 19:06:03] Peer 1005 sent the 'have' message to Peer 1004 for the piece 149.
[2025/12/03 19:06:03] Peer 1005 sent the 'have' message to Peer 1006 for the piece 149.
[2025/12/03 19:06:03] Peer 1005 received the 'not interested' message from Peer 1002.
[2025/12/03 19:06:03] Peer 1005 received the 'not interested' message from Peer 1003.
[2025/12/03 19:06:03] Peer 1005 sent the 'not interested' message to Peer 1004.
[2025/12/03 19:06:03] Peer 1005 received the 'interested' message from Peer 1003.
[2025/12/03 19:06:03] Peer 1005 received the 'interested' message from Peer 1002.
[2025/12/03 19:06:03] Peer 1005 sent 'piece' message for piece 149 to Peer 1002.
[2025/12/03 19:06:03] Peer 1005 sent 'piece' message for piece 149 to Peer 1003.
[2025/12/03 19:06:03] Peer 1005 received the 'have' message from Peer 1004 for the piece 150.
[2025/12/03 19:06:03] Peer 1005 updated its view of Peer 1004's bitfield: fffffffffffffffffffffffffffffffffffffe0000000000000000000000000000000000000000000000000000000000000000000000000000000000000000000000000000000000000000000000000000000000000000000000000000000000000000000000000000000000000000000000000000000000000000000000000000000000000000000000000000000000000000000000000000000000000000000000000000000000000000000000000000000000000000000000.
[2025/12/03 19:06:03] Peer 1005 sent the 'interested' message to Peer 1004.
[2025/12/03 19:06:03] Peer 1005 received the 'have' message from Peer 1003 for the piece 149.
[2025/12/03 19:06:03] Peer 1005 sent 'request' for piece 150 to Peer 1004.
[2025/12/03 19:06:03] Peer 1005 updated its view of Peer 1003's bitfield: fffffffffffffffffffffffffffffffffffffc0000000000000000000000000000000000000000000000000000000000000000000000000000000000000000000000000000000000000000000000000000000000000000000000000000000000000000000000000000000000000000000000000000000000000000000000000000000000000000000000000000000000000000000000000000000000000000000000000000000000000000000000000000000000000000000000.
[2025/12/03 19:06:03] Peer 1005 received the 'have' message from Peer 1002 for the piece 149.
[2025/12/03 19:06:03] Peer 1005 updated its view of Peer 1002's bitfield: fffffffffffffffffffffffffffffffffffffc0000000000000000000000000000000000000000000000000000000000000000000000000000000000000000000000000000000000000000000000000000000000000000000000000000000000000000000000000000000000000000000000000000000000000000000000000000000000000000000000000000000000000000000000000000000000000000000000000000000000000000000000000000000000000000000000.
[2025/12/03 19:06:03] Peer 1005 has downloaded the piece 150 from Peer 1004. Now the number of pieces it has is 85.
[2025/12/03 19:06:03] Peer 1005 sent the 'have' message to Peer 1002 for the piece 150.
[2025/12/03 19:06:03] Peer 1005 sent the 'have' message to Peer 1003 for the piece 150.
[2025/12/03 19:06:03] Peer 1005 sent the 'have' message to Peer 1004 for the piece 150.
[2025/12/03 19:06:03] Peer 1005 sent the 'have' message to Peer 1006 for the piece 150.
[2025/12/03 19:06:03] Peer 1005 sent the 'not interested' message to Peer 1004.
[2025/12/03 19:06:03] Peer 1005 received the 'not interested' message from Peer 1002.
[2025/12/03 19:06:03] Peer 1005 received the 'not interested' message from Peer 1003.
[2025/12/03 19:06:03] Peer 1005 received the 'have' message from Peer 1004 for the piece 151.
[2025/12/03 19:06:03] Peer 1005 updated its view of Peer 1004's bitfield: ffffffffffffffffffffffffffffffffffffff0000000000000000000000000000000000000000000000000000000000000000000000000000000000000000000000000000000000000000000000000000000000000000000000000000000000000000000000000000000000000000000000000000000000000000000000000000000000000000000000000000000000000000000000000000000000000000000000000000000000000000000000000000000000000000000000.
[2025/12/03 19:06:03] Peer 1005 sent the 'interested' message to Peer 1004.
[2025/12/03 19:06:03] Peer 1005 sent 'request' for piece 151 to Peer 1004.
[2025/12/03 19:06:03] Peer 1005 has downloaded the piece 151 from Peer 1004. Now the number of pieces it has is 86.
[2025/12/03 19:06:03] Peer 1005 sent the 'have' message to Peer 1002 for the piece 151.
[2025/12/03 19:06:03] Peer 1005 sent the 'have' message to Peer 1003 for the piece 151.
[2025/12/03 19:06:03] Peer 1005 sent the 'have' message to Peer 1004 for the piece 151.
[2025/12/03 19:06:03] Peer 1005 sent the 'have' message to Peer 1006 for the piece 151.
[2025/12/03 19:06:03] Peer 1005 sent the 'not interested' message to Peer 1004.
[2025/12/03 19:06:03] Peer 1005 received the 'interested' message from Peer 1002.
[2025/12/03 19:06:03] Peer 1005 received the 'interested' message from Peer 1003.
[2025/12/03 19:06:03] Peer 1005 sent 'piece' message for piece 150 to Peer 1002.
[2025/12/03 19:06:03] Peer 1005 sent 'piece' message for piece 150 to Peer 1003.
[2025/12/03 19:06:03] Peer 1005 sent 'piece' message for piece 151 to Peer 1002.
[2025/12/03 19:06:03] Peer 1005 received the 'have' message from Peer 1003 for the piece 150.
[2025/12/03 19:06:03] Peer 1005 updated its view of Peer 1003's bitfield: fffffffffffffffffffffffffffffffffffffe0000000000000000000000000000000000000000000000000000000000000000000000000000000000000000000000000000000000000000000000000000000000000000000000000000000000000000000000000000000000000000000000000000000000000000000000000000000000000000000000000000000000000000000000000000000000000000000000000000000000000000000000000000000000000000000000.
[2025/12/03 19:06:03] Peer 1005 sent 'piece' message for piece 151 to Peer 1003.
[2025/12/03 19:06:03] Peer 1005 received the 'have' message from Peer 1002 for the piece 150.
[2025/12/03 19:06:03] Peer 1005 received the 'have' message from Peer 1003 for the piece 151.
[2025/12/03 19:06:03] Peer 1005 updated its view of Peer 1002's bitfield: fffffffffffffffffffffffffffffffffffffe0000000000000000000000000000000000000000000000000000000000000000000000000000000000000000000000000000000000000000000000000000000000000000000000000000000000000000000000000000000000000000000000000000000000000000000000000000000000000000000000000000000000000000000000000000000000000000000000000000000000000000000000000000000000000000000000.
[2025/12/03 19:06:03] Peer 1005 updated its view of Peer 1003's bitfield: ffffffffffffffffffffffffffffffffffffff0000000000000000000000000000000000000000000000000000000000000000000000000000000000000000000000000000000000000000000000000000000000000000000000000000000000000000000000000000000000000000000000000000000000000000000000000000000000000000000000000000000000000000000000000000000000000000000000000000000000000000000000000000000000000000000000.
[2025/12/03 19:06:03] Peer 1005 received the 'not interested' message from Peer 1003.
[2025/12/03 19:06:03] Peer 1005 received the 'have' message from Peer 1004 for the piece 152.
[2025/12/03 19:06:03] Peer 1005 updated its view of Peer 1004's bitfield: ffffffffffffffffffffffffffffffffffffff8000000000000000000000000000000000000000000000000000000000000000000000000000000000000000000000000000000000000000000000000000000000000000000000000000000000000000000000000000000000000000000000000000000000000000000000000000000000000000000000000000000000000000000000000000000000000000000000000000000000000000000000000000000000000000000000.
[2025/12/03 19:06:03] Peer 1005 sent the 'interested' message to Peer 1004.
[2025/12/03 19:06:03] Peer 1005 sent 'request' for piece 152 to Peer 1004.
[2025/12/03 19:06:03] Peer 1005 has downloaded the piece 152 from Peer 1004. Now the number of pieces it has is 87.
[2025/12/03 19:06:03] Peer 1005 sent the 'have' message to Peer 1002 for the piece 152.
[2025/12/03 19:06:03] Peer 1005 sent the 'have' message to Peer 1003 for the piece 152.
[2025/12/03 19:06:03] Peer 1005 sent the 'have' message to Peer 1004 for the piece 152.
[2025/12/03 19:06:03] Peer 1005 sent the 'have' message to Peer 1006 for the piece 152.
[2025/12/03 19:06:03] Peer 1005 sent the 'not interested' message to Peer 1004.
[2025/12/03 19:06:03] Peer 1005 received the 'have' message from Peer 1002 for the piece 151.
[2025/12/03 19:06:03] Peer 1005 received the 'interested' message from Peer 1003.
[2025/12/03 19:06:03] Peer 1005 updated its view of Peer 1002's bitfield: ffffffffffffffffffffffffffffffffffffff0000000000000000000000000000000000000000000000000000000000000000000000000000000000000000000000000000000000000000000000000000000000000000000000000000000000000000000000000000000000000000000000000000000000000000000000000000000000000000000000000000000000000000000000000000000000000000000000000000000000000000000000000000000000000000000000.
[2025/12/03 19:06:03] Peer 1005 received the 'not interested' message from Peer 1002.
[2025/12/03 19:06:03] Peer 1005 received the 'have' message from Peer 1004 for the piece 153.
[2025/12/03 19:06:03] Peer 1005 updated its view of Peer 1004's bitfield: ffffffffffffffffffffffffffffffffffffffc000000000000000000000000000000000000000000000000000000000000000000000000000000000000000000000000000000000000000000000000000000000000000000000000000000000000000000000000000000000000000000000000000000000000000000000000000000000000000000000000000000000000000000000000000000000000000000000000000000000000000000000000000000000000000000000.
[2025/12/03 19:06:03] Peer 1005 sent the 'interested' message to Peer 1004.
[2025/12/03 19:06:03] Peer 1005 sent 'request' for piece 153 to Peer 1004.
[2025/12/03 19:06:03] Peer 1005 has downloaded the piece 153 from Peer 1004. Now the number of pieces it has is 88.
[2025/12/03 19:06:03] Peer 1005 sent the 'have' message to Peer 1002 for the piece 153.
[2025/12/03 19:06:03] Peer 1005 sent the 'have' message to Peer 1003 for the piece 153.
[2025/12/03 19:06:03] Peer 1005 sent the 'have' message to Peer 1004 for the piece 153.
[2025/12/03 19:06:03] Peer 1005 sent the 'have' message to Peer 1006 for the piece 153.
[2025/12/03 19:06:03] Peer 1005 sent the 'not interested' message to Peer 1004.
[2025/12/03 19:06:03] Peer 1005 received the 'interested' message from Peer 1002.
[2025/12/03 19:06:03] Peer 1005 sent 'piece' message for piece 152 to Peer 1003.
[2025/12/03 19:06:03] Peer 1005 sent 'piece' message for piece 152 to Peer 1002.
[2025/12/03 19:06:03] Peer 1005 sent 'piece' message for piece 153 to Peer 1003.
[2025/12/03 19:06:03] Peer 1005 received the 'have' message from Peer 1003 for the piece 152.
[2025/12/03 19:06:03] Peer 1005 updated its view of Peer 1003's bitfield: ffffffffffffffffffffffffffffffffffffff8000000000000000000000000000000000000000000000000000000000000000000000000000000000000000000000000000000000000000000000000000000000000000000000000000000000000000000000000000000000000000000000000000000000000000000000000000000000000000000000000000000000000000000000000000000000000000000000000000000000000000000000000000000000000000000000.
[2025/12/03 19:06:03] Peer 1005 received the 'have' message from Peer 1003 for the piece 153.
[2025/12/03 19:06:03] Peer 1005 updated its view of Peer 1003's bitfield: ffffffffffffffffffffffffffffffffffffffc000000000000000000000000000000000000000000000000000000000000000000000000000000000000000000000000000000000000000000000000000000000000000000000000000000000000000000000000000000000000000000000000000000000000000000000000000000000000000000000000000000000000000000000000000000000000000000000000000000000000000000000000000000000000000000000.
[2025/12/03 19:06:03] Peer 1005 received the 'have' message from Peer 1004 for the piece 154.
[2025/12/03 19:06:03] Peer 1005 updated its view of Peer 1004's bitfield: ffffffffffffffffffffffffffffffffffffffe000000000000000000000000000000000000000000000000000000000000000000000000000000000000000000000000000000000000000000000000000000000000000000000000000000000000000000000000000000000000000000000000000000000000000000000000000000000000000000000000000000000000000000000000000000000000000000000000000000000000000000000000000000000000000000000.
[2025/12/03 19:06:03] Peer 1005 sent the 'interested' message to Peer 1004.
[2025/12/03 19:06:03] Peer 1005 sent 'request' for piece 154 to Peer 1004.
[2025/12/03 19:06:03] Peer 1005 received the 'not interested' message from Peer 1003.
[2025/12/03 19:06:03] Peer 1005 sent 'piece' message for piece 153 to Peer 1002.
[2025/12/03 19:06:03] Peer 1005 has downloaded the piece 154 from Peer 1004. Now the number of pieces it has is 89.
[2025/12/03 19:06:03] Peer 1005 sent the 'have' message to Peer 1002 for the piece 154.
[2025/12/03 19:06:03] Peer 1005 sent the 'have' message to Peer 1003 for the piece 154.
[2025/12/03 19:06:03] Peer 1005 sent the 'have' message to Peer 1004 for the piece 154.
[2025/12/03 19:06:03] Peer 1005 sent the 'have' message to Peer 1006 for the piece 154.
[2025/12/03 19:06:03] Peer 1005 sent the 'not interested' message to Peer 1004.
[2025/12/03 19:06:03] Peer 1005 received the 'have' message from Peer 1002 for the piece 152.
[2025/12/03 19:06:03] Peer 1005 updated its view of Peer 1002's bitfield: ffffffffffffffffffffffffffffffffffffff8000000000000000000000000000000000000000000000000000000000000000000000000000000000000000000000000000000000000000000000000000000000000000000000000000000000000000000000000000000000000000000000000000000000000000000000000000000000000000000000000000000000000000000000000000000000000000000000000000000000000000000000000000000000000000000000.
[2025/12/03 19:06:03] Peer 1005 received the 'interested' message from Peer 1003.
[2025/12/03 19:06:03] Peer 1005 received the 'have' message from Peer 1004 for the piece 155.
[2025/12/03 19:06:03] Peer 1005 updated its view of Peer 1004's bitfield: fffffffffffffffffffffffffffffffffffffff000000000000000000000000000000000000000000000000000000000000000000000000000000000000000000000000000000000000000000000000000000000000000000000000000000000000000000000000000000000000000000000000000000000000000000000000000000000000000000000000000000000000000000000000000000000000000000000000000000000000000000000000000000000000000000000.
[2025/12/03 19:06:03] Peer 1005 sent the 'interested' message to Peer 1004.
[2025/12/03 19:06:03] Peer 1005 sent 'request' for piece 155 to Peer 1004.
[2025/12/03 19:06:03] Peer 1005 has downloaded the piece 155 from Peer 1004. Now the number of pieces it has is 90.
[2025/12/03 19:06:03] Peer 1005 sent the 'have' message to Peer 1002 for the piece 155.
[2025/12/03 19:06:03] Peer 1005 sent the 'have' message to Peer 1003 for the piece 155.
[2025/12/03 19:06:03] Peer 1005 sent the 'have' message to Peer 1004 for the piece 155.
[2025/12/03 19:06:03] Peer 1005 received the 'have' message from Peer 1002 for the piece 153.
[2025/12/03 19:06:03] Peer 1005 sent the 'have' message to Peer 1006 for the piece 155.
[2025/12/03 19:06:03] Peer 1005 sent 'piece' message for piece 154 to Peer 1003.
[2025/12/03 19:06:03] Peer 1005 updated its view of Peer 1002's bitfield: ffffffffffffffffffffffffffffffffffffffc000000000000000000000000000000000000000000000000000000000000000000000000000000000000000000000000000000000000000000000000000000000000000000000000000000000000000000000000000000000000000000000000000000000000000000000000000000000000000000000000000000000000000000000000000000000000000000000000000000000000000000000000000000000000000000000.
[2025/12/03 19:06:03] Peer 1005 sent the 'not interested' message to Peer 1004.
[2025/12/03 19:06:03] Peer 1005 received the 'have' message from Peer 1003 for the piece 154.
[2025/12/03 19:06:03] Peer 1005 received the 'not interested' message from Peer 1002.
[2025/12/03 19:06:03] Peer 1005 updated its view of Peer 1003's bitfield: ffffffffffffffffffffffffffffffffffffffe000000000000000000000000000000000000000000000000000000000000000000000000000000000000000000000000000000000000000000000000000000000000000000000000000000000000000000000000000000000000000000000000000000000000000000000000000000000000000000000000000000000000000000000000000000000000000000000000000000000000000000000000000000000000000000000.
[2025/12/03 19:06:03] Peer 1005 received the 'interested' message from Peer 1002.
[2025/12/03 19:06:03] Peer 1005 sent 'piece' message for piece 155 to Peer 1003.
[2025/12/03 19:06:03] Peer 1005 sent 'piece' message for piece 154 to Peer 1002.
[2025/12/03 19:06:03] Peer 1005 sent 'piece' message for piece 155 to Peer 1002.
[2025/12/03 19:06:03] Peer 1005 received the 'have' message from Peer 1003 for the piece 155.
[2025/12/03 19:06:03] Peer 1005 received the 'have' message from Peer 1002 for the piece 154.
[2025/12/03 19:06:03] Peer 1005 updated its view of Peer 1003's bitfield: fffffffffffffffffffffffffffffffffffffff000000000000000000000000000000000000000000000000000000000000000000000000000000000000000000000000000000000000000000000000000000000000000000000000000000000000000000000000000000000000000000000000000000000000000000000000000000000000000000000000000000000000000000000000000000000000000000000000000000000000000000000000000000000000000000000.
[2025/12/03 19:06:03] Peer 1005 updated its view of Peer 1002's bitfield: ffffffffffffffffffffffffffffffffffffffe000000000000000000000000000000000000000000000000000000000000000000000000000000000000000000000000000000000000000000000000000000000000000000000000000000000000000000000000000000000000000000000000000000000000000000000000000000000000000000000000000000000000000000000000000000000000000000000000000000000000000000000000000000000000000000000.
[2025/12/03 19:06:03] Peer 1005 received the 'have' message from Peer 1004 for the piece 156.
[2025/12/03 19:06:03] Peer 1005 updated its view of Peer 1004's bitfield: fffffffffffffffffffffffffffffffffffffff800000000000000000000000000000000000000000000000000000000000000000000000000000000000000000000000000000000000000000000000000000000000000000000000000000000000000000000000000000000000000000000000000000000000000000000000000000000000000000000000000000000000000000000000000000000000000000000000000000000000000000000000000000000000000000000.
[2025/12/03 19:06:03] Peer 1005 sent the 'interested' message to Peer 1004.
[2025/12/03 19:06:03] Peer 1005 sent 'request' for piece 156 to Peer 1004.
[2025/12/03 19:06:03] Peer 1005 has downloaded the piece 156 from Peer 1004. Now the number of pieces it has is 91.
[2025/12/03 19:06:03] Peer 1005 sent the 'have' message to Peer 1002 for the piece 156.
[2025/12/03 19:06:03] Peer 1005 sent the 'have' message to Peer 1003 for the piece 156.
[2025/12/03 19:06:03] Peer 1005 sent the 'have' message to Peer 1004 for the piece 156.
[2025/12/03 19:06:03] Peer 1005 sent the 'have' message to Peer 1006 for the piece 156.
[2025/12/03 19:06:03] Peer 1005 received the 'have' message from Peer 1002 for the piece 155.
[2025/12/03 19:06:03] Peer 1005 sent the 'not interested' message to Peer 1004.
[2025/12/03 19:06:03] Peer 1005 received the 'not interested' message from Peer 1003.
[2025/12/03 19:06:03] Peer 1005 updated its view of Peer 1002's bitfield: fffffffffffffffffffffffffffffffffffffff000000000000000000000000000000000000000000000000000000000000000000000000000000000000000000000000000000000000000000000000000000000000000000000000000000000000000000000000000000000000000000000000000000000000000000000000000000000000000000000000000000000000000000000000000000000000000000000000000000000000000000000000000000000000000000000.
[2025/12/03 19:06:03] Peer 1005 received the 'not interested' message from Peer 1002.
[2025/12/03 19:06:03] Peer 1005 received the 'have' message from Peer 1004 for the piece 157.
[2025/12/03 19:06:03] Peer 1005 updated its view of Peer 1004's bitfield: fffffffffffffffffffffffffffffffffffffffc00000000000000000000000000000000000000000000000000000000000000000000000000000000000000000000000000000000000000000000000000000000000000000000000000000000000000000000000000000000000000000000000000000000000000000000000000000000000000000000000000000000000000000000000000000000000000000000000000000000000000000000000000000000000000000000.
[2025/12/03 19:06:03] Peer 1005 sent the 'interested' message to Peer 1004.
[2025/12/03 19:06:03] Peer 1005 sent 'request' for piece 157 to Peer 1004.
[2025/12/03 19:06:03] Peer 1005 has downloaded the piece 157 from Peer 1004. Now the number of pieces it has is 92.
[2025/12/03 19:06:03] Peer 1005 sent the 'have' message to Peer 1002 for the piece 157.
[2025/12/03 19:06:03] Peer 1005 received the 'interested' message from Peer 1003.
[2025/12/03 19:06:03] Peer 1005 received the 'interested' message from Peer 1002.
[2025/12/03 19:06:03] Peer 1005 sent the 'have' message to Peer 1003 for the piece 157.
[2025/12/03 19:06:03] Peer 1005 sent 'piece' message for piece 156 to Peer 1003.
[2025/12/03 19:06:03] Peer 1005 sent 'piece' message for piece 156 to Peer 1002.
[2025/12/03 19:06:03] Peer 1005 sent the 'have' message to Peer 1004 for the piece 157.
[2025/12/03 19:06:03] Peer 1005 received the 'have' message from Peer 1003 for the piece 156.
[2025/12/03 19:06:03] Peer 1005 sent the 'have' message to Peer 1006 for the piece 157.
[2025/12/03 19:06:03] Peer 1005 updated its view of Peer 1003's bitfield: fffffffffffffffffffffffffffffffffffffff800000000000000000000000000000000000000000000000000000000000000000000000000000000000000000000000000000000000000000000000000000000000000000000000000000000000000000000000000000000000000000000000000000000000000000000000000000000000000000000000000000000000000000000000000000000000000000000000000000000000000000000000000000000000000000000.
[2025/12/03 19:06:03] Peer 1005 sent the 'not interested' message to Peer 1004.
[2025/12/03 19:06:03] Peer 1005 sent 'piece' message for piece 157 to Peer 1003.
[2025/12/03 19:06:03] Peer 1005 sent 'piece' message for piece 157 to Peer 1002.
[2025/12/03 19:06:03] Peer 1005 received the 'have' message from Peer 1002 for the piece 156.
[2025/12/03 19:06:03] Peer 1005 updated its view of Peer 1002's bitfield: fffffffffffffffffffffffffffffffffffffff800000000000000000000000000000000000000000000000000000000000000000000000000000000000000000000000000000000000000000000000000000000000000000000000000000000000000000000000000000000000000000000000000000000000000000000000000000000000000000000000000000000000000000000000000000000000000000000000000000000000000000000000000000000000000000000.
[2025/12/03 19:06:03] Peer 1005 received the 'have' message from Peer 1003 for the piece 157.
[2025/12/03 19:06:03] Peer 1005 updated its view of Peer 1003's bitfield: fffffffffffffffffffffffffffffffffffffffc00000000000000000000000000000000000000000000000000000000000000000000000000000000000000000000000000000000000000000000000000000000000000000000000000000000000000000000000000000000000000000000000000000000000000000000000000000000000000000000000000000000000000000000000000000000000000000000000000000000000000000000000000000000000000000000.
[2025/12/03 19:06:03] Peer 1005 received the 'have' message from Peer 1004 for the piece 158.
[2025/12/03 19:06:03] Peer 1005 updated its view of Peer 1004's bitfield: fffffffffffffffffffffffffffffffffffffffe00000000000000000000000000000000000000000000000000000000000000000000000000000000000000000000000000000000000000000000000000000000000000000000000000000000000000000000000000000000000000000000000000000000000000000000000000000000000000000000000000000000000000000000000000000000000000000000000000000000000000000000000000000000000000000000.
[2025/12/03 19:06:03] Peer 1005 sent the 'interested' message to Peer 1004.
[2025/12/03 19:06:03] Peer 1005 sent 'request' for piece 158 to Peer 1004.
[2025/12/03 19:06:03] Peer 1005 has downloaded the piece 158 from Peer 1004. Now the number of pieces it has is 93.
[2025/12/03 19:06:03] Peer 1005 sent the 'have' message to Peer 1002 for the piece 158.
[2025/12/03 19:06:03] Peer 1005 sent the 'have' message to Peer 1003 for the piece 158.
[2025/12/03 19:06:03] Peer 1005 sent the 'have' message to Peer 1004 for the piece 158.
[2025/12/03 19:06:03] Peer 1005 sent the 'have' message to Peer 1006 for the piece 158.
[2025/12/03 19:06:03] Peer 1005 sent the 'not interested' message to Peer 1004.
[2025/12/03 19:06:03] Peer 1005 received the 'have' message from Peer 1002 for the piece 157.
[2025/12/03 19:06:03] Peer 1005 received the 'not interested' message from Peer 1003.
[2025/12/03 19:06:03] Peer 1005 updated its view of Peer 1002's bitfield: fffffffffffffffffffffffffffffffffffffffc00000000000000000000000000000000000000000000000000000000000000000000000000000000000000000000000000000000000000000000000000000000000000000000000000000000000000000000000000000000000000000000000000000000000000000000000000000000000000000000000000000000000000000000000000000000000000000000000000000000000000000000000000000000000000000000.
[2025/12/03 19:06:03] Peer 1005 received the 'not interested' message from Peer 1002.
[2025/12/03 19:06:04] Peer 1005 received the 'have' message from Peer 1004 for the piece 159.
[2025/12/03 19:06:04] Peer 1005 updated its view of Peer 1004's bitfield: ffffffffffffffffffffffffffffffffffffffff00000000000000000000000000000000000000000000000000000000000000000000000000000000000000000000000000000000000000000000000000000000000000000000000000000000000000000000000000000000000000000000000000000000000000000000000000000000000000000000000000000000000000000000000000000000000000000000000000000000000000000000000000000000000000000000.
[2025/12/03 19:06:04] Peer 1005 sent the 'interested' message to Peer 1004.
[2025/12/03 19:06:04] Peer 1005 sent 'request' for piece 159 to Peer 1004.
[2025/12/03 19:06:04] Peer 1005 has downloaded the piece 159 from Peer 1004. Now the number of pieces it has is 94.
[2025/12/03 19:06:04] Peer 1005 sent the 'have' message to Peer 1002 for the piece 159.
[2025/12/03 19:06:04] Peer 1005 sent the 'have' message to Peer 1003 for the piece 159.
[2025/12/03 19:06:04] Peer 1005 sent the 'have' message to Peer 1004 for the piece 159.
[2025/12/03 19:06:04] Peer 1005 sent the 'have' message to Peer 1006 for the piece 159.
[2025/12/03 19:06:04] Peer 1005 sent the 'not interested' message to Peer 1004.
[2025/12/03 19:06:04] Peer 1005 received the 'interested' message from Peer 1002.
[2025/12/03 19:06:04] Peer 1005 received the 'interested' message from Peer 1003.
[2025/12/03 19:06:04] Peer 1005 sent 'piece' message for piece 158 to Peer 1002.
[2025/12/03 19:06:04] Peer 1005 sent 'piece' message for piece 158 to Peer 1003.
[2025/12/03 19:06:04] Peer 1005 received the 'have' message from Peer 1003 for the piece 158.
[2025/12/03 19:06:04] Peer 1005 updated its view of Peer 1003's bitfield: fffffffffffffffffffffffffffffffffffffffe00000000000000000000000000000000000000000000000000000000000000000000000000000000000000000000000000000000000000000000000000000000000000000000000000000000000000000000000000000000000000000000000000000000000000000000000000000000000000000000000000000000000000000000000000000000000000000000000000000000000000000000000000000000000000000000.
[2025/12/03 19:06:04] Peer 1005 sent 'piece' message for piece 159 to Peer 1002.
[2025/12/03 19:06:04] Peer 1005 sent 'piece' message for piece 159 to Peer 1003.
[2025/12/03 19:06:04] Peer 1005 received the 'have' message from Peer 1002 for the piece 158.
[2025/12/03 19:06:04] Peer 1005 updated its view of Peer 1002's bitfield: fffffffffffffffffffffffffffffffffffffffe00000000000000000000000000000000000000000000000000000000000000000000000000000000000000000000000000000000000000000000000000000000000000000000000000000000000000000000000000000000000000000000000000000000000000000000000000000000000000000000000000000000000000000000000000000000000000000000000000000000000000000000000000000000000000000000.
[2025/12/03 19:06:04] Peer 1005 received the 'have' message from Peer 1003 for the piece 159.
[2025/12/03 19:06:04] Peer 1005 updated its view of Peer 1003's bitfield: ffffffffffffffffffffffffffffffffffffffff00000000000000000000000000000000000000000000000000000000000000000000000000000000000000000000000000000000000000000000000000000000000000000000000000000000000000000000000000000000000000000000000000000000000000000000000000000000000000000000000000000000000000000000000000000000000000000000000000000000000000000000000000000000000000000000.
[2025/12/03 19:06:04] Peer 1005 received the 'have' message from Peer 1002 for the piece 159.
[2025/12/03 19:06:04] Peer 1005 updated its view of Peer 1002's bitfield: ffffffffffffffffffffffffffffffffffffffff00000000000000000000000000000000000000000000000000000000000000000000000000000000000000000000000000000000000000000000000000000000000000000000000000000000000000000000000000000000000000000000000000000000000000000000000000000000000000000000000000000000000000000000000000000000000000000000000000000000000000000000000000000000000000000000.
[2025/12/03 19:06:04] Peer 1005 received the 'have' message from Peer 1004 for the piece 160.
[2025/12/03 19:06:04] Peer 1005 received the 'not interested' message from Peer 1002.
[2025/12/03 19:06:04] Peer 1005 updated its view of Peer 1004's bitfield: ffffffffffffffffffffffffffffffffffffffff80000000000000000000000000000000000000000000000000000000000000000000000000000000000000000000000000000000000000000000000000000000000000000000000000000000000000000000000000000000000000000000000000000000000000000000000000000000000000000000000000000000000000000000000000000000000000000000000000000000000000000000000000000000000000000000.
[2025/12/03 19:06:04] Peer 1005 sent the 'interested' message to Peer 1004.
[2025/12/03 19:06:04] Peer 1005 sent 'request' for piece 160 to Peer 1004.
[2025/12/03 19:06:04] Peer 1005 has downloaded the piece 160 from Peer 1004. Now the number of pieces it has is 95.
[2025/12/03 19:06:04] Peer 1005 sent the 'have' message to Peer 1002 for the piece 160.
[2025/12/03 19:06:04] Peer 1005 sent the 'have' message to Peer 1003 for the piece 160.
[2025/12/03 19:06:04] Peer 1005 sent the 'have' message to Peer 1004 for the piece 160.
[2025/12/03 19:06:04] Peer 1005 sent the 'have' message to Peer 1006 for the piece 160.
[2025/12/03 19:06:04] Peer 1005 sent the 'not interested' message to Peer 1004.
[2025/12/03 19:06:04] Peer 1005 received the 'not interested' message from Peer 1003.
[2025/12/03 19:06:04] Peer 1005 received the 'interested' message from Peer 1002.
[2025/12/03 19:06:04] Peer 1005 received the 'have' message from Peer 1004 for the piece 161.
[2025/12/03 19:06:04] Peer 1005 updated its view of Peer 1004's bitfield: ffffffffffffffffffffffffffffffffffffffffc0000000000000000000000000000000000000000000000000000000000000000000000000000000000000000000000000000000000000000000000000000000000000000000000000000000000000000000000000000000000000000000000000000000000000000000000000000000000000000000000000000000000000000000000000000000000000000000000000000000000000000000000000000000000000000000.
[2025/12/03 19:06:04] Peer 1005 sent the 'interested' message to Peer 1004.
[2025/12/03 19:06:04] Peer 1005 sent 'request' for piece 161 to Peer 1004.
[2025/12/03 19:06:04] Peer 1005 has downloaded the piece 161 from Peer 1004. Now the number of pieces it has is 96.
[2025/12/03 19:06:04] Peer 1005 sent the 'have' message to Peer 1002 for the piece 161.
[2025/12/03 19:06:04] Peer 1005 sent the 'have' message to Peer 1003 for the piece 161.
[2025/12/03 19:06:04] Peer 1005 sent the 'have' message to Peer 1004 for the piece 161.
[2025/12/03 19:06:04] Peer 1005 sent the 'have' message to Peer 1006 for the piece 161.
[2025/12/03 19:06:04] Peer 1005 sent the 'not interested' message to Peer 1004.
[2025/12/03 19:06:04] Peer 1005 received the 'interested' message from Peer 1003.
[2025/12/03 19:06:04] Peer 1005 sent 'piece' message for piece 160 to Peer 1002.
[2025/12/03 19:06:04] Peer 1005 sent 'piece' message for piece 160 to Peer 1003.
[2025/12/03 19:06:04] Peer 1005 sent 'piece' message for piece 161 to Peer 1002.
[2025/12/03 19:06:04] Peer 1005 sent 'piece' message for piece 161 to Peer 1003.
[2025/12/03 19:06:04] Peer 1005 received the 'have' message from Peer 1002 for the piece 160.
[2025/12/03 19:06:04] Peer 1005 received the 'have' message from Peer 1003 for the piece 160.
[2025/12/03 19:06:04] Peer 1005 updated its view of Peer 1002's bitfield: ffffffffffffffffffffffffffffffffffffffff80000000000000000000000000000000000000000000000000000000000000000000000000000000000000000000000000000000000000000000000000000000000000000000000000000000000000000000000000000000000000000000000000000000000000000000000000000000000000000000000000000000000000000000000000000000000000000000000000000000000000000000000000000000000000000000.
[2025/12/03 19:06:04] Peer 1005 updated its view of Peer 1003's bitfield: ffffffffffffffffffffffffffffffffffffffff80000000000000000000000000000000000000000000000000000000000000000000000000000000000000000000000000000000000000000000000000000000000000000000000000000000000000000000000000000000000000000000000000000000000000000000000000000000000000000000000000000000000000000000000000000000000000000000000000000000000000000000000000000000000000000000.
[2025/12/03 19:06:04] Peer 1005 received the 'have' message from Peer 1002 for the piece 161.
[2025/12/03 19:06:04] Peer 1005 received the 'not interested' message from Peer 1003.
[2025/12/03 19:06:04] Peer 1005 updated its view of Peer 1002's bitfield: ffffffffffffffffffffffffffffffffffffffffc0000000000000000000000000000000000000000000000000000000000000000000000000000000000000000000000000000000000000000000000000000000000000000000000000000000000000000000000000000000000000000000000000000000000000000000000000000000000000000000000000000000000000000000000000000000000000000000000000000000000000000000000000000000000000000000.
[2025/12/03 19:06:04] Peer 1005 received the 'have' message from Peer 1003 for the piece 161.
[2025/12/03 19:06:04] Peer 1005 received the 'not interested' message from Peer 1002.
[2025/12/03 19:06:04] Peer 1005 updated its view of Peer 1003's bitfield: ffffffffffffffffffffffffffffffffffffffffc0000000000000000000000000000000000000000000000000000000000000000000000000000000000000000000000000000000000000000000000000000000000000000000000000000000000000000000000000000000000000000000000000000000000000000000000000000000000000000000000000000000000000000000000000000000000000000000000000000000000000000000000000000000000000000000.
[2025/12/03 19:06:04] Peer 1005 received the 'have' message from Peer 1004 for the piece 162.
[2025/12/03 19:06:04] Peer 1005 updated its view of Peer 1004's bitfield: ffffffffffffffffffffffffffffffffffffffffe0000000000000000000000000000000000000000000000000000000000000000000000000000000000000000000000000000000000000000000000000000000000000000000000000000000000000000000000000000000000000000000000000000000000000000000000000000000000000000000000000000000000000000000000000000000000000000000000000000000000000000000000000000000000000000000.
[2025/12/03 19:06:04] Peer 1005 sent the 'interested' message to Peer 1004.
[2025/12/03 19:06:04] Peer 1005 sent 'request' for piece 162 to Peer 1004.
[2025/12/03 19:06:04] Peer 1005 has downloaded the piece 162 from Peer 1004. Now the number of pieces it has is 97.
[2025/12/03 19:06:04] Peer 1005 sent the 'have' message to Peer 1002 for the piece 162.
[2025/12/03 19:06:04] Peer 1005 sent the 'have' message to Peer 1003 for the piece 162.
[2025/12/03 19:06:04] Peer 1005 sent the 'have' message to Peer 1004 for the piece 162.
[2025/12/03 19:06:04] Peer 1005 sent the 'have' message to Peer 1006 for the piece 162.
[2025/12/03 19:06:04] Peer 1005 sent the 'not interested' message to Peer 1004.
[2025/12/03 19:06:04] Peer 1005 received the 'interested' message from Peer 1002.
[2025/12/03 19:06:04] Peer 1005 received the 'interested' message from Peer 1003.
[2025/12/03 19:06:04] Peer 1005 sent 'piece' message for piece 162 to Peer 1003.
[2025/12/03 19:06:04] Peer 1005 sent 'piece' message for piece 162 to Peer 1002.
[2025/12/03 19:06:04] Peer 1005 received the 'have' message from Peer 1004 for the piece 163.
[2025/12/03 19:06:04] Peer 1005 received the 'have' message from Peer 1006 for the piece 139.
[2025/12/03 19:06:04] Peer 1005 updated its view of Peer 1004's bitfield: fffffffffffffffffffffffffffffffffffffffff0000000000000000000000000000000000000000000000000000000000000000000000000000000000000000000000000000000000000000000000000000000000000000000000000000000000000000000000000000000000000000000000000000000000000000000000000000000000000000000000000000000000000000000000000000000000000000000000000000000000000000000000000000000000000000000.
[2025/12/03 19:06:04] Peer 1005 updated its view of Peer 1006's bitfield: fffffffffffffffffffffffffffffffffff0000000000000000000000000000000000000000000000000000000000000000000000000000000000000000000000000000000000000000000000000000000000000000000000000000000000000000000000000000000000000000000000000000000000000000000000000000000000000000000000000000000000000000000000000000000000000000000000000000000000000000000000000000000000000000000000000.
[2025/12/03 19:06:04] Peer 1005 sent the 'interested' message to Peer 1004.
[2025/12/03 19:06:04] Peer 1005 sent the 'not interested' message to Peer 1006.
[2025/12/03 19:06:04] Peer 1005 sent 'request' for piece 163 to Peer 1004.
[2025/12/03 19:06:04] Peer 1005 has downloaded the piece 163 from Peer 1004. Now the number of pieces it has is 98.
[2025/12/03 19:06:04] Peer 1005 sent the 'have' message to Peer 1002 for the piece 163.
[2025/12/03 19:06:04] Peer 1005 sent the 'have' message to Peer 1003 for the piece 163.
[2025/12/03 19:06:04] Peer 1005 sent the 'have' message to Peer 1004 for the piece 163.
[2025/12/03 19:06:04] Peer 1005 sent the 'have' message to Peer 1006 for the piece 163.
[2025/12/03 19:06:04] Peer 1005 sent the 'not interested' message to Peer 1004.
[2025/12/03 19:06:04] Peer 1005 received the 'have' message from Peer 1003 for the piece 162.
[2025/12/03 19:06:04] Peer 1005 updated its view of Peer 1003's bitfield: ffffffffffffffffffffffffffffffffffffffffe0000000000000000000000000000000000000000000000000000000000000000000000000000000000000000000000000000000000000000000000000000000000000000000000000000000000000000000000000000000000000000000000000000000000000000000000000000000000000000000000000000000000000000000000000000000000000000000000000000000000000000000000000000000000000000000.
[2025/12/03 19:06:04] Peer 1005 received the 'not interested' message from Peer 1003.
[2025/12/03 19:06:04] Peer 1005 received the 'have' message from Peer 1002 for the piece 162.
[2025/12/03 19:06:04] Peer 1005 updated its view of Peer 1002's bitfield: ffffffffffffffffffffffffffffffffffffffffe0000000000000000000000000000000000000000000000000000000000000000000000000000000000000000000000000000000000000000000000000000000000000000000000000000000000000000000000000000000000000000000000000000000000000000000000000000000000000000000000000000000000000000000000000000000000000000000000000000000000000000000000000000000000000000000.
[2025/12/03 19:06:04] Peer 1005 received the 'have' message from Peer 1003 for the piece 163.
[2025/12/03 19:06:04] Peer 1005 updated its view of Peer 1003's bitfield: fffffffffffffffffffffffffffffffffffffffff0000000000000000000000000000000000000000000000000000000000000000000000000000000000000000000000000000000000000000000000000000000000000000000000000000000000000000000000000000000000000000000000000000000000000000000000000000000000000000000000000000000000000000000000000000000000000000000000000000000000000000000000000000000000000000000.
[2025/12/03 19:06:04] Peer 1005 received the 'have' message from Peer 1004 for the piece 164.
[2025/12/03 19:06:04] Peer 1005 updated its view of Peer 1004's bitfield: fffffffffffffffffffffffffffffffffffffffff8000000000000000000000000000000000000000000000000000000000000000000000000000000000000000000000000000000000000000000000000000000000000000000000000000000000000000000000000000000000000000000000000000000000000000000000000000000000000000000000000000000000000000000000000000000000000000000000000000000000000000000000000000000000000000000.
[2025/12/03 19:06:04] Peer 1005 sent the 'interested' message to Peer 1004.
[2025/12/03 19:06:04] Peer 1005 sent 'request' for piece 164 to Peer 1004.
[2025/12/03 19:06:04] Peer 1005 received the 'have' message from Peer 1006 for the piece 140.
[2025/12/03 19:06:04] Peer 1005 has downloaded the piece 164 from Peer 1004. Now the number of pieces it has is 99.
[2025/12/03 19:06:04] Peer 1005 updated its view of Peer 1006's bitfield: fffffffffffffffffffffffffffffffffff8000000000000000000000000000000000000000000000000000000000000000000000000000000000000000000000000000000000000000000000000000000000000000000000000000000000000000000000000000000000000000000000000000000000000000000000000000000000000000000000000000000000000000000000000000000000000000000000000000000000000000000000000000000000000000000000000.
[2025/12/03 19:06:04] Peer 1005 sent the 'have' message to Peer 1002 for the piece 164.
[2025/12/03 19:06:04] Peer 1005 sent the 'have' message to Peer 1003 for the piece 164.
[2025/12/03 19:06:04] Peer 1005 sent the 'have' message to Peer 1004 for the piece 164.
[2025/12/03 19:06:04] Peer 1005 sent the 'have' message to Peer 1006 for the piece 164.
[2025/12/03 19:06:04] Peer 1005 sent the 'not interested' message to Peer 1004.
[2025/12/03 19:06:04] Peer 1005 received the 'not interested' message from Peer 1002.
[2025/12/03 19:06:04] Peer 1005 received the 'interested' message from Peer 1002.
[2025/12/03 19:06:04] Peer 1005 received the 'interested' message from Peer 1003.
[2025/12/03 19:06:04] Peer 1005 sent 'piece' message for piece 163 to Peer 1002.
[2025/12/03 19:06:04] Peer 1005 sent 'piece' message for piece 164 to Peer 1002.
[2025/12/03 19:06:04] Peer 1005 received the 'have' message from Peer 1006 for the piece 141.
[2025/12/03 19:06:04] Peer 1005 updated its view of Peer 1006's bitfield: fffffffffffffffffffffffffffffffffffc000000000000000000000000000000000000000000000000000000000000000000000000000000000000000000000000000000000000000000000000000000000000000000000000000000000000000000000000000000000000000000000000000000000000000000000000000000000000000000000000000000000000000000000000000000000000000000000000000000000000000000000000000000000000000000000000.
[2025/12/03 19:06:04] Peer 1005 received the 'have' message from Peer 1002 for the piece 163.
[2025/12/03 19:06:04] Peer 1005 updated its view of Peer 1002's bitfield: fffffffffffffffffffffffffffffffffffffffff0000000000000000000000000000000000000000000000000000000000000000000000000000000000000000000000000000000000000000000000000000000000000000000000000000000000000000000000000000000000000000000000000000000000000000000000000000000000000000000000000000000000000000000000000000000000000000000000000000000000000000000000000000000000000000000.
[2025/12/03 19:06:04] Peer 1005 received the 'have' message from Peer 1006 for the piece 142.
[2025/12/03 19:06:04] Peer 1005 updated its view of Peer 1006's bitfield: fffffffffffffffffffffffffffffffffffe000000000000000000000000000000000000000000000000000000000000000000000000000000000000000000000000000000000000000000000000000000000000000000000000000000000000000000000000000000000000000000000000000000000000000000000000000000000000000000000000000000000000000000000000000000000000000000000000000000000000000000000000000000000000000000000000.
[2025/12/03 19:06:04] Peer 1005 sent 'piece' message for piece 164 to Peer 1003.
[2025/12/03 19:06:04] Peer 1005 received the 'have' message from Peer 1004 for the piece 165.
[2025/12/03 19:06:04] Peer 1005 updated its view of Peer 1004's bitfield: fffffffffffffffffffffffffffffffffffffffffc000000000000000000000000000000000000000000000000000000000000000000000000000000000000000000000000000000000000000000000000000000000000000000000000000000000000000000000000000000000000000000000000000000000000000000000000000000000000000000000000000000000000000000000000000000000000000000000000000000000000000000000000000000000000000000.
[2025/12/03 19:06:04] Peer 1005 sent the 'interested' message to Peer 1004.
[2025/12/03 19:06:04] Peer 1005 sent 'request' for piece 165 to Peer 1004.
[2025/12/03 19:06:04] Peer 1005 has downloaded the piece 165 from Peer 1004. Now the number of pieces it has is 100.
[2025/12/03 19:06:04] Peer 1005 received the 'have' message from Peer 1003 for the piece 164.
[2025/12/03 19:06:04] Peer 1005 sent the 'have' message to Peer 1002 for the piece 165.
[2025/12/03 19:06:04] Peer 1005 updated its view of Peer 1003's bitfield: fffffffffffffffffffffffffffffffffffffffff8000000000000000000000000000000000000000000000000000000000000000000000000000000000000000000000000000000000000000000000000000000000000000000000000000000000000000000000000000000000000000000000000000000000000000000000000000000000000000000000000000000000000000000000000000000000000000000000000000000000000000000000000000000000000000000.
[2025/12/03 19:06:04] Peer 1005 sent the 'have' message to Peer 1003 for the piece 165.
[2025/12/03 19:06:04] Peer 1005 sent the 'have' message to Peer 1004 for the piece 165.
[2025/12/03 19:06:04] Peer 1005 sent the 'have' message to Peer 1006 for the piece 165.
[2025/12/03 19:06:04] Peer 1005 received the 'have' message from Peer 1002 for the piece 164.
[2025/12/03 19:06:04] Peer 1005 received the 'not interested' message from Peer 1003.
[2025/12/03 19:06:04] Peer 1005 sent the 'not interested' message to Peer 1004.
[2025/12/03 19:06:04] Peer 1005 updated its view of Peer 1002's bitfield: fffffffffffffffffffffffffffffffffffffffff8000000000000000000000000000000000000000000000000000000000000000000000000000000000000000000000000000000000000000000000000000000000000000000000000000000000000000000000000000000000000000000000000000000000000000000000000000000000000000000000000000000000000000000000000000000000000000000000000000000000000000000000000000000000000000000.
[2025/12/03 19:06:04] Peer 1005 received the 'not interested' message from Peer 1002.
[2025/12/03 19:06:04] Peer 1005 received the 'have' message from Peer 1006 for the piece 143.
[2025/12/03 19:06:04] Peer 1005 updated its view of Peer 1006's bitfield: ffffffffffffffffffffffffffffffffffff000000000000000000000000000000000000000000000000000000000000000000000000000000000000000000000000000000000000000000000000000000000000000000000000000000000000000000000000000000000000000000000000000000000000000000000000000000000000000000000000000000000000000000000000000000000000000000000000000000000000000000000000000000000000000000000000.
[2025/12/03 19:06:04] Peer 1005 received the 'interested' message from Peer 1002.
[2025/12/03 19:06:04] Peer 1005 received the 'have' message from Peer 1003 for the piece 165.
[2025/12/03 19:06:04] Peer 1005 sent 'piece' message for piece 165 to Peer 1002.
[2025/12/03 19:06:04] Peer 1005 updated its view of Peer 1003's bitfield: fffffffffffffffffffffffffffffffffffffffffc000000000000000000000000000000000000000000000000000000000000000000000000000000000000000000000000000000000000000000000000000000000000000000000000000000000000000000000000000000000000000000000000000000000000000000000000000000000000000000000000000000000000000000000000000000000000000000000000000000000000000000000000000000000000000000.
[2025/12/03 19:06:04] Peer 1005 received the 'have' message from Peer 1002 for the piece 165.
[2025/12/03 19:06:04] Peer 1005 received the 'have' message from Peer 1004 for the piece 166.
[2025/12/03 19:06:04] Peer 1005 updated its view of Peer 1002's bitfield: fffffffffffffffffffffffffffffffffffffffffc000000000000000000000000000000000000000000000000000000000000000000000000000000000000000000000000000000000000000000000000000000000000000000000000000000000000000000000000000000000000000000000000000000000000000000000000000000000000000000000000000000000000000000000000000000000000000000000000000000000000000000000000000000000000000000.
[2025/12/03 19:06:04] Peer 1005 updated its view of Peer 1004's bitfield: fffffffffffffffffffffffffffffffffffffffffe000000000000000000000000000000000000000000000000000000000000000000000000000000000000000000000000000000000000000000000000000000000000000000000000000000000000000000000000000000000000000000000000000000000000000000000000000000000000000000000000000000000000000000000000000000000000000000000000000000000000000000000000000000000000000000.
[2025/12/03 19:06:04] Peer 1005 sent the 'interested' message to Peer 1004.
[2025/12/03 19:06:04] Peer 1005 sent 'request' for piece 166 to Peer 1004.
[2025/12/03 19:06:04] Peer 1005 received the 'have' message from Peer 1006 for the piece 144.
[2025/12/03 19:06:04] Peer 1005 updated its view of Peer 1006's bitfield: ffffffffffffffffffffffffffffffffffff800000000000000000000000000000000000000000000000000000000000000000000000000000000000000000000000000000000000000000000000000000000000000000000000000000000000000000000000000000000000000000000000000000000000000000000000000000000000000000000000000000000000000000000000000000000000000000000000000000000000000000000000000000000000000000000000.
[2025/12/03 19:06:04] Peer 1005 has downloaded the piece 166 from Peer 1004. Now the number of pieces it has is 101.
[2025/12/03 19:06:04] Peer 1005 sent the 'have' message to Peer 1002 for the piece 166.
[2025/12/03 19:06:04] Peer 1005 sent the 'have' message to Peer 1003 for the piece 166.
[2025/12/03 19:06:04] Peer 1005 sent the 'have' message to Peer 1004 for the piece 166.
[2025/12/03 19:06:04] Peer 1005 sent the 'have' message to Peer 1006 for the piece 166.
[2025/12/03 19:06:04] Peer 1005 sent the 'not interested' message to Peer 1004.
[2025/12/03 19:06:04] Peer 1005 received the 'not interested' message from Peer 1002.
[2025/12/03 19:06:04] Peer 1005 received the 'interested' message from Peer 1003.
[2025/12/03 19:06:04] Peer 1005 received the 'have' message from Peer 1006 for the piece 145.
[2025/12/03 19:06:04] Peer 1005 updated its view of Peer 1006's bitfield: ffffffffffffffffffffffffffffffffffffc00000000000000000000000000000000000000000000000000000000000000000000000000000000000000000000000000000000000000000000000000000000000000000000000000000000000000000000000000000000000000000000000000000000000000000000000000000000000000000000000000000000000000000000000000000000000000000000000000000000000000000000000000000000000000000000000.
[2025/12/03 19:06:04] Peer 1005 received the 'have' message from Peer 1004 for the piece 167.
[2025/12/03 19:06:04] Peer 1005 updated its view of Peer 1004's bitfield: ffffffffffffffffffffffffffffffffffffffffff000000000000000000000000000000000000000000000000000000000000000000000000000000000000000000000000000000000000000000000000000000000000000000000000000000000000000000000000000000000000000000000000000000000000000000000000000000000000000000000000000000000000000000000000000000000000000000000000000000000000000000000000000000000000000000.
[2025/12/03 19:06:04] Peer 1005 sent the 'interested' message to Peer 1004.
[2025/12/03 19:06:04] Peer 1005 sent 'request' for piece 167 to Peer 1004.
[2025/12/03 19:06:04] Peer 1005 received the 'have' message from Peer 1006 for the piece 146.
[2025/12/03 19:06:04] Peer 1005 has downloaded the piece 167 from Peer 1004. Now the number of pieces it has is 102.
[2025/12/03 19:06:04] Peer 1005 updated its view of Peer 1006's bitfield: ffffffffffffffffffffffffffffffffffffe00000000000000000000000000000000000000000000000000000000000000000000000000000000000000000000000000000000000000000000000000000000000000000000000000000000000000000000000000000000000000000000000000000000000000000000000000000000000000000000000000000000000000000000000000000000000000000000000000000000000000000000000000000000000000000000000.
[2025/12/03 19:06:04] Peer 1005 sent the 'have' message to Peer 1002 for the piece 167.
[2025/12/03 19:06:04] Peer 1005 sent the 'have' message to Peer 1003 for the piece 167.
[2025/12/03 19:06:04] Peer 1005 sent the 'have' message to Peer 1004 for the piece 167.
[2025/12/03 19:06:04] Peer 1005 sent the 'have' message to Peer 1006 for the piece 167.
[2025/12/03 19:06:04] Peer 1005 sent the 'not interested' message to Peer 1004.
[2025/12/03 19:06:04] Peer 1005 received the 'interested' message from Peer 1002.
[2025/12/03 19:06:04] Peer 1005 sent 'piece' message for piece 166 to Peer 1003.
[2025/12/03 19:06:04] Peer 1005 sent 'piece' message for piece 166 to Peer 1002.
[2025/12/03 19:06:04] Peer 1005 received the 'have' message from Peer 1003 for the piece 166.
[2025/12/03 19:06:04] Peer 1005 updated its view of Peer 1003's bitfield: fffffffffffffffffffffffffffffffffffffffffe000000000000000000000000000000000000000000000000000000000000000000000000000000000000000000000000000000000000000000000000000000000000000000000000000000000000000000000000000000000000000000000000000000000000000000000000000000000000000000000000000000000000000000000000000000000000000000000000000000000000000000000000000000000000000000.
[2025/12/03 19:06:04] Peer 1005 received the 'have' message from Peer 1006 for the piece 147.
[2025/12/03 19:06:04] Peer 1005 updated its view of Peer 1006's bitfield: fffffffffffffffffffffffffffffffffffff00000000000000000000000000000000000000000000000000000000000000000000000000000000000000000000000000000000000000000000000000000000000000000000000000000000000000000000000000000000000000000000000000000000000000000000000000000000000000000000000000000000000000000000000000000000000000000000000000000000000000000000000000000000000000000000000.
[2025/12/03 19:06:04] Peer 1005 received the 'have' message from Peer 1004 for the piece 168.
[2025/12/03 19:06:04] Peer 1005 updated its view of Peer 1004's bitfield: ffffffffffffffffffffffffffffffffffffffffff800000000000000000000000000000000000000000000000000000000000000000000000000000000000000000000000000000000000000000000000000000000000000000000000000000000000000000000000000000000000000000000000000000000000000000000000000000000000000000000000000000000000000000000000000000000000000000000000000000000000000000000000000000000000000000.
[2025/12/03 19:06:04] Peer 1005 sent the 'interested' message to Peer 1004.
[2025/12/03 19:06:04] Peer 1005 sent 'request' for piece 168 to Peer 1004.
[2025/12/03 19:06:04] Peer 1005 has downloaded the piece 168 from Peer 1004. Now the number of pieces it has is 103.
[2025/12/03 19:06:04] Peer 1005 sent the 'have' message to Peer 1002 for the piece 168.
[2025/12/03 19:06:04] Peer 1005 received the 'have' message from Peer 1006 for the piece 148.
[2025/12/03 19:06:04] Peer 1005 sent the 'have' message to Peer 1003 for the piece 168.
[2025/12/03 19:06:04] Peer 1005 updated its view of Peer 1006's bitfield: fffffffffffffffffffffffffffffffffffff80000000000000000000000000000000000000000000000000000000000000000000000000000000000000000000000000000000000000000000000000000000000000000000000000000000000000000000000000000000000000000000000000000000000000000000000000000000000000000000000000000000000000000000000000000000000000000000000000000000000000000000000000000000000000000000000.
[2025/12/03 19:06:04] Peer 1005 sent the 'have' message to Peer 1004 for the piece 168.
[2025/12/03 19:06:04] Peer 1005 sent the 'have' message to Peer 1006 for the piece 168.
[2025/12/03 19:06:04] Peer 1005 sent the 'not interested' message to Peer 1004.
[2025/12/03 19:06:04] Peer 1005 sent 'piece' message for piece 167 to Peer 1003.
[2025/12/03 19:06:04] Peer 1005 sent 'piece' message for piece 167 to Peer 1002.
[2025/12/03 19:06:04] Peer 1005 received the 'have' message from Peer 1002 for the piece 166.
[2025/12/03 19:06:04] Peer 1005 updated its view of Peer 1002's bitfield: fffffffffffffffffffffffffffffffffffffffffe000000000000000000000000000000000000000000000000000000000000000000000000000000000000000000000000000000000000000000000000000000000000000000000000000000000000000000000000000000000000000000000000000000000000000000000000000000000000000000000000000000000000000000000000000000000000000000000000000000000000000000000000000000000000000000.
[2025/12/03 19:06:04] Peer 1005 received the 'have' message from Peer 1006 for the piece 149.
[2025/12/03 19:06:04] Peer 1005 updated its view of Peer 1006's bitfield: fffffffffffffffffffffffffffffffffffffc0000000000000000000000000000000000000000000000000000000000000000000000000000000000000000000000000000000000000000000000000000000000000000000000000000000000000000000000000000000000000000000000000000000000000000000000000000000000000000000000000000000000000000000000000000000000000000000000000000000000000000000000000000000000000000000000.
[2025/12/03 19:06:04] Peer 1005 sent 'piece' message for piece 168 to Peer 1002.
[2025/12/03 19:06:04] Peer 1005 sent 'piece' message for piece 168 to Peer 1003.
[2025/12/03 19:06:04] Peer 1005 received the 'have' message from Peer 1002 for the piece 167.
[2025/12/03 19:06:04] Peer 1005 received the 'have' message from Peer 1003 for the piece 167.
[2025/12/03 19:06:04] Peer 1005 updated its view of Peer 1002's bitfield: ffffffffffffffffffffffffffffffffffffffffff000000000000000000000000000000000000000000000000000000000000000000000000000000000000000000000000000000000000000000000000000000000000000000000000000000000000000000000000000000000000000000000000000000000000000000000000000000000000000000000000000000000000000000000000000000000000000000000000000000000000000000000000000000000000000000.
[2025/12/03 19:06:04] Peer 1005 updated its view of Peer 1003's bitfield: ffffffffffffffffffffffffffffffffffffffffff000000000000000000000000000000000000000000000000000000000000000000000000000000000000000000000000000000000000000000000000000000000000000000000000000000000000000000000000000000000000000000000000000000000000000000000000000000000000000000000000000000000000000000000000000000000000000000000000000000000000000000000000000000000000000000.
[2025/12/03 19:06:04] Peer 1005 unchokes Peer 1006.
[2025/12/03 19:06:04] Peer 1005 has the optimistically unchoked neighbor 1006.
[2025/12/03 19:06:04] Peer 1005 received the 'have' message from Peer 1004 for the piece 169.
[2025/12/03 19:06:04] Peer 1005 sent 'piece' message for piece 150 to Peer 1006.
[2025/12/03 19:06:04] Peer 1005 updated its view of Peer 1004's bitfield: ffffffffffffffffffffffffffffffffffffffffffc00000000000000000000000000000000000000000000000000000000000000000000000000000000000000000000000000000000000000000000000000000000000000000000000000000000000000000000000000000000000000000000000000000000000000000000000000000000000000000000000000000000000000000000000000000000000000000000000000000000000000000000000000000000000000000.
[2025/12/03 19:06:04] Peer 1005 sent the 'interested' message to Peer 1004.
[2025/12/03 19:06:04] Peer 1005 sent 'request' for piece 169 to Peer 1004.
[2025/12/03 19:06:04] Peer 1005 sent 'piece' message for piece 151 to Peer 1006.
[2025/12/03 19:06:04] Peer 1005 received the 'have' message from Peer 1006 for the piece 150.
[2025/12/03 19:06:04] Peer 1005 updated its view of Peer 1006's bitfield: fffffffffffffffffffffffffffffffffffffe0000000000000000000000000000000000000000000000000000000000000000000000000000000000000000000000000000000000000000000000000000000000000000000000000000000000000000000000000000000000000000000000000000000000000000000000000000000000000000000000000000000000000000000000000000000000000000000000000000000000000000000000000000000000000000000000.
[2025/12/03 19:06:04] Peer 1005 chokes Peer 1002.
[2025/12/03 19:06:04] Peer 1005 has the preferred neighbors [1003, 1006].
[2025/12/03 19:06:04] Peer 1005 received the 'have' message from Peer 1002 for the piece 168.
[2025/12/03 19:06:04] Peer 1005 updated its view of Peer 1002's bitfield: ffffffffffffffffffffffffffffffffffffffffff800000000000000000000000000000000000000000000000000000000000000000000000000000000000000000000000000000000000000000000000000000000000000000000000000000000000000000000000000000000000000000000000000000000000000000000000000000000000000000000000000000000000000000000000000000000000000000000000000000000000000000000000000000000000000000.
[2025/12/03 19:06:04] Peer 1005 has downloaded the piece 169 from Peer 1004. Now the number of pieces it has is 104.
[2025/12/03 19:06:04] Peer 1005 received the 'not interested' message from Peer 1002.
[2025/12/03 19:06:04] Peer 1005 sent the 'have' message to Peer 1002 for the piece 169.
[2025/12/03 19:06:04] Peer 1005 received the 'have' message from Peer 1006 for the piece 151.
[2025/12/03 19:06:04] Peer 1005 sent the 'have' message to Peer 1003 for the piece 169.
[2025/12/03 19:06:04] Peer 1005 updated its view of Peer 1006's bitfield: ffffffffffffffffffffffffffffffffffffff0000000000000000000000000000000000000000000000000000000000000000000000000000000000000000000000000000000000000000000000000000000000000000000000000000000000000000000000000000000000000000000000000000000000000000000000000000000000000000000000000000000000000000000000000000000000000000000000000000000000000000000000000000000000000000000000.
[2025/12/03 19:06:04] Peer 1005 sent the 'have' message to Peer 1004 for the piece 169.
[2025/12/03 19:06:04] Peer 1005 sent 'piece' message for piece 152 to Peer 1006.
[2025/12/03 19:06:04] Peer 1005 sent the 'have' message to Peer 1006 for the piece 169.
[2025/12/03 19:06:04] Peer 1005 received the 'not interested' message from Peer 1003.
[2025/12/03 19:06:04] Peer 1005 received the 'interested' message from Peer 1002.
[2025/12/03 19:06:04] Peer 1005 sent the 'not interested' message to Peer 1004.
[2025/12/03 19:06:04] Peer 1005 sent 'piece' message for piece 153 to Peer 1006.
[2025/12/03 19:06:04] Peer 1005 received the 'have' message from Peer 1003 for the piece 168.
[2025/12/03 19:06:04] Peer 1005 received the 'have' message from Peer 1006 for the piece 152.
[2025/12/03 19:06:04] Peer 1005 updated its view of Peer 1003's bitfield: ffffffffffffffffffffffffffffffffffffffffff800000000000000000000000000000000000000000000000000000000000000000000000000000000000000000000000000000000000000000000000000000000000000000000000000000000000000000000000000000000000000000000000000000000000000000000000000000000000000000000000000000000000000000000000000000000000000000000000000000000000000000000000000000000000000000.
[2025/12/03 19:06:04] Peer 1005 updated its view of Peer 1006's bitfield: ffffffffffffffffffffffffffffffffffffff8000000000000000000000000000000000000000000000000000000000000000000000000000000000000000000000000000000000000000000000000000000000000000000000000000000000000000000000000000000000000000000000000000000000000000000000000000000000000000000000000000000000000000000000000000000000000000000000000000000000000000000000000000000000000000000000.
[2025/12/03 19:06:04] Peer 1005 sent 'piece' message for piece 154 to Peer 1006.
[2025/12/03 19:06:04] Peer 1005 received the 'have' message from Peer 1006 for the piece 153.
[2025/12/03 19:06:04] Peer 1005 updated its view of Peer 1006's bitfield: ffffffffffffffffffffffffffffffffffffffc000000000000000000000000000000000000000000000000000000000000000000000000000000000000000000000000000000000000000000000000000000000000000000000000000000000000000000000000000000000000000000000000000000000000000000000000000000000000000000000000000000000000000000000000000000000000000000000000000000000000000000000000000000000000000000000.
[2025/12/03 19:06:04] Peer 1005 sent 'piece' message for piece 155 to Peer 1006.
[2025/12/03 19:06:04] Peer 1005 received the 'have' message from Peer 1006 for the piece 154.
[2025/12/03 19:06:04] Peer 1005 received the 'have' message from Peer 1004 for the piece 170.
[2025/12/03 19:06:04] Peer 1005 updated its view of Peer 1004's bitfield: ffffffffffffffffffffffffffffffffffffffffffe00000000000000000000000000000000000000000000000000000000000000000000000000000000000000000000000000000000000000000000000000000000000000000000000000000000000000000000000000000000000000000000000000000000000000000000000000000000000000000000000000000000000000000000000000000000000000000000000000000000000000000000000000000000000000000.
[2025/12/03 19:06:04] Peer 1005 updated its view of Peer 1006's bitfield: ffffffffffffffffffffffffffffffffffffffe000000000000000000000000000000000000000000000000000000000000000000000000000000000000000000000000000000000000000000000000000000000000000000000000000000000000000000000000000000000000000000000000000000000000000000000000000000000000000000000000000000000000000000000000000000000000000000000000000000000000000000000000000000000000000000000.
[2025/12/03 19:06:04] Peer 1005 sent the 'interested' message to Peer 1004.
[2025/12/03 19:06:04] Peer 1005 sent 'piece' message for piece 156 to Peer 1006.
[2025/12/03 19:06:04] Peer 1005 sent 'request' for piece 170 to Peer 1004.
[2025/12/03 19:06:04] Peer 1005 received the 'have' message from Peer 1006 for the piece 155.
[2025/12/03 19:06:04] Peer 1005 has downloaded the piece 170 from Peer 1004. Now the number of pieces it has is 105.
[2025/12/03 19:06:04] Peer 1005 updated its view of Peer 1006's bitfield: fffffffffffffffffffffffffffffffffffffff000000000000000000000000000000000000000000000000000000000000000000000000000000000000000000000000000000000000000000000000000000000000000000000000000000000000000000000000000000000000000000000000000000000000000000000000000000000000000000000000000000000000000000000000000000000000000000000000000000000000000000000000000000000000000000000.
[2025/12/03 19:06:04] Peer 1005 sent the 'have' message to Peer 1002 for the piece 170.
[2025/12/03 19:06:04] Peer 1005 sent 'piece' message for piece 157 to Peer 1006.
[2025/12/03 19:06:04] Peer 1005 sent the 'have' message to Peer 1003 for the piece 170.
[2025/12/03 19:06:04] Peer 1005 sent the 'have' message to Peer 1004 for the piece 170.
[2025/12/03 19:06:04] Peer 1005 sent the 'have' message to Peer 1006 for the piece 170.
[2025/12/03 19:06:04] Peer 1005 received the 'have' message from Peer 1006 for the piece 156.
[2025/12/03 19:06:04] Peer 1005 sent the 'not interested' message to Peer 1004.
[2025/12/03 19:06:04] Peer 1005 updated its view of Peer 1006's bitfield: fffffffffffffffffffffffffffffffffffffff800000000000000000000000000000000000000000000000000000000000000000000000000000000000000000000000000000000000000000000000000000000000000000000000000000000000000000000000000000000000000000000000000000000000000000000000000000000000000000000000000000000000000000000000000000000000000000000000000000000000000000000000000000000000000000000.
[2025/12/03 19:06:04] Peer 1005 sent 'piece' message for piece 158 to Peer 1006.
[2025/12/03 19:06:04] Peer 1005 received the 'have' message from Peer 1006 for the piece 157.
[2025/12/03 19:06:04] Peer 1005 updated its view of Peer 1006's bitfield: fffffffffffffffffffffffffffffffffffffffc00000000000000000000000000000000000000000000000000000000000000000000000000000000000000000000000000000000000000000000000000000000000000000000000000000000000000000000000000000000000000000000000000000000000000000000000000000000000000000000000000000000000000000000000000000000000000000000000000000000000000000000000000000000000000000000.
[2025/12/03 19:06:04] Peer 1005 sent 'piece' message for piece 159 to Peer 1006.
[2025/12/03 19:06:04] Peer 1005 sent 'piece' message for piece 160 to Peer 1006.
[2025/12/03 19:06:04] Peer 1005 received the 'have' message from Peer 1006 for the piece 158.
[2025/12/03 19:06:04] Peer 1005 updated its view of Peer 1006's bitfield: fffffffffffffffffffffffffffffffffffffffe00000000000000000000000000000000000000000000000000000000000000000000000000000000000000000000000000000000000000000000000000000000000000000000000000000000000000000000000000000000000000000000000000000000000000000000000000000000000000000000000000000000000000000000000000000000000000000000000000000000000000000000000000000000000000000000.
[2025/12/03 19:06:04] Peer 1005 sent 'piece' message for piece 161 to Peer 1006.
[2025/12/03 19:06:04] Peer 1005 received the 'interested' message from Peer 1003.
[2025/12/03 19:06:04] Peer 1005 sent 'piece' message for piece 169 to Peer 1003.
[2025/12/03 19:06:04] Peer 1005 received the 'have' message from Peer 1006 for the piece 159.
[2025/12/03 19:06:04] Peer 1005 received the 'have' message from Peer 1003 for the piece 169.
[2025/12/03 19:06:04] Peer 1005 updated its view of Peer 1006's bitfield: ffffffffffffffffffffffffffffffffffffffff00000000000000000000000000000000000000000000000000000000000000000000000000000000000000000000000000000000000000000000000000000000000000000000000000000000000000000000000000000000000000000000000000000000000000000000000000000000000000000000000000000000000000000000000000000000000000000000000000000000000000000000000000000000000000000000.
[2025/12/03 19:06:04] Peer 1005 received the 'have' message from Peer 1004 for the piece 171.
[2025/12/03 19:06:04] Peer 1005 updated its view of Peer 1003's bitfield: ffffffffffffffffffffffffffffffffffffffffffc00000000000000000000000000000000000000000000000000000000000000000000000000000000000000000000000000000000000000000000000000000000000000000000000000000000000000000000000000000000000000000000000000000000000000000000000000000000000000000000000000000000000000000000000000000000000000000000000000000000000000000000000000000000000000000.
[2025/12/03 19:06:04] Peer 1005 updated its view of Peer 1004's bitfield: fffffffffffffffffffffffffffffffffffffffffff00000000000000000000000000000000000000000000000000000000000000000000000000000000000000000000000000000000000000000000000000000000000000000000000000000000000000000000000000000000000000000000000000000000000000000000000000000000000000000000000000000000000000000000000000000000000000000000000000000000000000000000000000000000000000000.
[2025/12/03 19:06:04] Peer 1005 sent 'piece' message for piece 162 to Peer 1006.
[2025/12/03 19:06:04] Peer 1005 sent the 'interested' message to Peer 1004.
[2025/12/03 19:06:04] Peer 1005 sent 'request' for piece 171 to Peer 1004.
[2025/12/03 19:06:04] Peer 1005 received the 'have' message from Peer 1006 for the piece 160.
[2025/12/03 19:06:04] Peer 1005 updated its view of Peer 1006's bitfield: ffffffffffffffffffffffffffffffffffffffff80000000000000000000000000000000000000000000000000000000000000000000000000000000000000000000000000000000000000000000000000000000000000000000000000000000000000000000000000000000000000000000000000000000000000000000000000000000000000000000000000000000000000000000000000000000000000000000000000000000000000000000000000000000000000000000.
[2025/12/03 19:06:04] Peer 1005 has downloaded the piece 171 from Peer 1004. Now the number of pieces it has is 106.
[2025/12/03 19:06:04] Peer 1005 sent 'piece' message for piece 163 to Peer 1006.
[2025/12/03 19:06:04] Peer 1005 sent the 'have' message to Peer 1002 for the piece 171.
[2025/12/03 19:06:04] Peer 1005 sent the 'have' message to Peer 1003 for the piece 171.
[2025/12/03 19:06:04] Peer 1005 sent the 'have' message to Peer 1004 for the piece 171.
[2025/12/03 19:06:04] Peer 1005 sent the 'have' message to Peer 1006 for the piece 171.
[2025/12/03 19:06:04] Peer 1005 received the 'have' message from Peer 1006 for the piece 161.
[2025/12/03 19:06:04] Peer 1005 sent the 'not interested' message to Peer 1004.
[2025/12/03 19:06:04] Peer 1005 updated its view of Peer 1006's bitfield: ffffffffffffffffffffffffffffffffffffffffc0000000000000000000000000000000000000000000000000000000000000000000000000000000000000000000000000000000000000000000000000000000000000000000000000000000000000000000000000000000000000000000000000000000000000000000000000000000000000000000000000000000000000000000000000000000000000000000000000000000000000000000000000000000000000000000.
[2025/12/03 19:06:04] Peer 1005 sent 'piece' message for piece 164 to Peer 1006.
[2025/12/03 19:06:04] Peer 1005 received the 'have' message from Peer 1006 for the piece 162.
[2025/12/03 19:06:04] Peer 1005 updated its view of Peer 1006's bitfield: ffffffffffffffffffffffffffffffffffffffffe0000000000000000000000000000000000000000000000000000000000000000000000000000000000000000000000000000000000000000000000000000000000000000000000000000000000000000000000000000000000000000000000000000000000000000000000000000000000000000000000000000000000000000000000000000000000000000000000000000000000000000000000000000000000000000000.
[2025/12/03 19:06:04] Peer 1005 sent 'piece' message for piece 165 to Peer 1006.
[2025/12/03 19:06:04] Peer 1005 received the 'have' message from Peer 1006 for the piece 163.
[2025/12/03 19:06:04] Peer 1005 updated its view of Peer 1006's bitfield: fffffffffffffffffffffffffffffffffffffffff0000000000000000000000000000000000000000000000000000000000000000000000000000000000000000000000000000000000000000000000000000000000000000000000000000000000000000000000000000000000000000000000000000000000000000000000000000000000000000000000000000000000000000000000000000000000000000000000000000000000000000000000000000000000000000000.
[2025/12/03 19:06:04] Peer 1005 sent 'piece' message for piece 170 to Peer 1003.
[2025/12/03 19:06:04] Peer 1005 sent 'piece' message for piece 166 to Peer 1006.
[2025/12/03 19:06:04] Peer 1005 sent 'piece' message for piece 167 to Peer 1006.
[2025/12/03 19:06:04] Peer 1005 received the 'have' message from Peer 1006 for the piece 164.
[2025/12/03 19:06:04] Peer 1005 updated its view of Peer 1006's bitfield: fffffffffffffffffffffffffffffffffffffffff8000000000000000000000000000000000000000000000000000000000000000000000000000000000000000000000000000000000000000000000000000000000000000000000000000000000000000000000000000000000000000000000000000000000000000000000000000000000000000000000000000000000000000000000000000000000000000000000000000000000000000000000000000000000000000000.
[2025/12/03 19:06:04] Peer 1005 sent 'piece' message for piece 168 to Peer 1006.
[2025/12/03 19:06:04] Peer 1005 received the 'have' message from Peer 1003 for the piece 170.
[2025/12/03 19:06:05] Peer 1005 updated its view of Peer 1003's bitfield: ffffffffffffffffffffffffffffffffffffffffffe00000000000000000000000000000000000000000000000000000000000000000000000000000000000000000000000000000000000000000000000000000000000000000000000000000000000000000000000000000000000000000000000000000000000000000000000000000000000000000000000000000000000000000000000000000000000000000000000000000000000000000000000000000000000000000.
[2025/12/03 19:06:05] Peer 1005 received the 'have' message from Peer 1006 for the piece 165.
[2025/12/03 19:06:05] Peer 1005 updated its view of Peer 1006's bitfield: fffffffffffffffffffffffffffffffffffffffffc000000000000000000000000000000000000000000000000000000000000000000000000000000000000000000000000000000000000000000000000000000000000000000000000000000000000000000000000000000000000000000000000000000000000000000000000000000000000000000000000000000000000000000000000000000000000000000000000000000000000000000000000000000000000000000.
[2025/12/03 19:06:05] Peer 1005 sent 'piece' message for piece 169 to Peer 1006.
[2025/12/03 19:06:05] Peer 1005 received the 'have' message from Peer 1006 for the piece 166.
[2025/12/03 19:06:05] Peer 1005 updated its view of Peer 1006's bitfield: fffffffffffffffffffffffffffffffffffffffffe000000000000000000000000000000000000000000000000000000000000000000000000000000000000000000000000000000000000000000000000000000000000000000000000000000000000000000000000000000000000000000000000000000000000000000000000000000000000000000000000000000000000000000000000000000000000000000000000000000000000000000000000000000000000000000.
[2025/12/03 19:06:05] Peer 1005 sent 'piece' message for piece 170 to Peer 1006.
[2025/12/03 19:06:05] Peer 1005 sent 'piece' message for piece 171 to Peer 1003.
[2025/12/03 19:06:05] Peer 1005 received the 'have' message from Peer 1006 for the piece 167.
[2025/12/03 19:06:05] Peer 1005 updated its view of Peer 1006's bitfield: ffffffffffffffffffffffffffffffffffffffffff000000000000000000000000000000000000000000000000000000000000000000000000000000000000000000000000000000000000000000000000000000000000000000000000000000000000000000000000000000000000000000000000000000000000000000000000000000000000000000000000000000000000000000000000000000000000000000000000000000000000000000000000000000000000000000.
[2025/12/03 19:06:05] Peer 1005 received the 'have' message from Peer 1003 for the piece 171.
[2025/12/03 19:06:05] Peer 1005 sent 'piece' message for piece 171 to Peer 1006.
[2025/12/03 19:06:05] Peer 1005 updated its view of Peer 1003's bitfield: fffffffffffffffffffffffffffffffffffffffffff00000000000000000000000000000000000000000000000000000000000000000000000000000000000000000000000000000000000000000000000000000000000000000000000000000000000000000000000000000000000000000000000000000000000000000000000000000000000000000000000000000000000000000000000000000000000000000000000000000000000000000000000000000000000000000.
[2025/12/03 19:06:05] Peer 1005 received the 'have' message from Peer 1004 for the piece 172.
[2025/12/03 19:06:05] Peer 1005 updated its view of Peer 1004's bitfield: fffffffffffffffffffffffffffffffffffffffffff80000000000000000000000000000000000000000000000000000000000000000000000000000000000000000000000000000000000000000000000000000000000000000000000000000000000000000000000000000000000000000000000000000000000000000000000000000000000000000000000000000000000000000000000000000000000000000000000000000000000000000000000000000000000000000.
[2025/12/03 19:06:05] Peer 1005 received the 'have' message from Peer 1006 for the piece 168.
[2025/12/03 19:06:05] Peer 1005 sent the 'interested' message to Peer 1004.
[2025/12/03 19:06:05] Peer 1005 updated its view of Peer 1006's bitfield: ffffffffffffffffffffffffffffffffffffffffff800000000000000000000000000000000000000000000000000000000000000000000000000000000000000000000000000000000000000000000000000000000000000000000000000000000000000000000000000000000000000000000000000000000000000000000000000000000000000000000000000000000000000000000000000000000000000000000000000000000000000000000000000000000000000000.
[2025/12/03 19:06:05] Peer 1005 sent 'request' for piece 172 to Peer 1004.
[2025/12/03 19:06:05] Peer 1005 received the 'have' message from Peer 1006 for the piece 169.
[2025/12/03 19:06:05] Peer 1005 updated its view of Peer 1006's bitfield: ffffffffffffffffffffffffffffffffffffffffffc00000000000000000000000000000000000000000000000000000000000000000000000000000000000000000000000000000000000000000000000000000000000000000000000000000000000000000000000000000000000000000000000000000000000000000000000000000000000000000000000000000000000000000000000000000000000000000000000000000000000000000000000000000000000000000.
[2025/12/03 19:06:05] Peer 1005 has downloaded the piece 172 from Peer 1004. Now the number of pieces it has is 107.
[2025/12/03 19:06:05] Peer 1005 sent the 'have' message to Peer 1002 for the piece 172.
[2025/12/03 19:06:05] Peer 1005 sent the 'have' message to Peer 1003 for the piece 172.
[2025/12/03 19:06:05] Peer 1005 sent the 'have' message to Peer 1004 for the piece 172.
[2025/12/03 19:06:05] Peer 1005 received the 'have' message from Peer 1006 for the piece 170.
[2025/12/03 19:06:05] Peer 1005 received the 'not interested' message from Peer 1003.
[2025/12/03 19:06:05] Peer 1005 sent the 'have' message to Peer 1006 for the piece 172.
[2025/12/03 19:06:05] Peer 1005 updated its view of Peer 1006's bitfield: ffffffffffffffffffffffffffffffffffffffffffe00000000000000000000000000000000000000000000000000000000000000000000000000000000000000000000000000000000000000000000000000000000000000000000000000000000000000000000000000000000000000000000000000000000000000000000000000000000000000000000000000000000000000000000000000000000000000000000000000000000000000000000000000000000000000000.
[2025/12/03 19:06:05] Peer 1005 sent the 'not interested' message to Peer 1004.
[2025/12/03 19:06:05] Peer 1005 received the 'have' message from Peer 1006 for the piece 171.
[2025/12/03 19:06:05] Peer 1005 updated its view of Peer 1006's bitfield: fffffffffffffffffffffffffffffffffffffffffff00000000000000000000000000000000000000000000000000000000000000000000000000000000000000000000000000000000000000000000000000000000000000000000000000000000000000000000000000000000000000000000000000000000000000000000000000000000000000000000000000000000000000000000000000000000000000000000000000000000000000000000000000000000000000000.
[2025/12/03 19:06:05] Peer 1005 received the 'not interested' message from Peer 1006.
[2025/12/03 19:06:05] Peer 1005 received the 'interested' message from Peer 1006.
[2025/12/03 19:06:05] Peer 1005 sent 'piece' message for piece 172 to Peer 1006.
[2025/12/03 19:06:05] Peer 1005 received the 'have' message from Peer 1006 for the piece 172.
[2025/12/03 19:06:05] Peer 1005 updated its view of Peer 1006's bitfield: fffffffffffffffffffffffffffffffffffffffffff80000000000000000000000000000000000000000000000000000000000000000000000000000000000000000000000000000000000000000000000000000000000000000000000000000000000000000000000000000000000000000000000000000000000000000000000000000000000000000000000000000000000000000000000000000000000000000000000000000000000000000000000000000000000000000.
[2025/12/03 19:06:05] Peer 1005 received the 'not interested' message from Peer 1006.
[2025/12/03 19:06:05] Peer 1005 received the 'have' message from Peer 1004 for the piece 173.
[2025/12/03 19:06:05] Peer 1005 updated its view of Peer 1004's bitfield: fffffffffffffffffffffffffffffffffffffffffffc0000000000000000000000000000000000000000000000000000000000000000000000000000000000000000000000000000000000000000000000000000000000000000000000000000000000000000000000000000000000000000000000000000000000000000000000000000000000000000000000000000000000000000000000000000000000000000000000000000000000000000000000000000000000000000.
[2025/12/03 19:06:05] Peer 1005 received the 'interested' message from Peer 1003.
[2025/12/03 19:06:05] Peer 1005 sent the 'interested' message to Peer 1004.
[2025/12/03 19:06:05] Peer 1005 sent 'request' for piece 173 to Peer 1004.
[2025/12/03 19:06:05] Peer 1005 sent 'piece' message for piece 172 to Peer 1003.
[2025/12/03 19:06:05] Peer 1005 has downloaded the piece 173 from Peer 1004. Now the number of pieces it has is 108.
[2025/12/03 19:06:05] Peer 1005 sent the 'have' message to Peer 1002 for the piece 173.
[2025/12/03 19:06:05] Peer 1005 sent the 'have' message to Peer 1003 for the piece 173.
[2025/12/03 19:06:05] Peer 1005 sent the 'have' message to Peer 1004 for the piece 173.
[2025/12/03 19:06:05] Peer 1005 sent the 'have' message to Peer 1006 for the piece 173.
[2025/12/03 19:06:05] Peer 1005 received the 'interested' message from Peer 1006.
[2025/12/03 19:06:05] Peer 1005 sent the 'not interested' message to Peer 1004.
[2025/12/03 19:06:05] Peer 1005 sent 'piece' message for piece 173 to Peer 1006.
[2025/12/03 19:06:05] Peer 1005 received the 'have' message from Peer 1006 for the piece 173.
[2025/12/03 19:06:05] Peer 1005 received the 'have' message from Peer 1003 for the piece 172.
[2025/12/03 19:06:05] Peer 1005 updated its view of Peer 1006's bitfield: fffffffffffffffffffffffffffffffffffffffffffc0000000000000000000000000000000000000000000000000000000000000000000000000000000000000000000000000000000000000000000000000000000000000000000000000000000000000000000000000000000000000000000000000000000000000000000000000000000000000000000000000000000000000000000000000000000000000000000000000000000000000000000000000000000000000000.
[2025/12/03 19:06:05] Peer 1005 updated its view of Peer 1003's bitfield: fffffffffffffffffffffffffffffffffffffffffff80000000000000000000000000000000000000000000000000000000000000000000000000000000000000000000000000000000000000000000000000000000000000000000000000000000000000000000000000000000000000000000000000000000000000000000000000000000000000000000000000000000000000000000000000000000000000000000000000000000000000000000000000000000000000000.
[2025/12/03 19:06:05] Peer 1005 received the 'not interested' message from Peer 1006.
[2025/12/03 19:06:05] Peer 1005 received the 'not interested' message from Peer 1003.
[2025/12/03 19:06:05] Peer 1005 received the 'have' message from Peer 1004 for the piece 174.
[2025/12/03 19:06:05] Peer 1005 updated its view of Peer 1004's bitfield: fffffffffffffffffffffffffffffffffffffffffffe0000000000000000000000000000000000000000000000000000000000000000000000000000000000000000000000000000000000000000000000000000000000000000000000000000000000000000000000000000000000000000000000000000000000000000000000000000000000000000000000000000000000000000000000000000000000000000000000000000000000000000000000000000000000000000.
[2025/12/03 19:06:05] Peer 1005 sent the 'interested' message to Peer 1004.
[2025/12/03 19:06:05] Peer 1005 sent 'request' for piece 174 to Peer 1004.
[2025/12/03 19:06:05] Peer 1005 has downloaded the piece 174 from Peer 1004. Now the number of pieces it has is 109.
[2025/12/03 19:06:05] Peer 1005 sent the 'have' message to Peer 1002 for the piece 174.
[2025/12/03 19:06:05] Peer 1005 sent the 'have' message to Peer 1003 for the piece 174.
[2025/12/03 19:06:05] Peer 1005 sent the 'have' message to Peer 1004 for the piece 174.
[2025/12/03 19:06:05] Peer 1005 sent the 'have' message to Peer 1006 for the piece 174.
[2025/12/03 19:06:05] Peer 1005 received the 'interested' message from Peer 1003.
[2025/12/03 19:06:05] Peer 1005 sent the 'not interested' message to Peer 1004.
[2025/12/03 19:06:05] Peer 1005 received the 'interested' message from Peer 1006.
[2025/12/03 19:06:05] Peer 1005 sent 'piece' message for piece 173 to Peer 1003.
[2025/12/03 19:06:05] Peer 1005 sent 'piece' message for piece 174 to Peer 1006.
[2025/12/03 19:06:05] Peer 1005 received the 'have' message from Peer 1003 for the piece 173.
[2025/12/03 19:06:05] Peer 1005 updated its view of Peer 1003's bitfield: fffffffffffffffffffffffffffffffffffffffffffc0000000000000000000000000000000000000000000000000000000000000000000000000000000000000000000000000000000000000000000000000000000000000000000000000000000000000000000000000000000000000000000000000000000000000000000000000000000000000000000000000000000000000000000000000000000000000000000000000000000000000000000000000000000000000000.
[2025/12/03 19:06:05] Peer 1005 received the 'have' message from Peer 1006 for the piece 174.
[2025/12/03 19:06:05] Peer 1005 updated its view of Peer 1006's bitfield: fffffffffffffffffffffffffffffffffffffffffffe0000000000000000000000000000000000000000000000000000000000000000000000000000000000000000000000000000000000000000000000000000000000000000000000000000000000000000000000000000000000000000000000000000000000000000000000000000000000000000000000000000000000000000000000000000000000000000000000000000000000000000000000000000000000000000.
[2025/12/03 19:06:05] Peer 1005 received the 'not interested' message from Peer 1006.
[2025/12/03 19:06:05] Peer 1005 received the 'not interested' message from Peer 1003.
[2025/12/03 19:06:05] Peer 1005 received the 'have' message from Peer 1003 for the piece 174.
[2025/12/03 19:06:05] Peer 1005 updated its view of Peer 1003's bitfield: fffffffffffffffffffffffffffffffffffffffffffe0000000000000000000000000000000000000000000000000000000000000000000000000000000000000000000000000000000000000000000000000000000000000000000000000000000000000000000000000000000000000000000000000000000000000000000000000000000000000000000000000000000000000000000000000000000000000000000000000000000000000000000000000000000000000000.
[2025/12/03 19:06:05] Peer 1005 received the 'have' message from Peer 1004 for the piece 175.
[2025/12/03 19:06:05] Peer 1005 updated its view of Peer 1004's bitfield: ffffffffffffffffffffffffffffffffffffffffffff0000000000000000000000000000000000000000000000000000000000000000000000000000000000000000000000000000000000000000000000000000000000000000000000000000000000000000000000000000000000000000000000000000000000000000000000000000000000000000000000000000000000000000000000000000000000000000000000000000000000000000000000000000000000000000.
[2025/12/03 19:06:05] Peer 1005 sent the 'interested' message to Peer 1004.
[2025/12/03 19:06:05] Peer 1005 sent 'request' for piece 175 to Peer 1004.
[2025/12/03 19:06:05] Peer 1005 has downloaded the piece 175 from Peer 1004. Now the number of pieces it has is 110.
[2025/12/03 19:06:05] Peer 1005 sent the 'have' message to Peer 1002 for the piece 175.
[2025/12/03 19:06:05] Peer 1005 sent the 'have' message to Peer 1003 for the piece 175.
[2025/12/03 19:06:05] Peer 1005 sent the 'have' message to Peer 1004 for the piece 175.
[2025/12/03 19:06:05] Peer 1005 sent the 'have' message to Peer 1006 for the piece 175.
[2025/12/03 19:06:05] Peer 1005 sent the 'not interested' message to Peer 1004.
[2025/12/03 19:06:05] Peer 1005 received the 'interested' message from Peer 1006.
[2025/12/03 19:06:05] Peer 1005 received the 'interested' message from Peer 1003.
[2025/12/03 19:06:05] Peer 1005 sent 'piece' message for piece 175 to Peer 1006.
[2025/12/03 19:06:05] Peer 1005 received the 'have' message from Peer 1006 for the piece 175.
[2025/12/03 19:06:05] Peer 1005 updated its view of Peer 1006's bitfield: ffffffffffffffffffffffffffffffffffffffffffff0000000000000000000000000000000000000000000000000000000000000000000000000000000000000000000000000000000000000000000000000000000000000000000000000000000000000000000000000000000000000000000000000000000000000000000000000000000000000000000000000000000000000000000000000000000000000000000000000000000000000000000000000000000000000000.
[2025/12/03 19:06:05] Peer 1005 received the 'not interested' message from Peer 1006.
[2025/12/03 19:06:05] Peer 1005 sent 'piece' message for piece 175 to Peer 1003.
[2025/12/03 19:06:05] Peer 1005 received the 'have' message from Peer 1004 for the piece 176.
[2025/12/03 19:06:05] Peer 1005 updated its view of Peer 1004's bitfield: ffffffffffffffffffffffffffffffffffffffffffff8000000000000000000000000000000000000000000000000000000000000000000000000000000000000000000000000000000000000000000000000000000000000000000000000000000000000000000000000000000000000000000000000000000000000000000000000000000000000000000000000000000000000000000000000000000000000000000000000000000000000000000000000000000000000000.
[2025/12/03 19:06:05] Peer 1005 sent the 'interested' message to Peer 1004.
[2025/12/03 19:06:05] Peer 1005 sent 'request' for piece 176 to Peer 1004.
[2025/12/03 19:06:05] Peer 1005 received the 'have' message from Peer 1003 for the piece 175.
[2025/12/03 19:06:05] Peer 1005 updated its view of Peer 1003's bitfield: ffffffffffffffffffffffffffffffffffffffffffff0000000000000000000000000000000000000000000000000000000000000000000000000000000000000000000000000000000000000000000000000000000000000000000000000000000000000000000000000000000000000000000000000000000000000000000000000000000000000000000000000000000000000000000000000000000000000000000000000000000000000000000000000000000000000000.
[2025/12/03 19:06:05] Peer 1005 has downloaded the piece 176 from Peer 1004. Now the number of pieces it has is 111.
[2025/12/03 19:06:05] Peer 1005 sent the 'have' message to Peer 1002 for the piece 176.
[2025/12/03 19:06:05] Peer 1005 sent the 'have' message to Peer 1003 for the piece 176.
[2025/12/03 19:06:05] Peer 1005 sent the 'have' message to Peer 1004 for the piece 176.
[2025/12/03 19:06:05] Peer 1005 sent the 'have' message to Peer 1006 for the piece 176.
[2025/12/03 19:06:05] Peer 1005 sent the 'not interested' message to Peer 1004.
[2025/12/03 19:06:05] Peer 1005 received the 'not interested' message from Peer 1003.
[2025/12/03 19:06:05] Peer 1005 received the 'interested' message from Peer 1006.
[2025/12/03 19:06:05] Peer 1005 sent 'piece' message for piece 176 to Peer 1006.
[2025/12/03 19:06:05] Peer 1005 received the 'have' message from Peer 1006 for the piece 176.
[2025/12/03 19:06:05] Peer 1005 updated its view of Peer 1006's bitfield: ffffffffffffffffffffffffffffffffffffffffffff8000000000000000000000000000000000000000000000000000000000000000000000000000000000000000000000000000000000000000000000000000000000000000000000000000000000000000000000000000000000000000000000000000000000000000000000000000000000000000000000000000000000000000000000000000000000000000000000000000000000000000000000000000000000000000.
[2025/12/03 19:06:05] Peer 1005 received the 'not interested' message from Peer 1006.
[2025/12/03 19:06:05] Peer 1005 received the 'have' message from Peer 1002 for the piece 169.
[2025/12/03 19:06:05] Peer 1005 updated its view of Peer 1002's bitfield: ffffffffffffffffffffffffffffffffffffffffffc00000000000000000000000000000000000000000000000000000000000000000000000000000000000000000000000000000000000000000000000000000000000000000000000000000000000000000000000000000000000000000000000000000000000000000000000000000000000000000000000000000000000000000000000000000000000000000000000000000000000000000000000000000000000000000.
[2025/12/03 19:06:05] Peer 1005 received the 'have' message from Peer 1004 for the piece 177.
[2025/12/03 19:06:05] Peer 1005 updated its view of Peer 1004's bitfield: ffffffffffffffffffffffffffffffffffffffffffffc000000000000000000000000000000000000000000000000000000000000000000000000000000000000000000000000000000000000000000000000000000000000000000000000000000000000000000000000000000000000000000000000000000000000000000000000000000000000000000000000000000000000000000000000000000000000000000000000000000000000000000000000000000000000000.
[2025/12/03 19:06:05] Peer 1005 sent the 'interested' message to Peer 1004.
[2025/12/03 19:06:05] Peer 1005 sent 'request' for piece 177 to Peer 1004.
[2025/12/03 19:06:05] Peer 1005 has downloaded the piece 177 from Peer 1004. Now the number of pieces it has is 112.
[2025/12/03 19:06:05] Peer 1005 sent the 'have' message to Peer 1002 for the piece 177.
[2025/12/03 19:06:05] Peer 1005 sent the 'have' message to Peer 1003 for the piece 177.
[2025/12/03 19:06:05] Peer 1005 sent the 'have' message to Peer 1004 for the piece 177.
[2025/12/03 19:06:05] Peer 1005 sent the 'have' message to Peer 1006 for the piece 177.
[2025/12/03 19:06:05] Peer 1005 sent the 'not interested' message to Peer 1004.
[2025/12/03 19:06:05] Peer 1005 received the 'interested' message from Peer 1006.
[2025/12/03 19:06:05] Peer 1005 sent 'piece' message for piece 177 to Peer 1006.
[2025/12/03 19:06:05] Peer 1005 received the 'have' message from Peer 1006 for the piece 177.
[2025/12/03 19:06:05] Peer 1005 updated its view of Peer 1006's bitfield: ffffffffffffffffffffffffffffffffffffffffffffc000000000000000000000000000000000000000000000000000000000000000000000000000000000000000000000000000000000000000000000000000000000000000000000000000000000000000000000000000000000000000000000000000000000000000000000000000000000000000000000000000000000000000000000000000000000000000000000000000000000000000000000000000000000000000.
[2025/12/03 19:06:05] Peer 1005 received the 'not interested' message from Peer 1006.
[2025/12/03 19:06:05] Peer 1005 received the 'interested' message from Peer 1003.
[2025/12/03 19:06:05] Peer 1005 received the 'have' message from Peer 1002 for the piece 170.
[2025/12/03 19:06:05] Peer 1005 sent 'piece' message for piece 176 to Peer 1003.
[2025/12/03 19:06:05] Peer 1005 updated its view of Peer 1002's bitfield: ffffffffffffffffffffffffffffffffffffffffffe00000000000000000000000000000000000000000000000000000000000000000000000000000000000000000000000000000000000000000000000000000000000000000000000000000000000000000000000000000000000000000000000000000000000000000000000000000000000000000000000000000000000000000000000000000000000000000000000000000000000000000000000000000000000000000.
[2025/12/03 19:06:05] Peer 1005 received the 'have' message from Peer 1002 for the piece 171.
[2025/12/03 19:06:05] Peer 1005 updated its view of Peer 1002's bitfield: fffffffffffffffffffffffffffffffffffffffffff00000000000000000000000000000000000000000000000000000000000000000000000000000000000000000000000000000000000000000000000000000000000000000000000000000000000000000000000000000000000000000000000000000000000000000000000000000000000000000000000000000000000000000000000000000000000000000000000000000000000000000000000000000000000000000.
[2025/12/03 19:06:05] Peer 1005 received the 'have' message from Peer 1002 for the piece 172.
[2025/12/03 19:06:05] Peer 1005 updated its view of Peer 1002's bitfield: fffffffffffffffffffffffffffffffffffffffffff80000000000000000000000000000000000000000000000000000000000000000000000000000000000000000000000000000000000000000000000000000000000000000000000000000000000000000000000000000000000000000000000000000000000000000000000000000000000000000000000000000000000000000000000000000000000000000000000000000000000000000000000000000000000000000.
[2025/12/03 19:06:05] Peer 1005 received the 'have' message from Peer 1002 for the piece 173.
[2025/12/03 19:06:05] Peer 1005 sent 'piece' message for piece 177 to Peer 1003.
[2025/12/03 19:06:05] Peer 1005 updated its view of Peer 1002's bitfield: fffffffffffffffffffffffffffffffffffffffffffc0000000000000000000000000000000000000000000000000000000000000000000000000000000000000000000000000000000000000000000000000000000000000000000000000000000000000000000000000000000000000000000000000000000000000000000000000000000000000000000000000000000000000000000000000000000000000000000000000000000000000000000000000000000000000000.
[2025/12/03 19:06:05] Peer 1005 received the 'have' message from Peer 1004 for the piece 178.
[2025/12/03 19:06:05] Peer 1005 updated its view of Peer 1004's bitfield: ffffffffffffffffffffffffffffffffffffffffffffe000000000000000000000000000000000000000000000000000000000000000000000000000000000000000000000000000000000000000000000000000000000000000000000000000000000000000000000000000000000000000000000000000000000000000000000000000000000000000000000000000000000000000000000000000000000000000000000000000000000000000000000000000000000000000.
[2025/12/03 19:06:05] Peer 1005 sent the 'interested' message to Peer 1004.
[2025/12/03 19:06:05] Peer 1005 sent 'request' for piece 178 to Peer 1004.
[2025/12/03 19:06:05] Peer 1005 has downloaded the piece 178 from Peer 1004. Now the number of pieces it has is 113.
[2025/12/03 19:06:05] Peer 1005 sent the 'have' message to Peer 1002 for the piece 178.
[2025/12/03 19:06:05] Peer 1005 sent the 'have' message to Peer 1003 for the piece 178.
[2025/12/03 19:06:05] Peer 1005 sent the 'have' message to Peer 1004 for the piece 178.
[2025/12/03 19:06:05] Peer 1005 sent the 'have' message to Peer 1006 for the piece 178.
[2025/12/03 19:06:05] Peer 1005 sent the 'not interested' message to Peer 1004.
[2025/12/03 19:06:05] Peer 1005 received the 'interested' message from Peer 1006.
[2025/12/03 19:06:05] Peer 1005 sent 'piece' message for piece 178 to Peer 1006.
[2025/12/03 19:06:05] Peer 1005 received the 'have' message from Peer 1003 for the piece 176.
[2025/12/03 19:06:05] Peer 1005 updated its view of Peer 1003's bitfield: ffffffffffffffffffffffffffffffffffffffffffff8000000000000000000000000000000000000000000000000000000000000000000000000000000000000000000000000000000000000000000000000000000000000000000000000000000000000000000000000000000000000000000000000000000000000000000000000000000000000000000000000000000000000000000000000000000000000000000000000000000000000000000000000000000000000000.
[2025/12/03 19:06:05] Peer 1005 received the 'have' message from Peer 1006 for the piece 178.
[2025/12/03 19:06:05] Peer 1005 updated its view of Peer 1006's bitfield: ffffffffffffffffffffffffffffffffffffffffffffe000000000000000000000000000000000000000000000000000000000000000000000000000000000000000000000000000000000000000000000000000000000000000000000000000000000000000000000000000000000000000000000000000000000000000000000000000000000000000000000000000000000000000000000000000000000000000000000000000000000000000000000000000000000000000.
[2025/12/03 19:06:05] Peer 1005 received the 'have' message from Peer 1002 for the piece 174.
[2025/12/03 19:06:05] Peer 1005 received the 'not interested' message from Peer 1003.
[2025/12/03 19:06:05] Peer 1005 received the 'not interested' message from Peer 1006.
[2025/12/03 19:06:05] Peer 1005 updated its view of Peer 1002's bitfield: fffffffffffffffffffffffffffffffffffffffffffe0000000000000000000000000000000000000000000000000000000000000000000000000000000000000000000000000000000000000000000000000000000000000000000000000000000000000000000000000000000000000000000000000000000000000000000000000000000000000000000000000000000000000000000000000000000000000000000000000000000000000000000000000000000000000000.
[2025/12/03 19:06:05] Peer 1005 received the 'have' message from Peer 1003 for the piece 177.
[2025/12/03 19:06:05] Peer 1005 updated its view of Peer 1003's bitfield: ffffffffffffffffffffffffffffffffffffffffffffc000000000000000000000000000000000000000000000000000000000000000000000000000000000000000000000000000000000000000000000000000000000000000000000000000000000000000000000000000000000000000000000000000000000000000000000000000000000000000000000000000000000000000000000000000000000000000000000000000000000000000000000000000000000000000.
[2025/12/03 19:06:05] Peer 1005 received the 'have' message from Peer 1002 for the piece 175.
[2025/12/03 19:06:05] Peer 1005 updated its view of Peer 1002's bitfield: ffffffffffffffffffffffffffffffffffffffffffff0000000000000000000000000000000000000000000000000000000000000000000000000000000000000000000000000000000000000000000000000000000000000000000000000000000000000000000000000000000000000000000000000000000000000000000000000000000000000000000000000000000000000000000000000000000000000000000000000000000000000000000000000000000000000000.
[2025/12/03 19:06:05] Peer 1005 received the 'have' message from Peer 1002 for the piece 176.
[2025/12/03 19:06:05] Peer 1005 updated its view of Peer 1002's bitfield: ffffffffffffffffffffffffffffffffffffffffffff8000000000000000000000000000000000000000000000000000000000000000000000000000000000000000000000000000000000000000000000000000000000000000000000000000000000000000000000000000000000000000000000000000000000000000000000000000000000000000000000000000000000000000000000000000000000000000000000000000000000000000000000000000000000000000.
[2025/12/03 19:06:05] Peer 1005 received the 'have' message from Peer 1004 for the piece 179.
[2025/12/03 19:06:05] Peer 1005 updated its view of Peer 1004's bitfield: fffffffffffffffffffffffffffffffffffffffffffff000000000000000000000000000000000000000000000000000000000000000000000000000000000000000000000000000000000000000000000000000000000000000000000000000000000000000000000000000000000000000000000000000000000000000000000000000000000000000000000000000000000000000000000000000000000000000000000000000000000000000000000000000000000000000.
[2025/12/03 19:06:05] Peer 1005 sent the 'interested' message to Peer 1004.
[2025/12/03 19:06:05] Peer 1005 sent 'request' for piece 179 to Peer 1004.
[2025/12/03 19:06:05] Peer 1005 has downloaded the piece 179 from Peer 1004. Now the number of pieces it has is 114.
[2025/12/03 19:06:05] Peer 1005 sent the 'have' message to Peer 1002 for the piece 179.
[2025/12/03 19:06:05] Peer 1005 sent the 'have' message to Peer 1003 for the piece 179.
[2025/12/03 19:06:05] Peer 1005 received the 'interested' message from Peer 1003.
[2025/12/03 19:06:05] Peer 1005 received the 'have' message from Peer 1002 for the piece 177.
[2025/12/03 19:06:05] Peer 1005 sent the 'have' message to Peer 1004 for the piece 179.
[2025/12/03 19:06:05] Peer 1005 sent 'piece' message for piece 178 to Peer 1003.
[2025/12/03 19:06:05] Peer 1005 updated its view of Peer 1002's bitfield: ffffffffffffffffffffffffffffffffffffffffffffc000000000000000000000000000000000000000000000000000000000000000000000000000000000000000000000000000000000000000000000000000000000000000000000000000000000000000000000000000000000000000000000000000000000000000000000000000000000000000000000000000000000000000000000000000000000000000000000000000000000000000000000000000000000000000.
[2025/12/03 19:06:05] Peer 1005 sent the 'have' message to Peer 1006 for the piece 179.
[2025/12/03 19:06:05] Peer 1005 received the 'interested' message from Peer 1006.
[2025/12/03 19:06:05] Peer 1005 sent the 'not interested' message to Peer 1004.
[2025/12/03 19:06:05] Peer 1005 sent 'piece' message for piece 179 to Peer 1006.
[2025/12/03 19:06:05] Peer 1005 received the 'have' message from Peer 1006 for the piece 179.
[2025/12/03 19:06:05] Peer 1005 updated its view of Peer 1006's bitfield: fffffffffffffffffffffffffffffffffffffffffffff000000000000000000000000000000000000000000000000000000000000000000000000000000000000000000000000000000000000000000000000000000000000000000000000000000000000000000000000000000000000000000000000000000000000000000000000000000000000000000000000000000000000000000000000000000000000000000000000000000000000000000000000000000000000000.
[2025/12/03 19:06:05] Peer 1005 received the 'not interested' message from Peer 1006.
[2025/12/03 19:06:05] Peer 1005 sent 'piece' message for piece 179 to Peer 1003.
[2025/12/03 19:06:05] Peer 1005 received the 'have' message from Peer 1003 for the piece 178.
[2025/12/03 19:06:05] Peer 1005 updated its view of Peer 1003's bitfield: ffffffffffffffffffffffffffffffffffffffffffffe000000000000000000000000000000000000000000000000000000000000000000000000000000000000000000000000000000000000000000000000000000000000000000000000000000000000000000000000000000000000000000000000000000000000000000000000000000000000000000000000000000000000000000000000000000000000000000000000000000000000000000000000000000000000000.
[2025/12/03 19:06:05] Peer 1005 received the 'have' message from Peer 1004 for the piece 180.
[2025/12/03 19:06:05] Peer 1005 updated its view of Peer 1004's bitfield: fffffffffffffffffffffffffffffffffffffffffffff800000000000000000000000000000000000000000000000000000000000000000000000000000000000000000000000000000000000000000000000000000000000000000000000000000000000000000000000000000000000000000000000000000000000000000000000000000000000000000000000000000000000000000000000000000000000000000000000000000000000000000000000000000000000000.
[2025/12/03 19:06:05] Peer 1005 sent the 'interested' message to Peer 1004.
[2025/12/03 19:06:05] Peer 1005 sent 'request' for piece 180 to Peer 1004.
[2025/12/03 19:06:05] Peer 1005 has downloaded the piece 180 from Peer 1004. Now the number of pieces it has is 115.
[2025/12/03 19:06:05] Peer 1005 sent the 'have' message to Peer 1002 for the piece 180.
[2025/12/03 19:06:05] Peer 1005 sent the 'have' message to Peer 1003 for the piece 180.
[2025/12/03 19:06:05] Peer 1005 received the 'not interested' message from Peer 1003.
[2025/12/03 19:06:05] Peer 1005 received the 'have' message from Peer 1002 for the piece 178.
[2025/12/03 19:06:05] Peer 1005 sent the 'have' message to Peer 1004 for the piece 180.
[2025/12/03 19:06:05] Peer 1005 received the 'have' message from Peer 1003 for the piece 179.
[2025/12/03 19:06:05] Peer 1005 updated its view of Peer 1002's bitfield: ffffffffffffffffffffffffffffffffffffffffffffe000000000000000000000000000000000000000000000000000000000000000000000000000000000000000000000000000000000000000000000000000000000000000000000000000000000000000000000000000000000000000000000000000000000000000000000000000000000000000000000000000000000000000000000000000000000000000000000000000000000000000000000000000000000000000.
[2025/12/03 19:06:05] Peer 1005 sent the 'have' message to Peer 1006 for the piece 180.
[2025/12/03 19:06:05] Peer 1005 updated its view of Peer 1003's bitfield: fffffffffffffffffffffffffffffffffffffffffffff000000000000000000000000000000000000000000000000000000000000000000000000000000000000000000000000000000000000000000000000000000000000000000000000000000000000000000000000000000000000000000000000000000000000000000000000000000000000000000000000000000000000000000000000000000000000000000000000000000000000000000000000000000000000000.
[2025/12/03 19:06:05] Peer 1005 received the 'interested' message from Peer 1006.
[2025/12/03 19:06:05] Peer 1005 sent the 'not interested' message to Peer 1004.
[2025/12/03 19:06:05] Peer 1005 received the 'interested' message from Peer 1003.
[2025/12/03 19:06:05] Peer 1005 sent 'piece' message for piece 180 to Peer 1006.
[2025/12/03 19:06:05] Peer 1005 received the 'have' message from Peer 1006 for the piece 180.
[2025/12/03 19:06:05] Peer 1005 updated its view of Peer 1006's bitfield: fffffffffffffffffffffffffffffffffffffffffffff800000000000000000000000000000000000000000000000000000000000000000000000000000000000000000000000000000000000000000000000000000000000000000000000000000000000000000000000000000000000000000000000000000000000000000000000000000000000000000000000000000000000000000000000000000000000000000000000000000000000000000000000000000000000000.
[2025/12/03 19:06:05] Peer 1005 received the 'not interested' message from Peer 1006.
[2025/12/03 19:06:05] Peer 1005 received the 'have' message from Peer 1002 for the piece 179.
[2025/12/03 19:06:05] Peer 1005 sent 'piece' message for piece 180 to Peer 1003.
[2025/12/03 19:06:05] Peer 1005 updated its view of Peer 1002's bitfield: fffffffffffffffffffffffffffffffffffffffffffff000000000000000000000000000000000000000000000000000000000000000000000000000000000000000000000000000000000000000000000000000000000000000000000000000000000000000000000000000000000000000000000000000000000000000000000000000000000000000000000000000000000000000000000000000000000000000000000000000000000000000000000000000000000000000.
[2025/12/03 19:06:05] Peer 1005 received the 'have' message from Peer 1002 for the piece 180.
[2025/12/03 19:06:05] Peer 1005 updated its view of Peer 1002's bitfield: fffffffffffffffffffffffffffffffffffffffffffff800000000000000000000000000000000000000000000000000000000000000000000000000000000000000000000000000000000000000000000000000000000000000000000000000000000000000000000000000000000000000000000000000000000000000000000000000000000000000000000000000000000000000000000000000000000000000000000000000000000000000000000000000000000000000.
[2025/12/03 19:06:05] Peer 1005 received the 'have' message from Peer 1004 for the piece 181.
[2025/12/03 19:06:05] Peer 1005 updated its view of Peer 1004's bitfield: fffffffffffffffffffffffffffffffffffffffffffffc00000000000000000000000000000000000000000000000000000000000000000000000000000000000000000000000000000000000000000000000000000000000000000000000000000000000000000000000000000000000000000000000000000000000000000000000000000000000000000000000000000000000000000000000000000000000000000000000000000000000000000000000000000000000000.
[2025/12/03 19:06:05] Peer 1005 sent the 'interested' message to Peer 1004.
[2025/12/03 19:06:05] Peer 1005 sent 'request' for piece 181 to Peer 1004.
[2025/12/03 19:06:05] Peer 1005 has downloaded the piece 181 from Peer 1004. Now the number of pieces it has is 116.
[2025/12/03 19:06:05] Peer 1005 sent the 'have' message to Peer 1002 for the piece 181.
[2025/12/03 19:06:05] Peer 1005 sent the 'have' message to Peer 1003 for the piece 181.
[2025/12/03 19:06:05] Peer 1005 sent the 'have' message to Peer 1004 for the piece 181.
[2025/12/03 19:06:05] Peer 1005 sent the 'have' message to Peer 1006 for the piece 181.
[2025/12/03 19:06:05] Peer 1005 sent the 'not interested' message to Peer 1004.
[2025/12/03 19:06:05] Peer 1005 received the 'interested' message from Peer 1006.
[2025/12/03 19:06:05] Peer 1005 received the 'have' message from Peer 1003 for the piece 180.
[2025/12/03 19:06:05] Peer 1005 sent 'piece' message for piece 181 to Peer 1006.
[2025/12/03 19:06:05] Peer 1005 updated its view of Peer 1003's bitfield: fffffffffffffffffffffffffffffffffffffffffffff800000000000000000000000000000000000000000000000000000000000000000000000000000000000000000000000000000000000000000000000000000000000000000000000000000000000000000000000000000000000000000000000000000000000000000000000000000000000000000000000000000000000000000000000000000000000000000000000000000000000000000000000000000000000000.
[2025/12/03 19:06:05] Peer 1005 received the 'not interested' message from Peer 1003.
[2025/12/03 19:06:05] Peer 1005 received the 'interested' message from Peer 1003.
[2025/12/03 19:06:05] Peer 1005 sent 'piece' message for piece 181 to Peer 1003.
[2025/12/03 19:06:05] Peer 1005 received the 'have' message from Peer 1006 for the piece 181.
[2025/12/03 19:06:05] Peer 1005 updated its view of Peer 1006's bitfield: fffffffffffffffffffffffffffffffffffffffffffffc00000000000000000000000000000000000000000000000000000000000000000000000000000000000000000000000000000000000000000000000000000000000000000000000000000000000000000000000000000000000000000000000000000000000000000000000000000000000000000000000000000000000000000000000000000000000000000000000000000000000000000000000000000000000000.
[2025/12/03 19:06:05] Peer 1005 received the 'not interested' message from Peer 1006.
[2025/12/03 19:06:05] Peer 1005 received the 'not interested' message from Peer 1003.
[2025/12/03 19:06:05] Peer 1005 received the 'have' message from Peer 1003 for the piece 181.
[2025/12/03 19:06:05] Peer 1005 updated its view of Peer 1003's bitfield: fffffffffffffffffffffffffffffffffffffffffffffc00000000000000000000000000000000000000000000000000000000000000000000000000000000000000000000000000000000000000000000000000000000000000000000000000000000000000000000000000000000000000000000000000000000000000000000000000000000000000000000000000000000000000000000000000000000000000000000000000000000000000000000000000000000000000.
[2025/12/03 19:06:05] Peer 1005 received the 'have' message from Peer 1004 for the piece 182.
[2025/12/03 19:06:05] Peer 1005 updated its view of Peer 1004's bitfield: fffffffffffffffffffffffffffffffffffffffffffffe00000000000000000000000000000000000000000000000000000000000000000000000000000000000000000000000000000000000000000000000000000000000000000000000000000000000000000000000000000000000000000000000000000000000000000000000000000000000000000000000000000000000000000000000000000000000000000000000000000000000000000000000000000000000000.
[2025/12/03 19:06:06] Peer 1005 sent the 'interested' message to Peer 1004.
[2025/12/03 19:06:06] Peer 1005 sent 'request' for piece 182 to Peer 1004.
[2025/12/03 19:06:06] Peer 1005 received the 'have' message from Peer 1002 for the piece 181.
[2025/12/03 19:06:06] Peer 1005 has downloaded the piece 182 from Peer 1004. Now the number of pieces it has is 117.
[2025/12/03 19:06:06] Peer 1005 updated its view of Peer 1002's bitfield: fffffffffffffffffffffffffffffffffffffffffffffc00000000000000000000000000000000000000000000000000000000000000000000000000000000000000000000000000000000000000000000000000000000000000000000000000000000000000000000000000000000000000000000000000000000000000000000000000000000000000000000000000000000000000000000000000000000000000000000000000000000000000000000000000000000000000.
[2025/12/03 19:06:06] Peer 1005 sent the 'have' message to Peer 1002 for the piece 182.
[2025/12/03 19:06:06] Peer 1005 sent the 'have' message to Peer 1003 for the piece 182.
[2025/12/03 19:06:06] Peer 1005 sent the 'have' message to Peer 1004 for the piece 182.
[2025/12/03 19:06:06] Peer 1005 sent the 'have' message to Peer 1006 for the piece 182.
[2025/12/03 19:06:06] Peer 1005 sent the 'not interested' message to Peer 1004.
[2025/12/03 19:06:06] Peer 1005 received the 'interested' message from Peer 1006.
[2025/12/03 19:06:06] Peer 1005 sent 'piece' message for piece 182 to Peer 1006.
[2025/12/03 19:06:06] Peer 1005 received the 'have' message from Peer 1006 for the piece 182.
[2025/12/03 19:06:06] Peer 1005 updated its view of Peer 1006's bitfield: fffffffffffffffffffffffffffffffffffffffffffffe00000000000000000000000000000000000000000000000000000000000000000000000000000000000000000000000000000000000000000000000000000000000000000000000000000000000000000000000000000000000000000000000000000000000000000000000000000000000000000000000000000000000000000000000000000000000000000000000000000000000000000000000000000000000000.
[2025/12/03 19:06:06] Peer 1005 received the 'not interested' message from Peer 1006.
[2025/12/03 19:06:06] Peer 1005 received the 'interested' message from Peer 1003.
[2025/12/03 19:06:06] Peer 1005 received the 'have' message from Peer 1004 for the piece 183.
[2025/12/03 19:06:06] Peer 1005 updated its view of Peer 1004's bitfield: ffffffffffffffffffffffffffffffffffffffffffffff00000000000000000000000000000000000000000000000000000000000000000000000000000000000000000000000000000000000000000000000000000000000000000000000000000000000000000000000000000000000000000000000000000000000000000000000000000000000000000000000000000000000000000000000000000000000000000000000000000000000000000000000000000000000000.
[2025/12/03 19:06:06] Peer 1005 sent the 'interested' message to Peer 1004.
[2025/12/03 19:06:06] Peer 1005 sent 'request' for piece 183 to Peer 1004.
[2025/12/03 19:06:06] Peer 1005 has downloaded the piece 183 from Peer 1004. Now the number of pieces it has is 118.
[2025/12/03 19:06:06] Peer 1005 sent the 'have' message to Peer 1002 for the piece 183.
[2025/12/03 19:06:06] Peer 1005 sent the 'have' message to Peer 1003 for the piece 183.
[2025/12/03 19:06:06] Peer 1005 sent the 'have' message to Peer 1004 for the piece 183.
[2025/12/03 19:06:06] Peer 1005 sent 'piece' message for piece 182 to Peer 1003.
[2025/12/03 19:06:06] Peer 1005 sent the 'have' message to Peer 1006 for the piece 183.
[2025/12/03 19:06:06] Peer 1005 sent the 'not interested' message to Peer 1004.
[2025/12/03 19:06:06] Peer 1005 received the 'interested' message from Peer 1006.
[2025/12/03 19:06:06] Peer 1005 sent 'piece' message for piece 183 to Peer 1006.
[2025/12/03 19:06:06] Peer 1005 received the 'have' message from Peer 1006 for the piece 183.
[2025/12/03 19:06:06] Peer 1005 updated its view of Peer 1006's bitfield: ffffffffffffffffffffffffffffffffffffffffffffff00000000000000000000000000000000000000000000000000000000000000000000000000000000000000000000000000000000000000000000000000000000000000000000000000000000000000000000000000000000000000000000000000000000000000000000000000000000000000000000000000000000000000000000000000000000000000000000000000000000000000000000000000000000000000.
[2025/12/03 19:06:06] Peer 1005 received the 'have' message from Peer 1003 for the piece 182.
[2025/12/03 19:06:06] Peer 1005 received the 'not interested' message from Peer 1006.
[2025/12/03 19:06:06] Peer 1005 received the 'have' message from Peer 1002 for the piece 182.
[2025/12/03 19:06:06] Peer 1005 updated its view of Peer 1003's bitfield: fffffffffffffffffffffffffffffffffffffffffffffe00000000000000000000000000000000000000000000000000000000000000000000000000000000000000000000000000000000000000000000000000000000000000000000000000000000000000000000000000000000000000000000000000000000000000000000000000000000000000000000000000000000000000000000000000000000000000000000000000000000000000000000000000000000000000.
[2025/12/03 19:06:06] Peer 1005 updated its view of Peer 1002's bitfield: fffffffffffffffffffffffffffffffffffffffffffffe00000000000000000000000000000000000000000000000000000000000000000000000000000000000000000000000000000000000000000000000000000000000000000000000000000000000000000000000000000000000000000000000000000000000000000000000000000000000000000000000000000000000000000000000000000000000000000000000000000000000000000000000000000000000000.
[2025/12/03 19:06:06] Peer 1005 sent 'piece' message for piece 183 to Peer 1003.
[2025/12/03 19:06:06] Peer 1005 received the 'have' message from Peer 1003 for the piece 183.
[2025/12/03 19:06:06] Peer 1005 updated its view of Peer 1003's bitfield: ffffffffffffffffffffffffffffffffffffffffffffff00000000000000000000000000000000000000000000000000000000000000000000000000000000000000000000000000000000000000000000000000000000000000000000000000000000000000000000000000000000000000000000000000000000000000000000000000000000000000000000000000000000000000000000000000000000000000000000000000000000000000000000000000000000000000.
[2025/12/03 19:06:06] Peer 1005 received the 'not interested' message from Peer 1003.
[2025/12/03 19:06:06] Peer 1005 received the 'have' message from Peer 1004 for the piece 184.
[2025/12/03 19:06:06] Peer 1005 updated its view of Peer 1004's bitfield: ffffffffffffffffffffffffffffffffffffffffffffff80000000000000000000000000000000000000000000000000000000000000000000000000000000000000000000000000000000000000000000000000000000000000000000000000000000000000000000000000000000000000000000000000000000000000000000000000000000000000000000000000000000000000000000000000000000000000000000000000000000000000000000000000000000000000.
[2025/12/03 19:06:06] Peer 1005 sent the 'interested' message to Peer 1004.
[2025/12/03 19:06:06] Peer 1005 sent 'request' for piece 184 to Peer 1004.
[2025/12/03 19:06:06] Peer 1005 has downloaded the piece 184 from Peer 1004. Now the number of pieces it has is 119.
[2025/12/03 19:06:06] Peer 1005 sent the 'have' message to Peer 1002 for the piece 184.
[2025/12/03 19:06:06] Peer 1005 sent the 'have' message to Peer 1003 for the piece 184.
[2025/12/03 19:06:06] Peer 1005 sent the 'have' message to Peer 1004 for the piece 184.
[2025/12/03 19:06:06] Peer 1005 sent the 'have' message to Peer 1006 for the piece 184.
[2025/12/03 19:06:06] Peer 1005 sent the 'not interested' message to Peer 1004.
[2025/12/03 19:06:06] Peer 1005 received the 'interested' message from Peer 1006.
[2025/12/03 19:06:06] Peer 1005 sent 'piece' message for piece 184 to Peer 1006.
[2025/12/03 19:06:06] Peer 1005 received the 'interested' message from Peer 1003.
[2025/12/03 19:06:06] Peer 1005 received the 'have' message from Peer 1006 for the piece 184.
[2025/12/03 19:06:06] Peer 1005 updated its view of Peer 1006's bitfield: ffffffffffffffffffffffffffffffffffffffffffffff80000000000000000000000000000000000000000000000000000000000000000000000000000000000000000000000000000000000000000000000000000000000000000000000000000000000000000000000000000000000000000000000000000000000000000000000000000000000000000000000000000000000000000000000000000000000000000000000000000000000000000000000000000000000000.
[2025/12/03 19:06:06] Peer 1005 received the 'not interested' message from Peer 1006.
[2025/12/03 19:06:06] Peer 1005 received the 'have' message from Peer 1002 for the piece 183.
[2025/12/03 19:06:06] Peer 1005 updated its view of Peer 1002's bitfield: ffffffffffffffffffffffffffffffffffffffffffffff00000000000000000000000000000000000000000000000000000000000000000000000000000000000000000000000000000000000000000000000000000000000000000000000000000000000000000000000000000000000000000000000000000000000000000000000000000000000000000000000000000000000000000000000000000000000000000000000000000000000000000000000000000000000000.
[2025/12/03 19:06:06] Peer 1005 sent 'piece' message for piece 184 to Peer 1003.
[2025/12/03 19:06:06] Peer 1005 received the 'have' message from Peer 1004 for the piece 185.
[2025/12/03 19:06:06] Peer 1005 updated its view of Peer 1004's bitfield: ffffffffffffffffffffffffffffffffffffffffffffffc0000000000000000000000000000000000000000000000000000000000000000000000000000000000000000000000000000000000000000000000000000000000000000000000000000000000000000000000000000000000000000000000000000000000000000000000000000000000000000000000000000000000000000000000000000000000000000000000000000000000000000000000000000000000000.
[2025/12/03 19:06:06] Peer 1005 sent the 'interested' message to Peer 1004.
[2025/12/03 19:06:06] Peer 1005 sent 'request' for piece 185 to Peer 1004.
[2025/12/03 19:06:06] Peer 1005 received the 'have' message from Peer 1003 for the piece 184.
[2025/12/03 19:06:06] Peer 1005 has downloaded the piece 185 from Peer 1004. Now the number of pieces it has is 120.
[2025/12/03 19:06:06] Peer 1005 updated its view of Peer 1003's bitfield: ffffffffffffffffffffffffffffffffffffffffffffff80000000000000000000000000000000000000000000000000000000000000000000000000000000000000000000000000000000000000000000000000000000000000000000000000000000000000000000000000000000000000000000000000000000000000000000000000000000000000000000000000000000000000000000000000000000000000000000000000000000000000000000000000000000000000.
[2025/12/03 19:06:06] Peer 1005 sent the 'have' message to Peer 1002 for the piece 185.
[2025/12/03 19:06:06] Peer 1005 sent the 'have' message to Peer 1003 for the piece 185.
[2025/12/03 19:06:06] Peer 1005 sent the 'have' message to Peer 1004 for the piece 185.
[2025/12/03 19:06:06] Peer 1005 sent the 'have' message to Peer 1006 for the piece 185.
[2025/12/03 19:06:06] Peer 1005 received the 'not interested' message from Peer 1003.
[2025/12/03 19:06:06] Peer 1005 sent the 'not interested' message to Peer 1004.
[2025/12/03 19:06:06] Peer 1005 received the 'interested' message from Peer 1006.
[2025/12/03 19:06:06] Peer 1005 sent 'piece' message for piece 185 to Peer 1006.
[2025/12/03 19:06:06] Peer 1005 received the 'have' message from Peer 1006 for the piece 185.
[2025/12/03 19:06:06] Peer 1005 updated its view of Peer 1006's bitfield: ffffffffffffffffffffffffffffffffffffffffffffffc0000000000000000000000000000000000000000000000000000000000000000000000000000000000000000000000000000000000000000000000000000000000000000000000000000000000000000000000000000000000000000000000000000000000000000000000000000000000000000000000000000000000000000000000000000000000000000000000000000000000000000000000000000000000000.
[2025/12/03 19:06:06] Peer 1005 received the 'not interested' message from Peer 1006.
[2025/12/03 19:06:06] Peer 1005 received the 'have' message from Peer 1002 for the piece 184.
[2025/12/03 19:06:06] Peer 1005 updated its view of Peer 1002's bitfield: ffffffffffffffffffffffffffffffffffffffffffffff80000000000000000000000000000000000000000000000000000000000000000000000000000000000000000000000000000000000000000000000000000000000000000000000000000000000000000000000000000000000000000000000000000000000000000000000000000000000000000000000000000000000000000000000000000000000000000000000000000000000000000000000000000000000000.
[2025/12/03 19:06:06] Peer 1005 received the 'have' message from Peer 1004 for the piece 186.
[2025/12/03 19:06:06] Peer 1005 updated its view of Peer 1004's bitfield: ffffffffffffffffffffffffffffffffffffffffffffffe0000000000000000000000000000000000000000000000000000000000000000000000000000000000000000000000000000000000000000000000000000000000000000000000000000000000000000000000000000000000000000000000000000000000000000000000000000000000000000000000000000000000000000000000000000000000000000000000000000000000000000000000000000000000000.
[2025/12/03 19:06:06] Peer 1005 sent the 'interested' message to Peer 1004.
[2025/12/03 19:06:06] Peer 1005 sent 'request' for piece 186 to Peer 1004.
[2025/12/03 19:06:06] Peer 1005 has downloaded the piece 186 from Peer 1004. Now the number of pieces it has is 121.
[2025/12/03 19:06:06] Peer 1005 sent the 'have' message to Peer 1002 for the piece 186.
[2025/12/03 19:06:06] Peer 1005 sent the 'have' message to Peer 1003 for the piece 186.
[2025/12/03 19:06:06] Peer 1005 sent the 'have' message to Peer 1004 for the piece 186.
[2025/12/03 19:06:06] Peer 1005 sent the 'have' message to Peer 1006 for the piece 186.
[2025/12/03 19:06:06] Peer 1005 received the 'interested' message from Peer 1006.
[2025/12/03 19:06:06] Peer 1005 received the 'have' message from Peer 1002 for the piece 185.
[2025/12/03 19:06:06] Peer 1005 received the 'interested' message from Peer 1003.
[2025/12/03 19:06:06] Peer 1005 sent the 'not interested' message to Peer 1004.
[2025/12/03 19:06:06] Peer 1005 updated its view of Peer 1002's bitfield: ffffffffffffffffffffffffffffffffffffffffffffffc0000000000000000000000000000000000000000000000000000000000000000000000000000000000000000000000000000000000000000000000000000000000000000000000000000000000000000000000000000000000000000000000000000000000000000000000000000000000000000000000000000000000000000000000000000000000000000000000000000000000000000000000000000000000000.
[2025/12/03 19:06:06] Peer 1005 sent 'piece' message for piece 185 to Peer 1003.
[2025/12/03 19:06:06] Peer 1005 sent 'piece' message for piece 186 to Peer 1006.
[2025/12/03 19:06:06] Peer 1005 received the 'have' message from Peer 1003 for the piece 185.
[2025/12/03 19:06:06] Peer 1005 updated its view of Peer 1003's bitfield: ffffffffffffffffffffffffffffffffffffffffffffffc0000000000000000000000000000000000000000000000000000000000000000000000000000000000000000000000000000000000000000000000000000000000000000000000000000000000000000000000000000000000000000000000000000000000000000000000000000000000000000000000000000000000000000000000000000000000000000000000000000000000000000000000000000000000000.
[2025/12/03 19:06:06] Peer 1005 received the 'have' message from Peer 1006 for the piece 186.
[2025/12/03 19:06:06] Peer 1005 updated its view of Peer 1006's bitfield: ffffffffffffffffffffffffffffffffffffffffffffffe0000000000000000000000000000000000000000000000000000000000000000000000000000000000000000000000000000000000000000000000000000000000000000000000000000000000000000000000000000000000000000000000000000000000000000000000000000000000000000000000000000000000000000000000000000000000000000000000000000000000000000000000000000000000000.
[2025/12/03 19:06:06] Peer 1005 received the 'not interested' message from Peer 1006.
[2025/12/03 19:06:06] Peer 1005 sent 'piece' message for piece 186 to Peer 1003.
[2025/12/03 19:06:06] Peer 1005 received the 'have' message from Peer 1003 for the piece 186.
[2025/12/03 19:06:06] Peer 1005 updated its view of Peer 1003's bitfield: ffffffffffffffffffffffffffffffffffffffffffffffe0000000000000000000000000000000000000000000000000000000000000000000000000000000000000000000000000000000000000000000000000000000000000000000000000000000000000000000000000000000000000000000000000000000000000000000000000000000000000000000000000000000000000000000000000000000000000000000000000000000000000000000000000000000000000.
[2025/12/03 19:06:06] Peer 1005 received the 'have' message from Peer 1004 for the piece 187.
[2025/12/03 19:06:06] Peer 1005 updated its view of Peer 1004's bitfield: fffffffffffffffffffffffffffffffffffffffffffffff0000000000000000000000000000000000000000000000000000000000000000000000000000000000000000000000000000000000000000000000000000000000000000000000000000000000000000000000000000000000000000000000000000000000000000000000000000000000000000000000000000000000000000000000000000000000000000000000000000000000000000000000000000000000000.
[2025/12/03 19:06:06] Peer 1005 sent the 'interested' message to Peer 1004.
[2025/12/03 19:06:06] Peer 1005 sent 'request' for piece 187 to Peer 1004.
[2025/12/03 19:06:06] Peer 1005 has downloaded the piece 187 from Peer 1004. Now the number of pieces it has is 122.
[2025/12/03 19:06:06] Peer 1005 sent the 'have' message to Peer 1002 for the piece 187.
[2025/12/03 19:06:06] Peer 1005 sent the 'have' message to Peer 1003 for the piece 187.
[2025/12/03 19:06:06] Peer 1005 sent the 'have' message to Peer 1004 for the piece 187.
[2025/12/03 19:06:06] Peer 1005 sent the 'have' message to Peer 1006 for the piece 187.
[2025/12/03 19:06:06] Peer 1005 sent the 'not interested' message to Peer 1004.
[2025/12/03 19:06:06] Peer 1005 received the 'interested' message from Peer 1006.
[2025/12/03 19:06:06] Peer 1005 received the 'not interested' message from Peer 1003.
[2025/12/03 19:06:06] Peer 1005 sent 'piece' message for piece 187 to Peer 1006.
[2025/12/03 19:06:06] Peer 1005 received the 'have' message from Peer 1006 for the piece 187.
[2025/12/03 19:06:06] Peer 1005 updated its view of Peer 1006's bitfield: fffffffffffffffffffffffffffffffffffffffffffffff0000000000000000000000000000000000000000000000000000000000000000000000000000000000000000000000000000000000000000000000000000000000000000000000000000000000000000000000000000000000000000000000000000000000000000000000000000000000000000000000000000000000000000000000000000000000000000000000000000000000000000000000000000000000000.
[2025/12/03 19:06:06] Peer 1005 received the 'not interested' message from Peer 1006.
[2025/12/03 19:06:06] Peer 1005 received the 'have' message from Peer 1002 for the piece 186.
[2025/12/03 19:06:06] Peer 1005 updated its view of Peer 1002's bitfield: ffffffffffffffffffffffffffffffffffffffffffffffe0000000000000000000000000000000000000000000000000000000000000000000000000000000000000000000000000000000000000000000000000000000000000000000000000000000000000000000000000000000000000000000000000000000000000000000000000000000000000000000000000000000000000000000000000000000000000000000000000000000000000000000000000000000000000.
[2025/12/03 19:06:06] Peer 1005 received the 'have' message from Peer 1004 for the piece 188.
[2025/12/03 19:06:06] Peer 1005 updated its view of Peer 1004's bitfield: fffffffffffffffffffffffffffffffffffffffffffffff8000000000000000000000000000000000000000000000000000000000000000000000000000000000000000000000000000000000000000000000000000000000000000000000000000000000000000000000000000000000000000000000000000000000000000000000000000000000000000000000000000000000000000000000000000000000000000000000000000000000000000000000000000000000000.
[2025/12/03 19:06:06] Peer 1005 sent the 'interested' message to Peer 1004.
[2025/12/03 19:06:06] Peer 1005 sent 'request' for piece 188 to Peer 1004.
[2025/12/03 19:06:06] Peer 1005 has downloaded the piece 188 from Peer 1004. Now the number of pieces it has is 123.
[2025/12/03 19:06:06] Peer 1005 sent the 'have' message to Peer 1002 for the piece 188.
[2025/12/03 19:06:06] Peer 1005 sent the 'have' message to Peer 1003 for the piece 188.
[2025/12/03 19:06:06] Peer 1005 sent the 'have' message to Peer 1004 for the piece 188.
[2025/12/03 19:06:06] Peer 1005 sent the 'have' message to Peer 1006 for the piece 188.
[2025/12/03 19:06:06] Peer 1005 sent the 'not interested' message to Peer 1004.
[2025/12/03 19:06:06] Peer 1005 received the 'interested' message from Peer 1006.
[2025/12/03 19:06:06] Peer 1005 sent 'piece' message for piece 188 to Peer 1006.
[2025/12/03 19:06:06] Peer 1005 received the 'have' message from Peer 1006 for the piece 188.
[2025/12/03 19:06:06] Peer 1005 updated its view of Peer 1006's bitfield: fffffffffffffffffffffffffffffffffffffffffffffff8000000000000000000000000000000000000000000000000000000000000000000000000000000000000000000000000000000000000000000000000000000000000000000000000000000000000000000000000000000000000000000000000000000000000000000000000000000000000000000000000000000000000000000000000000000000000000000000000000000000000000000000000000000000000.
[2025/12/03 19:06:06] Peer 1005 received the 'not interested' message from Peer 1006.
[2025/12/03 19:06:06] Peer 1005 received the 'have' message from Peer 1004 for the piece 189.
[2025/12/03 19:06:06] Peer 1005 updated its view of Peer 1004's bitfield: fffffffffffffffffffffffffffffffffffffffffffffffc000000000000000000000000000000000000000000000000000000000000000000000000000000000000000000000000000000000000000000000000000000000000000000000000000000000000000000000000000000000000000000000000000000000000000000000000000000000000000000000000000000000000000000000000000000000000000000000000000000000000000000000000000000000000.
[2025/12/03 19:06:06] Peer 1005 sent the 'interested' message to Peer 1004.
[2025/12/03 19:06:06] Peer 1005 sent 'request' for piece 189 to Peer 1004.
[2025/12/03 19:06:06] Peer 1005 has downloaded the piece 189 from Peer 1004. Now the number of pieces it has is 124.
[2025/12/03 19:06:06] Peer 1005 sent the 'have' message to Peer 1002 for the piece 189.
[2025/12/03 19:06:06] Peer 1005 sent the 'have' message to Peer 1003 for the piece 189.
[2025/12/03 19:06:06] Peer 1005 sent the 'have' message to Peer 1004 for the piece 189.
[2025/12/03 19:06:06] Peer 1005 sent the 'have' message to Peer 1006 for the piece 189.
[2025/12/03 19:06:06] Peer 1005 received the 'interested' message from Peer 1006.
[2025/12/03 19:06:06] Peer 1005 sent the 'not interested' message to Peer 1004.
[2025/12/03 19:06:06] Peer 1005 received the 'interested' message from Peer 1003.
[2025/12/03 19:06:06] Peer 1005 received the 'have' message from Peer 1002 for the piece 187.
[2025/12/03 19:06:06] Peer 1005 sent 'piece' message for piece 189 to Peer 1006.
[2025/12/03 19:06:06] Peer 1005 sent 'piece' message for piece 187 to Peer 1003.
[2025/12/03 19:06:06] Peer 1005 updated its view of Peer 1002's bitfield: fffffffffffffffffffffffffffffffffffffffffffffff0000000000000000000000000000000000000000000000000000000000000000000000000000000000000000000000000000000000000000000000000000000000000000000000000000000000000000000000000000000000000000000000000000000000000000000000000000000000000000000000000000000000000000000000000000000000000000000000000000000000000000000000000000000000000.
[2025/12/03 19:06:06] Peer 1005 sent 'piece' message for piece 188 to Peer 1003.
[2025/12/03 19:06:06] Peer 1005 sent 'piece' message for piece 189 to Peer 1003.
[2025/12/03 19:06:06] Peer 1005 received the 'have' message from Peer 1006 for the piece 189.
[2025/12/03 19:06:06] Peer 1005 updated its view of Peer 1006's bitfield: fffffffffffffffffffffffffffffffffffffffffffffffc000000000000000000000000000000000000000000000000000000000000000000000000000000000000000000000000000000000000000000000000000000000000000000000000000000000000000000000000000000000000000000000000000000000000000000000000000000000000000000000000000000000000000000000000000000000000000000000000000000000000000000000000000000000000.
[2025/12/03 19:06:06] Peer 1005 received the 'not interested' message from Peer 1006.
[2025/12/03 19:06:06] Peer 1005 received the 'have' message from Peer 1004 for the piece 190.
[2025/12/03 19:06:06] Peer 1005 updated its view of Peer 1004's bitfield: fffffffffffffffffffffffffffffffffffffffffffffffe000000000000000000000000000000000000000000000000000000000000000000000000000000000000000000000000000000000000000000000000000000000000000000000000000000000000000000000000000000000000000000000000000000000000000000000000000000000000000000000000000000000000000000000000000000000000000000000000000000000000000000000000000000000000.
[2025/12/03 19:06:06] Peer 1005 sent the 'interested' message to Peer 1004.
[2025/12/03 19:06:06] Peer 1005 sent 'request' for piece 190 to Peer 1004.
[2025/12/03 19:06:06] Peer 1005 has downloaded the piece 190 from Peer 1004. Now the number of pieces it has is 125.
[2025/12/03 19:06:06] Peer 1005 sent the 'have' message to Peer 1002 for the piece 190.
[2025/12/03 19:06:06] Peer 1005 sent the 'have' message to Peer 1003 for the piece 190.
[2025/12/03 19:06:06] Peer 1005 sent the 'have' message to Peer 1004 for the piece 190.
[2025/12/03 19:06:06] Peer 1005 sent the 'have' message to Peer 1006 for the piece 190.
[2025/12/03 19:06:06] Peer 1005 received the 'have' message from Peer 1003 for the piece 187.
[2025/12/03 19:06:06] Peer 1005 received the 'have' message from Peer 1002 for the piece 188.
[2025/12/03 19:06:06] Peer 1005 sent the 'not interested' message to Peer 1004.
[2025/12/03 19:06:06] Peer 1005 updated its view of Peer 1003's bitfield: fffffffffffffffffffffffffffffffffffffffffffffff0000000000000000000000000000000000000000000000000000000000000000000000000000000000000000000000000000000000000000000000000000000000000000000000000000000000000000000000000000000000000000000000000000000000000000000000000000000000000000000000000000000000000000000000000000000000000000000000000000000000000000000000000000000000000.
[2025/12/03 19:06:06] Peer 1005 received the 'interested' message from Peer 1006.
[2025/12/03 19:06:06] Peer 1005 updated its view of Peer 1002's bitfield: fffffffffffffffffffffffffffffffffffffffffffffff8000000000000000000000000000000000000000000000000000000000000000000000000000000000000000000000000000000000000000000000000000000000000000000000000000000000000000000000000000000000000000000000000000000000000000000000000000000000000000000000000000000000000000000000000000000000000000000000000000000000000000000000000000000000000.
[2025/12/03 19:06:06] Peer 1005 received the 'have' message from Peer 1003 for the piece 188.
[2025/12/03 19:06:06] Peer 1005 sent 'piece' message for piece 190 to Peer 1006.
[2025/12/03 19:06:06] Peer 1005 updated its view of Peer 1003's bitfield: fffffffffffffffffffffffffffffffffffffffffffffff8000000000000000000000000000000000000000000000000000000000000000000000000000000000000000000000000000000000000000000000000000000000000000000000000000000000000000000000000000000000000000000000000000000000000000000000000000000000000000000000000000000000000000000000000000000000000000000000000000000000000000000000000000000000000.
[2025/12/03 19:06:06] Peer 1005 received the 'have' message from Peer 1006 for the piece 190.
[2025/12/03 19:06:06] Peer 1005 updated its view of Peer 1006's bitfield: fffffffffffffffffffffffffffffffffffffffffffffffe000000000000000000000000000000000000000000000000000000000000000000000000000000000000000000000000000000000000000000000000000000000000000000000000000000000000000000000000000000000000000000000000000000000000000000000000000000000000000000000000000000000000000000000000000000000000000000000000000000000000000000000000000000000000.
[2025/12/03 19:06:06] Peer 1005 received the 'not interested' message from Peer 1006.
[2025/12/03 19:06:06] Peer 1005 received the 'have' message from Peer 1003 for the piece 189.
[2025/12/03 19:06:06] Peer 1005 updated its view of Peer 1003's bitfield: fffffffffffffffffffffffffffffffffffffffffffffffc000000000000000000000000000000000000000000000000000000000000000000000000000000000000000000000000000000000000000000000000000000000000000000000000000000000000000000000000000000000000000000000000000000000000000000000000000000000000000000000000000000000000000000000000000000000000000000000000000000000000000000000000000000000000.
[2025/12/03 19:06:06] Peer 1005 received the 'not interested' message from Peer 1003.
[2025/12/03 19:06:06] Peer 1005 received the 'have' message from Peer 1002 for the piece 189.
[2025/12/03 19:06:06] Peer 1005 updated its view of Peer 1002's bitfield: fffffffffffffffffffffffffffffffffffffffffffffffc000000000000000000000000000000000000000000000000000000000000000000000000000000000000000000000000000000000000000000000000000000000000000000000000000000000000000000000000000000000000000000000000000000000000000000000000000000000000000000000000000000000000000000000000000000000000000000000000000000000000000000000000000000000000.
[2025/12/03 19:06:06] Peer 1005 received the 'interested' message from Peer 1003.
[2025/12/03 19:06:06] Peer 1005 sent 'piece' message for piece 190 to Peer 1003.
[2025/12/03 19:06:06] Peer 1005 received the 'not interested' message from Peer 1003.
[2025/12/03 19:06:06] Peer 1005 received the 'have' message from Peer 1004 for the piece 191.
[2025/12/03 19:06:06] Peer 1005 updated its view of Peer 1004's bitfield: ffffffffffffffffffffffffffffffffffffffffffffffff000000000000000000000000000000000000000000000000000000000000000000000000000000000000000000000000000000000000000000000000000000000000000000000000000000000000000000000000000000000000000000000000000000000000000000000000000000000000000000000000000000000000000000000000000000000000000000000000000000000000000000000000000000000000.
[2025/12/03 19:06:06] Peer 1005 sent the 'interested' message to Peer 1004.
[2025/12/03 19:06:06] Peer 1005 sent 'request' for piece 191 to Peer 1004.
[2025/12/03 19:06:06] Peer 1005 has downloaded the piece 191 from Peer 1004. Now the number of pieces it has is 126.
[2025/12/03 19:06:06] Peer 1005 sent the 'have' message to Peer 1002 for the piece 191.
[2025/12/03 19:06:06] Peer 1005 sent the 'have' message to Peer 1003 for the piece 191.
[2025/12/03 19:06:06] Peer 1005 sent the 'have' message to Peer 1004 for the piece 191.
[2025/12/03 19:06:06] Peer 1005 sent the 'have' message to Peer 1006 for the piece 191.
[2025/12/03 19:06:06] Peer 1005 received the 'have' message from Peer 1003 for the piece 190.
[2025/12/03 19:06:06] Peer 1005 sent the 'not interested' message to Peer 1004.
[2025/12/03 19:06:06] Peer 1005 updated its view of Peer 1003's bitfield: fffffffffffffffffffffffffffffffffffffffffffffffe000000000000000000000000000000000000000000000000000000000000000000000000000000000000000000000000000000000000000000000000000000000000000000000000000000000000000000000000000000000000000000000000000000000000000000000000000000000000000000000000000000000000000000000000000000000000000000000000000000000000000000000000000000000000.
[2025/12/03 19:06:06] Peer 1005 received the 'interested' message from Peer 1006.
[2025/12/03 19:06:06] Peer 1005 sent 'piece' message for piece 191 to Peer 1006.
[2025/12/03 19:06:06] Peer 1005 received the 'have' message from Peer 1002 for the piece 190.
[2025/12/03 19:06:06] Peer 1005 updated its view of Peer 1002's bitfield: fffffffffffffffffffffffffffffffffffffffffffffffe000000000000000000000000000000000000000000000000000000000000000000000000000000000000000000000000000000000000000000000000000000000000000000000000000000000000000000000000000000000000000000000000000000000000000000000000000000000000000000000000000000000000000000000000000000000000000000000000000000000000000000000000000000000000.
[2025/12/03 19:06:06] Peer 1005 received the 'have' message from Peer 1006 for the piece 191.
[2025/12/03 19:06:06] Peer 1005 updated its view of Peer 1006's bitfield: ffffffffffffffffffffffffffffffffffffffffffffffff000000000000000000000000000000000000000000000000000000000000000000000000000000000000000000000000000000000000000000000000000000000000000000000000000000000000000000000000000000000000000000000000000000000000000000000000000000000000000000000000000000000000000000000000000000000000000000000000000000000000000000000000000000000000.
[2025/12/03 19:06:06] Peer 1005 received the 'not interested' message from Peer 1006.
[2025/12/03 19:06:06] Peer 1005 received the 'interested' message from Peer 1003.
[2025/12/03 19:06:06] Peer 1005 sent 'piece' message for piece 191 to Peer 1003.
[2025/12/03 19:06:06] Peer 1005 received the 'have' message from Peer 1004 for the piece 192.
[2025/12/03 19:06:06] Peer 1005 updated its view of Peer 1004's bitfield: ffffffffffffffffffffffffffffffffffffffffffffffff800000000000000000000000000000000000000000000000000000000000000000000000000000000000000000000000000000000000000000000000000000000000000000000000000000000000000000000000000000000000000000000000000000000000000000000000000000000000000000000000000000000000000000000000000000000000000000000000000000000000000000000000000000000000.
[2025/12/03 19:06:06] Peer 1005 sent the 'interested' message to Peer 1004.
[2025/12/03 19:06:06] Peer 1005 sent 'request' for piece 192 to Peer 1004.
[2025/12/03 19:06:06] Peer 1005 has downloaded the piece 192 from Peer 1004. Now the number of pieces it has is 127.
[2025/12/03 19:06:06] Peer 1005 sent the 'have' message to Peer 1002 for the piece 192.
[2025/12/03 19:06:06] Peer 1005 sent the 'have' message to Peer 1003 for the piece 192.
[2025/12/03 19:06:06] Peer 1005 sent the 'have' message to Peer 1004 for the piece 192.
[2025/12/03 19:06:06] Peer 1005 sent the 'have' message to Peer 1006 for the piece 192.
[2025/12/03 19:06:06] Peer 1005 sent the 'not interested' message to Peer 1004.
[2025/12/03 19:06:06] Peer 1005 received the 'interested' message from Peer 1006.
[2025/12/03 19:06:06] Peer 1005 sent 'piece' message for piece 192 to Peer 1006.
[2025/12/03 19:06:06] Peer 1005 received the 'have' message from Peer 1006 for the piece 192.
[2025/12/03 19:06:06] Peer 1005 updated its view of Peer 1006's bitfield: ffffffffffffffffffffffffffffffffffffffffffffffff800000000000000000000000000000000000000000000000000000000000000000000000000000000000000000000000000000000000000000000000000000000000000000000000000000000000000000000000000000000000000000000000000000000000000000000000000000000000000000000000000000000000000000000000000000000000000000000000000000000000000000000000000000000000.
[2025/12/03 19:06:06] Peer 1005 received the 'not interested' message from Peer 1006.
[2025/12/03 19:06:06] Peer 1005 received the 'have' message from Peer 1003 for the piece 191.
[2025/12/03 19:06:06] Peer 1005 updated its view of Peer 1003's bitfield: ffffffffffffffffffffffffffffffffffffffffffffffff000000000000000000000000000000000000000000000000000000000000000000000000000000000000000000000000000000000000000000000000000000000000000000000000000000000000000000000000000000000000000000000000000000000000000000000000000000000000000000000000000000000000000000000000000000000000000000000000000000000000000000000000000000000000.
[2025/12/03 19:06:06] Peer 1005 received the 'have' message from Peer 1002 for the piece 191.
[2025/12/03 19:06:06] Peer 1005 updated its view of Peer 1002's bitfield: ffffffffffffffffffffffffffffffffffffffffffffffff000000000000000000000000000000000000000000000000000000000000000000000000000000000000000000000000000000000000000000000000000000000000000000000000000000000000000000000000000000000000000000000000000000000000000000000000000000000000000000000000000000000000000000000000000000000000000000000000000000000000000000000000000000000000.
[2025/12/03 19:06:06] Peer 1005 received the 'have' message from Peer 1004 for the piece 193.
[2025/12/03 19:06:06] Peer 1005 updated its view of Peer 1004's bitfield: ffffffffffffffffffffffffffffffffffffffffffffffffc00000000000000000000000000000000000000000000000000000000000000000000000000000000000000000000000000000000000000000000000000000000000000000000000000000000000000000000000000000000000000000000000000000000000000000000000000000000000000000000000000000000000000000000000000000000000000000000000000000000000000000000000000000000000.
[2025/12/03 19:06:06] Peer 1005 sent the 'interested' message to Peer 1004.
[2025/12/03 19:06:06] Peer 1005 sent 'request' for piece 193 to Peer 1004.
[2025/12/03 19:06:06] Peer 1005 has downloaded the piece 193 from Peer 1004. Now the number of pieces it has is 128.
[2025/12/03 19:06:06] Peer 1005 sent the 'have' message to Peer 1002 for the piece 193.
[2025/12/03 19:06:06] Peer 1005 sent the 'have' message to Peer 1003 for the piece 193.
[2025/12/03 19:06:06] Peer 1005 sent the 'have' message to Peer 1004 for the piece 193.
[2025/12/03 19:06:06] Peer 1005 sent the 'have' message to Peer 1006 for the piece 193.
[2025/12/03 19:06:06] Peer 1005 received the 'interested' message from Peer 1006.
[2025/12/03 19:06:06] Peer 1005 sent the 'not interested' message to Peer 1004.
[2025/12/03 19:06:06] Peer 1005 sent 'piece' message for piece 193 to Peer 1006.
[2025/12/03 19:06:06] Peer 1005 received the 'not interested' message from Peer 1003.
[2025/12/03 19:06:06] Peer 1005 received the 'have' message from Peer 1002 for the piece 192.
[2025/12/03 19:06:06] Peer 1005 received the 'interested' message from Peer 1003.
[2025/12/03 19:06:06] Peer 1005 updated its view of Peer 1002's bitfield: ffffffffffffffffffffffffffffffffffffffffffffffff800000000000000000000000000000000000000000000000000000000000000000000000000000000000000000000000000000000000000000000000000000000000000000000000000000000000000000000000000000000000000000000000000000000000000000000000000000000000000000000000000000000000000000000000000000000000000000000000000000000000000000000000000000000000.
[2025/12/03 19:06:06] Peer 1005 received the 'have' message from Peer 1003 for the piece 192.
[2025/12/03 19:06:06] Peer 1005 updated its view of Peer 1003's bitfield: ffffffffffffffffffffffffffffffffffffffffffffffff800000000000000000000000000000000000000000000000000000000000000000000000000000000000000000000000000000000000000000000000000000000000000000000000000000000000000000000000000000000000000000000000000000000000000000000000000000000000000000000000000000000000000000000000000000000000000000000000000000000000000000000000000000000000.
[2025/12/03 19:06:06] Peer 1005 received the 'have' message from Peer 1006 for the piece 193.
[2025/12/03 19:06:06] Peer 1005 updated its view of Peer 1006's bitfield: ffffffffffffffffffffffffffffffffffffffffffffffffc00000000000000000000000000000000000000000000000000000000000000000000000000000000000000000000000000000000000000000000000000000000000000000000000000000000000000000000000000000000000000000000000000000000000000000000000000000000000000000000000000000000000000000000000000000000000000000000000000000000000000000000000000000000000.
[2025/12/03 19:06:06] Peer 1005 received the 'not interested' message from Peer 1006.
[2025/12/03 19:06:07] Peer 1005 sent 'piece' message for piece 193 to Peer 1003.
[2025/12/03 19:06:07] Peer 1005 received the 'have' message from Peer 1003 for the piece 193.
[2025/12/03 19:06:07] Peer 1005 updated its view of Peer 1003's bitfield: ffffffffffffffffffffffffffffffffffffffffffffffffc00000000000000000000000000000000000000000000000000000000000000000000000000000000000000000000000000000000000000000000000000000000000000000000000000000000000000000000000000000000000000000000000000000000000000000000000000000000000000000000000000000000000000000000000000000000000000000000000000000000000000000000000000000000000.
[2025/12/03 19:06:07] Peer 1005 received the 'have' message from Peer 1004 for the piece 194.
[2025/12/03 19:06:07] Peer 1005 updated its view of Peer 1004's bitfield: ffffffffffffffffffffffffffffffffffffffffffffffffe00000000000000000000000000000000000000000000000000000000000000000000000000000000000000000000000000000000000000000000000000000000000000000000000000000000000000000000000000000000000000000000000000000000000000000000000000000000000000000000000000000000000000000000000000000000000000000000000000000000000000000000000000000000000.
[2025/12/03 19:06:07] Peer 1005 sent the 'interested' message to Peer 1004.
[2025/12/03 19:06:07] Peer 1005 sent 'request' for piece 194 to Peer 1004.
[2025/12/03 19:06:07] Peer 1005 received the 'not interested' message from Peer 1003.
[2025/12/03 19:06:07] Peer 1005 has downloaded the piece 194 from Peer 1004. Now the number of pieces it has is 129.
[2025/12/03 19:06:07] Peer 1005 sent the 'have' message to Peer 1002 for the piece 194.
[2025/12/03 19:06:07] Peer 1005 sent the 'have' message to Peer 1003 for the piece 194.
[2025/12/03 19:06:07] Peer 1005 sent the 'have' message to Peer 1004 for the piece 194.
[2025/12/03 19:06:07] Peer 1005 sent the 'have' message to Peer 1006 for the piece 194.
[2025/12/03 19:06:07] Peer 1005 sent the 'not interested' message to Peer 1004.
[2025/12/03 19:06:07] Peer 1005 received the 'interested' message from Peer 1006.
[2025/12/03 19:06:07] Peer 1005 sent 'piece' message for piece 194 to Peer 1006.
[2025/12/03 19:06:07] Peer 1005 received the 'have' message from Peer 1006 for the piece 194.
[2025/12/03 19:06:07] Peer 1005 updated its view of Peer 1006's bitfield: ffffffffffffffffffffffffffffffffffffffffffffffffe00000000000000000000000000000000000000000000000000000000000000000000000000000000000000000000000000000000000000000000000000000000000000000000000000000000000000000000000000000000000000000000000000000000000000000000000000000000000000000000000000000000000000000000000000000000000000000000000000000000000000000000000000000000000.
[2025/12/03 19:06:07] Peer 1005 received the 'not interested' message from Peer 1006.
[2025/12/03 19:06:07] Peer 1005 received the 'interested' message from Peer 1003.
[2025/12/03 19:06:07] Peer 1005 received the 'have' message from Peer 1004 for the piece 195.
[2025/12/03 19:06:07] Peer 1005 updated its view of Peer 1004's bitfield: fffffffffffffffffffffffffffffffffffffffffffffffff00000000000000000000000000000000000000000000000000000000000000000000000000000000000000000000000000000000000000000000000000000000000000000000000000000000000000000000000000000000000000000000000000000000000000000000000000000000000000000000000000000000000000000000000000000000000000000000000000000000000000000000000000000000000.
[2025/12/03 19:06:07] Peer 1005 sent the 'interested' message to Peer 1004.
[2025/12/03 19:06:07] Peer 1005 sent 'request' for piece 195 to Peer 1004.
[2025/12/03 19:06:07] Peer 1005 has downloaded the piece 195 from Peer 1004. Now the number of pieces it has is 130.
[2025/12/03 19:06:07] Peer 1005 sent the 'have' message to Peer 1002 for the piece 195.
[2025/12/03 19:06:07] Peer 1005 sent the 'have' message to Peer 1003 for the piece 195.
[2025/12/03 19:06:07] Peer 1005 sent the 'have' message to Peer 1004 for the piece 195.
[2025/12/03 19:06:07] Peer 1005 sent the 'have' message to Peer 1006 for the piece 195.
[2025/12/03 19:06:07] Peer 1005 sent the 'not interested' message to Peer 1004.
[2025/12/03 19:06:07] Peer 1005 received the 'interested' message from Peer 1006.
[2025/12/03 19:06:07] Peer 1005 sent 'piece' message for piece 195 to Peer 1006.
[2025/12/03 19:06:07] Peer 1005 sent 'piece' message for piece 194 to Peer 1003.
[2025/12/03 19:06:07] Peer 1005 received the 'have' message from Peer 1003 for the piece 194.
[2025/12/03 19:06:07] Peer 1005 updated its view of Peer 1003's bitfield: ffffffffffffffffffffffffffffffffffffffffffffffffe00000000000000000000000000000000000000000000000000000000000000000000000000000000000000000000000000000000000000000000000000000000000000000000000000000000000000000000000000000000000000000000000000000000000000000000000000000000000000000000000000000000000000000000000000000000000000000000000000000000000000000000000000000000000.
[2025/12/03 19:06:07] Peer 1005 received the 'have' message from Peer 1006 for the piece 195.
[2025/12/03 19:06:07] Peer 1005 updated its view of Peer 1006's bitfield: fffffffffffffffffffffffffffffffffffffffffffffffff00000000000000000000000000000000000000000000000000000000000000000000000000000000000000000000000000000000000000000000000000000000000000000000000000000000000000000000000000000000000000000000000000000000000000000000000000000000000000000000000000000000000000000000000000000000000000000000000000000000000000000000000000000000000.
[2025/12/03 19:06:07] Peer 1005 received the 'not interested' message from Peer 1006.
[2025/12/03 19:06:07] Peer 1005 sent 'piece' message for piece 195 to Peer 1003.
[2025/12/03 19:06:07] Peer 1005 received the 'have' message from Peer 1003 for the piece 195.
[2025/12/03 19:06:07] Peer 1005 updated its view of Peer 1003's bitfield: fffffffffffffffffffffffffffffffffffffffffffffffff00000000000000000000000000000000000000000000000000000000000000000000000000000000000000000000000000000000000000000000000000000000000000000000000000000000000000000000000000000000000000000000000000000000000000000000000000000000000000000000000000000000000000000000000000000000000000000000000000000000000000000000000000000000000.
[2025/12/03 19:06:07] Peer 1005 received the 'have' message from Peer 1004 for the piece 196.
[2025/12/03 19:06:07] Peer 1005 updated its view of Peer 1004's bitfield: fffffffffffffffffffffffffffffffffffffffffffffffff80000000000000000000000000000000000000000000000000000000000000000000000000000000000000000000000000000000000000000000000000000000000000000000000000000000000000000000000000000000000000000000000000000000000000000000000000000000000000000000000000000000000000000000000000000000000000000000000000000000000000000000000000000000000.
[2025/12/03 19:06:07] Peer 1005 sent the 'interested' message to Peer 1004.
[2025/12/03 19:06:07] Peer 1005 sent 'request' for piece 196 to Peer 1004.
[2025/12/03 19:06:07] Peer 1005 has downloaded the piece 196 from Peer 1004. Now the number of pieces it has is 131.
[2025/12/03 19:06:07] Peer 1005 sent the 'have' message to Peer 1002 for the piece 196.
[2025/12/03 19:06:07] Peer 1005 sent the 'have' message to Peer 1003 for the piece 196.
[2025/12/03 19:06:07] Peer 1005 sent the 'have' message to Peer 1004 for the piece 196.
[2025/12/03 19:06:07] Peer 1005 sent the 'have' message to Peer 1006 for the piece 196.
[2025/12/03 19:06:07] Peer 1005 received the 'not interested' message from Peer 1003.
[2025/12/03 19:06:07] Peer 1005 sent the 'not interested' message to Peer 1004.
[2025/12/03 19:06:07] Peer 1005 received the 'interested' message from Peer 1006.
[2025/12/03 19:06:07] Peer 1005 sent 'piece' message for piece 196 to Peer 1006.
[2025/12/03 19:06:07] Peer 1005 received the 'have' message from Peer 1006 for the piece 196.
[2025/12/03 19:06:07] Peer 1005 updated its view of Peer 1006's bitfield: fffffffffffffffffffffffffffffffffffffffffffffffff80000000000000000000000000000000000000000000000000000000000000000000000000000000000000000000000000000000000000000000000000000000000000000000000000000000000000000000000000000000000000000000000000000000000000000000000000000000000000000000000000000000000000000000000000000000000000000000000000000000000000000000000000000000000.
[2025/12/03 19:06:07] Peer 1005 received the 'not interested' message from Peer 1006.
[2025/12/03 19:06:07] Peer 1005 received the 'have' message from Peer 1004 for the piece 197.
[2025/12/03 19:06:07] Peer 1005 updated its view of Peer 1004's bitfield: fffffffffffffffffffffffffffffffffffffffffffffffffc0000000000000000000000000000000000000000000000000000000000000000000000000000000000000000000000000000000000000000000000000000000000000000000000000000000000000000000000000000000000000000000000000000000000000000000000000000000000000000000000000000000000000000000000000000000000000000000000000000000000000000000000000000000000.
[2025/12/03 19:06:07] Peer 1005 sent the 'interested' message to Peer 1004.
[2025/12/03 19:06:07] Peer 1005 sent 'request' for piece 197 to Peer 1004.
[2025/12/03 19:06:07] Peer 1005 has downloaded the piece 197 from Peer 1004. Now the number of pieces it has is 132.
[2025/12/03 19:06:07] Peer 1005 sent the 'have' message to Peer 1002 for the piece 197.
[2025/12/03 19:06:07] Peer 1005 sent the 'have' message to Peer 1003 for the piece 197.
[2025/12/03 19:06:07] Peer 1005 sent the 'have' message to Peer 1004 for the piece 197.
[2025/12/03 19:06:07] Peer 1005 sent the 'have' message to Peer 1006 for the piece 197.
[2025/12/03 19:06:07] Peer 1005 received the 'interested' message from Peer 1003.
[2025/12/03 19:06:07] Peer 1005 sent the 'not interested' message to Peer 1004.
[2025/12/03 19:06:07] Peer 1005 received the 'have' message from Peer 1006 for the piece 197.
[2025/12/03 19:06:07] Peer 1005 sent 'piece' message for piece 196 to Peer 1003.
[2025/12/03 19:06:07] Peer 1005 updated its view of Peer 1006's bitfield: fffffffffffffffffffffffffffffffffffffffffffffffffc0000000000000000000000000000000000000000000000000000000000000000000000000000000000000000000000000000000000000000000000000000000000000000000000000000000000000000000000000000000000000000000000000000000000000000000000000000000000000000000000000000000000000000000000000000000000000000000000000000000000000000000000000000000000.
[2025/12/03 19:06:07] Peer 1005 received the 'have' message from Peer 1004 for the piece 198.
[2025/12/03 19:06:07] Peer 1005 updated its view of Peer 1004's bitfield: fffffffffffffffffffffffffffffffffffffffffffffffffe0000000000000000000000000000000000000000000000000000000000000000000000000000000000000000000000000000000000000000000000000000000000000000000000000000000000000000000000000000000000000000000000000000000000000000000000000000000000000000000000000000000000000000000000000000000000000000000000000000000000000000000000000000000000.
[2025/12/03 19:06:07] Peer 1005 sent the 'interested' message to Peer 1004.
[2025/12/03 19:06:07] Peer 1005 sent 'request' for piece 198 to Peer 1004.
[2025/12/03 19:06:07] Peer 1005 has downloaded the piece 198 from Peer 1004. Now the number of pieces it has is 133.
[2025/12/03 19:06:07] Peer 1005 sent the 'have' message to Peer 1002 for the piece 198.
[2025/12/03 19:06:07] Peer 1005 received the 'have' message from Peer 1002 for the piece 193.
[2025/12/03 19:06:07] Peer 1005 sent 'piece' message for piece 197 to Peer 1003.
[2025/12/03 19:06:07] Peer 1005 sent the 'have' message to Peer 1003 for the piece 198.
[2025/12/03 19:06:07] Peer 1005 updated its view of Peer 1002's bitfield: ffffffffffffffffffffffffffffffffffffffffffffffffc00000000000000000000000000000000000000000000000000000000000000000000000000000000000000000000000000000000000000000000000000000000000000000000000000000000000000000000000000000000000000000000000000000000000000000000000000000000000000000000000000000000000000000000000000000000000000000000000000000000000000000000000000000000000.
[2025/12/03 19:06:07] Peer 1005 sent the 'have' message to Peer 1004 for the piece 198.
[2025/12/03 19:06:07] Peer 1005 sent the 'have' message to Peer 1006 for the piece 198.
[2025/12/03 19:06:07] Peer 1005 sent the 'not interested' message to Peer 1004.
[2025/12/03 19:06:07] Peer 1005 received the 'have' message from Peer 1006 for the piece 198.
[2025/12/03 19:06:07] Peer 1005 updated its view of Peer 1006's bitfield: fffffffffffffffffffffffffffffffffffffffffffffffffe0000000000000000000000000000000000000000000000000000000000000000000000000000000000000000000000000000000000000000000000000000000000000000000000000000000000000000000000000000000000000000000000000000000000000000000000000000000000000000000000000000000000000000000000000000000000000000000000000000000000000000000000000000000000.
[2025/12/03 19:06:07] Peer 1005 received the 'have' message from Peer 1003 for the piece 196.
[2025/12/03 19:06:07] Peer 1005 updated its view of Peer 1003's bitfield: fffffffffffffffffffffffffffffffffffffffffffffffff80000000000000000000000000000000000000000000000000000000000000000000000000000000000000000000000000000000000000000000000000000000000000000000000000000000000000000000000000000000000000000000000000000000000000000000000000000000000000000000000000000000000000000000000000000000000000000000000000000000000000000000000000000000000.
[2025/12/03 19:06:07] Peer 1005 received the 'have' message from Peer 1002 for the piece 194.
[2025/12/03 19:06:07] Peer 1005 updated its view of Peer 1002's bitfield: ffffffffffffffffffffffffffffffffffffffffffffffffe00000000000000000000000000000000000000000000000000000000000000000000000000000000000000000000000000000000000000000000000000000000000000000000000000000000000000000000000000000000000000000000000000000000000000000000000000000000000000000000000000000000000000000000000000000000000000000000000000000000000000000000000000000000000.
[2025/12/03 19:06:07] Peer 1005 received the 'have' message from Peer 1004 for the piece 199.
[2025/12/03 19:06:07] Peer 1005 updated its view of Peer 1004's bitfield: ffffffffffffffffffffffffffffffffffffffffffffffffff0000000000000000000000000000000000000000000000000000000000000000000000000000000000000000000000000000000000000000000000000000000000000000000000000000000000000000000000000000000000000000000000000000000000000000000000000000000000000000000000000000000000000000000000000000000000000000000000000000000000000000000000000000000000.
[2025/12/03 19:06:07] Peer 1005 sent the 'interested' message to Peer 1004.
[2025/12/03 19:06:07] Peer 1005 sent 'request' for piece 199 to Peer 1004.
[2025/12/03 19:06:07] Peer 1005 has downloaded the piece 199 from Peer 1004. Now the number of pieces it has is 134.
[2025/12/03 19:06:07] Peer 1005 sent the 'have' message to Peer 1002 for the piece 199.
[2025/12/03 19:06:07] Peer 1005 sent the 'have' message to Peer 1003 for the piece 199.
[2025/12/03 19:06:07] Peer 1005 sent the 'have' message to Peer 1004 for the piece 199.
[2025/12/03 19:06:07] Peer 1005 sent the 'have' message to Peer 1006 for the piece 199.
[2025/12/03 19:06:07] Peer 1005 received the 'have' message from Peer 1002 for the piece 195.
[2025/12/03 19:06:07] Peer 1005 sent 'piece' message for piece 198 to Peer 1003.
[2025/12/03 19:06:07] Peer 1005 sent the 'not interested' message to Peer 1004.
[2025/12/03 19:06:07] Peer 1005 updated its view of Peer 1002's bitfield: fffffffffffffffffffffffffffffffffffffffffffffffff00000000000000000000000000000000000000000000000000000000000000000000000000000000000000000000000000000000000000000000000000000000000000000000000000000000000000000000000000000000000000000000000000000000000000000000000000000000000000000000000000000000000000000000000000000000000000000000000000000000000000000000000000000000000.
[2025/12/03 19:06:07] Peer 1005 received the 'have' message from Peer 1003 for the piece 197.
[2025/12/03 19:06:07] Peer 1005 received the 'have' message from Peer 1002 for the piece 196.
[2025/12/03 19:06:07] Peer 1005 updated its view of Peer 1003's bitfield: fffffffffffffffffffffffffffffffffffffffffffffffffc0000000000000000000000000000000000000000000000000000000000000000000000000000000000000000000000000000000000000000000000000000000000000000000000000000000000000000000000000000000000000000000000000000000000000000000000000000000000000000000000000000000000000000000000000000000000000000000000000000000000000000000000000000000000.
[2025/12/03 19:06:07] Peer 1005 updated its view of Peer 1002's bitfield: fffffffffffffffffffffffffffffffffffffffffffffffff80000000000000000000000000000000000000000000000000000000000000000000000000000000000000000000000000000000000000000000000000000000000000000000000000000000000000000000000000000000000000000000000000000000000000000000000000000000000000000000000000000000000000000000000000000000000000000000000000000000000000000000000000000000000.
[2025/12/03 19:06:07] Peer 1005 sent 'piece' message for piece 199 to Peer 1003.
[2025/12/03 19:06:07] Peer 1005 received the 'have' message from Peer 1006 for the piece 199.
[2025/12/03 19:06:07] Peer 1005 updated its view of Peer 1006's bitfield: ffffffffffffffffffffffffffffffffffffffffffffffffff0000000000000000000000000000000000000000000000000000000000000000000000000000000000000000000000000000000000000000000000000000000000000000000000000000000000000000000000000000000000000000000000000000000000000000000000000000000000000000000000000000000000000000000000000000000000000000000000000000000000000000000000000000000000.
[2025/12/03 19:06:07] Peer 1005 received the 'have' message from Peer 1003 for the piece 198.
[2025/12/03 19:06:07] Peer 1005 updated its view of Peer 1003's bitfield: fffffffffffffffffffffffffffffffffffffffffffffffffe0000000000000000000000000000000000000000000000000000000000000000000000000000000000000000000000000000000000000000000000000000000000000000000000000000000000000000000000000000000000000000000000000000000000000000000000000000000000000000000000000000000000000000000000000000000000000000000000000000000000000000000000000000000000.
[2025/12/03 19:06:07] Peer 1005 received the 'have' message from Peer 1004 for the piece 200.
[2025/12/03 19:06:07] Peer 1005 updated its view of Peer 1004's bitfield: ffffffffffffffffffffffffffffffffffffffffffffffffff8000000000000000000000000000000000000000000000000000000000000000000000000000000000000000000000000000000000000000000000000000000000000000000000000000000000000000000000000000000000000000000000000000000000000000000000000000000000000000000000000000000000000000000000000000000000000000000000000000000000000000000000000000000000.
[2025/12/03 19:06:07] Peer 1005 sent the 'interested' message to Peer 1004.
[2025/12/03 19:06:07] Peer 1005 sent 'request' for piece 200 to Peer 1004.
[2025/12/03 19:06:07] Peer 1005 has downloaded the piece 200 from Peer 1004. Now the number of pieces it has is 135.
[2025/12/03 19:06:07] Peer 1005 sent the 'have' message to Peer 1002 for the piece 200.
[2025/12/03 19:06:07] Peer 1005 received the 'have' message from Peer 1002 for the piece 197.
[2025/12/03 19:06:07] Peer 1005 sent the 'have' message to Peer 1003 for the piece 200.
[2025/12/03 19:06:07] Peer 1005 updated its view of Peer 1002's bitfield: fffffffffffffffffffffffffffffffffffffffffffffffffc0000000000000000000000000000000000000000000000000000000000000000000000000000000000000000000000000000000000000000000000000000000000000000000000000000000000000000000000000000000000000000000000000000000000000000000000000000000000000000000000000000000000000000000000000000000000000000000000000000000000000000000000000000000000.
[2025/12/03 19:06:07] Peer 1005 sent the 'have' message to Peer 1004 for the piece 200.
[2025/12/03 19:06:07] Peer 1005 received the 'have' message from Peer 1002 for the piece 198.
[2025/12/03 19:06:07] Peer 1005 sent the 'have' message to Peer 1006 for the piece 200.
[2025/12/03 19:06:07] Peer 1005 updated its view of Peer 1002's bitfield: fffffffffffffffffffffffffffffffffffffffffffffffffe0000000000000000000000000000000000000000000000000000000000000000000000000000000000000000000000000000000000000000000000000000000000000000000000000000000000000000000000000000000000000000000000000000000000000000000000000000000000000000000000000000000000000000000000000000000000000000000000000000000000000000000000000000000000.
[2025/12/03 19:06:07] Peer 1005 sent the 'not interested' message to Peer 1004.
[2025/12/03 19:06:07] Peer 1005 received the 'have' message from Peer 1002 for the piece 199.
[2025/12/03 19:06:07] Peer 1005 received the 'have' message from Peer 1003 for the piece 199.
[2025/12/03 19:06:07] Peer 1005 updated its view of Peer 1002's bitfield: ffffffffffffffffffffffffffffffffffffffffffffffffff0000000000000000000000000000000000000000000000000000000000000000000000000000000000000000000000000000000000000000000000000000000000000000000000000000000000000000000000000000000000000000000000000000000000000000000000000000000000000000000000000000000000000000000000000000000000000000000000000000000000000000000000000000000000.
[2025/12/03 19:06:07] Peer 1005 updated its view of Peer 1003's bitfield: ffffffffffffffffffffffffffffffffffffffffffffffffff0000000000000000000000000000000000000000000000000000000000000000000000000000000000000000000000000000000000000000000000000000000000000000000000000000000000000000000000000000000000000000000000000000000000000000000000000000000000000000000000000000000000000000000000000000000000000000000000000000000000000000000000000000000000.
[2025/12/03 19:06:07] Peer 1005 received the 'not interested' message from Peer 1003.
[2025/12/03 19:06:07] Peer 1005 received the 'have' message from Peer 1006 for the piece 200.
[2025/12/03 19:06:07] Peer 1005 updated its view of Peer 1006's bitfield: ffffffffffffffffffffffffffffffffffffffffffffffffff8000000000000000000000000000000000000000000000000000000000000000000000000000000000000000000000000000000000000000000000000000000000000000000000000000000000000000000000000000000000000000000000000000000000000000000000000000000000000000000000000000000000000000000000000000000000000000000000000000000000000000000000000000000000.
[2025/12/03 19:06:07] Peer 1005 received the 'interested' message from Peer 1003.
[2025/12/03 19:06:07] Peer 1005 sent 'piece' message for piece 200 to Peer 1003.
[2025/12/03 19:06:07] Peer 1005 received the 'have' message from Peer 1004 for the piece 201.
[2025/12/03 19:06:07] Peer 1005 updated its view of Peer 1004's bitfield: ffffffffffffffffffffffffffffffffffffffffffffffffffc000000000000000000000000000000000000000000000000000000000000000000000000000000000000000000000000000000000000000000000000000000000000000000000000000000000000000000000000000000000000000000000000000000000000000000000000000000000000000000000000000000000000000000000000000000000000000000000000000000000000000000000000000000000.
[2025/12/03 19:06:07] Peer 1005 sent the 'interested' message to Peer 1004.
[2025/12/03 19:06:07] Peer 1005 sent 'request' for piece 201 to Peer 1004.
[2025/12/03 19:06:07] Peer 1005 has downloaded the piece 201 from Peer 1004. Now the number of pieces it has is 136.
[2025/12/03 19:06:07] Peer 1005 received the 'have' message from Peer 1003 for the piece 200.
[2025/12/03 19:06:07] Peer 1005 received the 'have' message from Peer 1002 for the piece 200.
[2025/12/03 19:06:07] Peer 1005 sent the 'have' message to Peer 1002 for the piece 201.
[2025/12/03 19:06:07] Peer 1005 updated its view of Peer 1003's bitfield: ffffffffffffffffffffffffffffffffffffffffffffffffff8000000000000000000000000000000000000000000000000000000000000000000000000000000000000000000000000000000000000000000000000000000000000000000000000000000000000000000000000000000000000000000000000000000000000000000000000000000000000000000000000000000000000000000000000000000000000000000000000000000000000000000000000000000000.
[2025/12/03 19:06:07] Peer 1005 updated its view of Peer 1002's bitfield: ffffffffffffffffffffffffffffffffffffffffffffffffff8000000000000000000000000000000000000000000000000000000000000000000000000000000000000000000000000000000000000000000000000000000000000000000000000000000000000000000000000000000000000000000000000000000000000000000000000000000000000000000000000000000000000000000000000000000000000000000000000000000000000000000000000000000000.
[2025/12/03 19:06:07] Peer 1005 sent the 'have' message to Peer 1003 for the piece 201.
[2025/12/03 19:06:07] Peer 1005 received the 'not interested' message from Peer 1003.
[2025/12/03 19:06:07] Peer 1005 sent the 'have' message to Peer 1004 for the piece 201.
[2025/12/03 19:06:07] Peer 1005 sent the 'have' message to Peer 1006 for the piece 201.
[2025/12/03 19:06:07] Peer 1005 sent the 'not interested' message to Peer 1004.
[2025/12/03 19:06:07] Peer 1005 received the 'have' message from Peer 1006 for the piece 201.
[2025/12/03 19:06:07] Peer 1005 updated its view of Peer 1006's bitfield: ffffffffffffffffffffffffffffffffffffffffffffffffffc000000000000000000000000000000000000000000000000000000000000000000000000000000000000000000000000000000000000000000000000000000000000000000000000000000000000000000000000000000000000000000000000000000000000000000000000000000000000000000000000000000000000000000000000000000000000000000000000000000000000000000000000000000000.
[2025/12/03 19:06:07] Peer 1005 received the 'have' message from Peer 1004 for the piece 202.
[2025/12/03 19:06:07] Peer 1005 received the 'have' message from Peer 1002 for the piece 201.
[2025/12/03 19:06:07] Peer 1005 updated its view of Peer 1004's bitfield: ffffffffffffffffffffffffffffffffffffffffffffffffffe000000000000000000000000000000000000000000000000000000000000000000000000000000000000000000000000000000000000000000000000000000000000000000000000000000000000000000000000000000000000000000000000000000000000000000000000000000000000000000000000000000000000000000000000000000000000000000000000000000000000000000000000000000000.
[2025/12/03 19:06:07] Peer 1005 updated its view of Peer 1002's bitfield: ffffffffffffffffffffffffffffffffffffffffffffffffffc000000000000000000000000000000000000000000000000000000000000000000000000000000000000000000000000000000000000000000000000000000000000000000000000000000000000000000000000000000000000000000000000000000000000000000000000000000000000000000000000000000000000000000000000000000000000000000000000000000000000000000000000000000000.
[2025/12/03 19:06:07] Peer 1005 sent the 'interested' message to Peer 1004.
[2025/12/03 19:06:07] Peer 1005 received the 'interested' message from Peer 1003.
[2025/12/03 19:06:07] Peer 1005 sent 'request' for piece 202 to Peer 1004.
[2025/12/03 19:06:07] Peer 1005 sent 'piece' message for piece 201 to Peer 1003.
[2025/12/03 19:06:07] Peer 1005 has downloaded the piece 202 from Peer 1004. Now the number of pieces it has is 137.
[2025/12/03 19:06:07] Peer 1005 sent the 'have' message to Peer 1002 for the piece 202.
[2025/12/03 19:06:07] Peer 1005 sent the 'have' message to Peer 1003 for the piece 202.
[2025/12/03 19:06:07] Peer 1005 sent the 'have' message to Peer 1004 for the piece 202.
[2025/12/03 19:06:07] Peer 1005 sent the 'have' message to Peer 1006 for the piece 202.
[2025/12/03 19:06:07] Peer 1005 received the 'have' message from Peer 1003 for the piece 201.
[2025/12/03 19:06:07] Peer 1005 sent the 'not interested' message to Peer 1004.
[2025/12/03 19:06:07] Peer 1005 updated its view of Peer 1003's bitfield: ffffffffffffffffffffffffffffffffffffffffffffffffffc000000000000000000000000000000000000000000000000000000000000000000000000000000000000000000000000000000000000000000000000000000000000000000000000000000000000000000000000000000000000000000000000000000000000000000000000000000000000000000000000000000000000000000000000000000000000000000000000000000000000000000000000000000000.
[2025/12/03 19:06:07] Peer 1005 received the 'have' message from Peer 1006 for the piece 202.
[2025/12/03 19:06:07] Peer 1005 received the 'not interested' message from Peer 1003.
[2025/12/03 19:06:07] Peer 1005 received the 'have' message from Peer 1002 for the piece 202.
[2025/12/03 19:06:07] Peer 1005 updated its view of Peer 1006's bitfield: ffffffffffffffffffffffffffffffffffffffffffffffffffe000000000000000000000000000000000000000000000000000000000000000000000000000000000000000000000000000000000000000000000000000000000000000000000000000000000000000000000000000000000000000000000000000000000000000000000000000000000000000000000000000000000000000000000000000000000000000000000000000000000000000000000000000000000.
[2025/12/03 19:06:07] Peer 1005 updated its view of Peer 1002's bitfield: ffffffffffffffffffffffffffffffffffffffffffffffffffe000000000000000000000000000000000000000000000000000000000000000000000000000000000000000000000000000000000000000000000000000000000000000000000000000000000000000000000000000000000000000000000000000000000000000000000000000000000000000000000000000000000000000000000000000000000000000000000000000000000000000000000000000000000.
[2025/12/03 19:06:07] Peer 1005 received the 'have' message from Peer 1004 for the piece 203.
[2025/12/03 19:06:07] Peer 1005 updated its view of Peer 1004's bitfield: fffffffffffffffffffffffffffffffffffffffffffffffffff000000000000000000000000000000000000000000000000000000000000000000000000000000000000000000000000000000000000000000000000000000000000000000000000000000000000000000000000000000000000000000000000000000000000000000000000000000000000000000000000000000000000000000000000000000000000000000000000000000000000000000000000000000000.
[2025/12/03 19:06:07] Peer 1005 sent the 'interested' message to Peer 1004.
[2025/12/03 19:06:07] Peer 1005 sent 'request' for piece 203 to Peer 1004.
[2025/12/03 19:06:07] Peer 1005 has downloaded the piece 203 from Peer 1004. Now the number of pieces it has is 138.
[2025/12/03 19:06:07] Peer 1005 sent the 'have' message to Peer 1002 for the piece 203.
[2025/12/03 19:06:07] Peer 1005 sent the 'have' message to Peer 1003 for the piece 203.
[2025/12/03 19:06:07] Peer 1005 sent the 'have' message to Peer 1004 for the piece 203.
[2025/12/03 19:06:07] Peer 1005 sent the 'have' message to Peer 1006 for the piece 203.
[2025/12/03 19:06:07] Peer 1005 received the 'interested' message from Peer 1003.
[2025/12/03 19:06:07] Peer 1005 sent the 'not interested' message to Peer 1004.
[2025/12/03 19:06:07] Peer 1005 sent 'piece' message for piece 202 to Peer 1003.
[2025/12/03 19:06:07] Peer 1005 received the 'have' message from Peer 1003 for the piece 202.
[2025/12/03 19:06:07] Peer 1005 updated its view of Peer 1003's bitfield: ffffffffffffffffffffffffffffffffffffffffffffffffffe000000000000000000000000000000000000000000000000000000000000000000000000000000000000000000000000000000000000000000000000000000000000000000000000000000000000000000000000000000000000000000000000000000000000000000000000000000000000000000000000000000000000000000000000000000000000000000000000000000000000000000000000000000000.
[2025/12/03 19:06:07] Peer 1005 received the 'have' message from Peer 1006 for the piece 203.
[2025/12/03 19:06:07] Peer 1005 updated its view of Peer 1006's bitfield: fffffffffffffffffffffffffffffffffffffffffffffffffff000000000000000000000000000000000000000000000000000000000000000000000000000000000000000000000000000000000000000000000000000000000000000000000000000000000000000000000000000000000000000000000000000000000000000000000000000000000000000000000000000000000000000000000000000000000000000000000000000000000000000000000000000000000.
[2025/12/03 19:06:07] Peer 1005 sent 'piece' message for piece 203 to Peer 1003.
[2025/12/03 19:06:07] Peer 1005 received the 'have' message from Peer 1003 for the piece 203.
[2025/12/03 19:06:07] Peer 1005 updated its view of Peer 1003's bitfield: fffffffffffffffffffffffffffffffffffffffffffffffffff000000000000000000000000000000000000000000000000000000000000000000000000000000000000000000000000000000000000000000000000000000000000000000000000000000000000000000000000000000000000000000000000000000000000000000000000000000000000000000000000000000000000000000000000000000000000000000000000000000000000000000000000000000000.
[2025/12/03 19:06:07] Peer 1005 received the 'have' message from Peer 1004 for the piece 204.
[2025/12/03 19:06:07] Peer 1005 updated its view of Peer 1004's bitfield: fffffffffffffffffffffffffffffffffffffffffffffffffff800000000000000000000000000000000000000000000000000000000000000000000000000000000000000000000000000000000000000000000000000000000000000000000000000000000000000000000000000000000000000000000000000000000000000000000000000000000000000000000000000000000000000000000000000000000000000000000000000000000000000000000000000000000.
[2025/12/03 19:06:07] Peer 1005 sent the 'interested' message to Peer 1004.
[2025/12/03 19:06:07] Peer 1005 received the 'have' message from Peer 1006 for the piece 204.
[2025/12/03 19:06:07] Peer 1005 sent 'request' for piece 204 to Peer 1004.
[2025/12/03 19:06:07] Peer 1005 updated its view of Peer 1006's bitfield: fffffffffffffffffffffffffffffffffffffffffffffffffff800000000000000000000000000000000000000000000000000000000000000000000000000000000000000000000000000000000000000000000000000000000000000000000000000000000000000000000000000000000000000000000000000000000000000000000000000000000000000000000000000000000000000000000000000000000000000000000000000000000000000000000000000000000.
[2025/12/03 19:06:07] Peer 1005 sent the 'interested' message to Peer 1006.
[2025/12/03 19:06:07] Peer 1005 has downloaded the piece 204 from Peer 1004. Now the number of pieces it has is 139.
[2025/12/03 19:06:07] Peer 1005 sent the 'have' message to Peer 1002 for the piece 204.
[2025/12/03 19:06:07] Peer 1005 sent the 'have' message to Peer 1003 for the piece 204.
[2025/12/03 19:06:07] Peer 1005 sent the 'have' message to Peer 1004 for the piece 204.
[2025/12/03 19:06:07] Peer 1005 sent the 'have' message to Peer 1006 for the piece 204.
[2025/12/03 19:06:07] Peer 1005 sent the 'not interested' message to Peer 1004.
[2025/12/03 19:06:08] Peer 1005 received the 'have' message from Peer 1004 for the piece 205.
[2025/12/03 19:06:08] Peer 1005 updated its view of Peer 1004's bitfield: fffffffffffffffffffffffffffffffffffffffffffffffffffc00000000000000000000000000000000000000000000000000000000000000000000000000000000000000000000000000000000000000000000000000000000000000000000000000000000000000000000000000000000000000000000000000000000000000000000000000000000000000000000000000000000000000000000000000000000000000000000000000000000000000000000000000000000.
[2025/12/03 19:06:08] Peer 1005 sent the 'interested' message to Peer 1004.
[2025/12/03 19:06:08] Peer 1005 sent 'request' for piece 205 to Peer 1004.
[2025/12/03 19:06:08] Peer 1005 received the 'not interested' message from Peer 1003.
[2025/12/03 19:06:08] Peer 1005 received the 'have' message from Peer 1002 for the piece 203.
[2025/12/03 19:06:08] Peer 1005 updated its view of Peer 1002's bitfield: fffffffffffffffffffffffffffffffffffffffffffffffffff000000000000000000000000000000000000000000000000000000000000000000000000000000000000000000000000000000000000000000000000000000000000000000000000000000000000000000000000000000000000000000000000000000000000000000000000000000000000000000000000000000000000000000000000000000000000000000000000000000000000000000000000000000000.
[2025/12/03 19:06:08] Peer 1005 received the 'have' message from Peer 1006 for the piece 205.
[2025/12/03 19:06:08] Peer 1005 updated its view of Peer 1006's bitfield: fffffffffffffffffffffffffffffffffffffffffffffffffffc00000000000000000000000000000000000000000000000000000000000000000000000000000000000000000000000000000000000000000000000000000000000000000000000000000000000000000000000000000000000000000000000000000000000000000000000000000000000000000000000000000000000000000000000000000000000000000000000000000000000000000000000000000000.
[2025/12/03 19:06:08] Peer 1005 has downloaded the piece 205 from Peer 1004. Now the number of pieces it has is 140.
[2025/12/03 19:06:08] Peer 1005 sent the 'have' message to Peer 1002 for the piece 205.
[2025/12/03 19:06:08] Peer 1005 sent the 'have' message to Peer 1003 for the piece 205.
[2025/12/03 19:06:08] Peer 1005 sent the 'have' message to Peer 1004 for the piece 205.
[2025/12/03 19:06:08] Peer 1005 sent the 'have' message to Peer 1006 for the piece 205.
[2025/12/03 19:06:08] Peer 1005 sent the 'not interested' message to Peer 1004.
[2025/12/03 19:06:08] Peer 1005 received the 'have' message from Peer 1002 for the piece 204.
[2025/12/03 19:06:08] Peer 1005 received the 'interested' message from Peer 1003.
[2025/12/03 19:06:08] Peer 1005 updated its view of Peer 1002's bitfield: fffffffffffffffffffffffffffffffffffffffffffffffffff800000000000000000000000000000000000000000000000000000000000000000000000000000000000000000000000000000000000000000000000000000000000000000000000000000000000000000000000000000000000000000000000000000000000000000000000000000000000000000000000000000000000000000000000000000000000000000000000000000000000000000000000000000000.
[2025/12/03 19:06:08] Peer 1005 sent 'piece' message for piece 204 to Peer 1003.
[2025/12/03 19:06:08] Peer 1005 received the 'have' message from Peer 1002 for the piece 205.
[2025/12/03 19:06:08] Peer 1005 updated its view of Peer 1002's bitfield: fffffffffffffffffffffffffffffffffffffffffffffffffffc00000000000000000000000000000000000000000000000000000000000000000000000000000000000000000000000000000000000000000000000000000000000000000000000000000000000000000000000000000000000000000000000000000000000000000000000000000000000000000000000000000000000000000000000000000000000000000000000000000000000000000000000000000000.
[2025/12/03 19:06:08] Peer 1005 sent 'piece' message for piece 205 to Peer 1003.
[2025/12/03 19:06:08] Peer 1005 received the 'have' message from Peer 1003 for the piece 204.
[2025/12/03 19:06:08] Peer 1005 updated its view of Peer 1003's bitfield: fffffffffffffffffffffffffffffffffffffffffffffffffff800000000000000000000000000000000000000000000000000000000000000000000000000000000000000000000000000000000000000000000000000000000000000000000000000000000000000000000000000000000000000000000000000000000000000000000000000000000000000000000000000000000000000000000000000000000000000000000000000000000000000000000000000000000.
[2025/12/03 19:06:08] Peer 1005 received the 'have' message from Peer 1003 for the piece 205.
[2025/12/03 19:06:08] Peer 1005 updated its view of Peer 1003's bitfield: fffffffffffffffffffffffffffffffffffffffffffffffffffc00000000000000000000000000000000000000000000000000000000000000000000000000000000000000000000000000000000000000000000000000000000000000000000000000000000000000000000000000000000000000000000000000000000000000000000000000000000000000000000000000000000000000000000000000000000000000000000000000000000000000000000000000000000.
[2025/12/03 19:06:08] Peer 1005 received the 'have' message from Peer 1004 for the piece 206.
[2025/12/03 19:06:08] Peer 1005 received the 'not interested' message from Peer 1003.
[2025/12/03 19:06:08] Peer 1005 updated its view of Peer 1004's bitfield: fffffffffffffffffffffffffffffffffffffffffffffffffffe00000000000000000000000000000000000000000000000000000000000000000000000000000000000000000000000000000000000000000000000000000000000000000000000000000000000000000000000000000000000000000000000000000000000000000000000000000000000000000000000000000000000000000000000000000000000000000000000000000000000000000000000000000000.
[2025/12/03 19:06:08] Peer 1005 sent the 'interested' message to Peer 1004.
[2025/12/03 19:06:08] Peer 1005 sent 'request' for piece 206 to Peer 1004.
[2025/12/03 19:06:08] Peer 1005 received the 'not interested' message from Peer 1002.
[2025/12/03 19:06:08] Peer 1005 has downloaded the piece 206 from Peer 1004. Now the number of pieces it has is 141.
[2025/12/03 19:06:08] Peer 1005 sent the 'have' message to Peer 1002 for the piece 206.
[2025/12/03 19:06:08] Peer 1005 sent the 'have' message to Peer 1003 for the piece 206.
[2025/12/03 19:06:08] Peer 1005 sent the 'have' message to Peer 1004 for the piece 206.
[2025/12/03 19:06:08] Peer 1005 received the 'have' message from Peer 1006 for the piece 206.
[2025/12/03 19:06:08] Peer 1005 sent the 'have' message to Peer 1006 for the piece 206.
[2025/12/03 19:06:08] Peer 1005 received the 'interested' message from Peer 1002.
[2025/12/03 19:06:08] Peer 1005 updated its view of Peer 1006's bitfield: fffffffffffffffffffffffffffffffffffffffffffffffffffe00000000000000000000000000000000000000000000000000000000000000000000000000000000000000000000000000000000000000000000000000000000000000000000000000000000000000000000000000000000000000000000000000000000000000000000000000000000000000000000000000000000000000000000000000000000000000000000000000000000000000000000000000000000.
[2025/12/03 19:06:08] Peer 1005 received the 'interested' message from Peer 1003.
[2025/12/03 19:06:08] Peer 1005 sent the 'not interested' message to Peer 1004.
[2025/12/03 19:06:08] Peer 1005 sent the 'not interested' message to Peer 1006.
[2025/12/03 19:06:08] Peer 1005 sent 'piece' message for piece 206 to Peer 1003.
[2025/12/03 19:06:08] Peer 1005 received the 'have' message from Peer 1002 for the piece 206.
[2025/12/03 19:06:08] Peer 1005 updated its view of Peer 1002's bitfield: fffffffffffffffffffffffffffffffffffffffffffffffffffe00000000000000000000000000000000000000000000000000000000000000000000000000000000000000000000000000000000000000000000000000000000000000000000000000000000000000000000000000000000000000000000000000000000000000000000000000000000000000000000000000000000000000000000000000000000000000000000000000000000000000000000000000000000.
[2025/12/03 19:06:08] Peer 1005 received the 'have' message from Peer 1003 for the piece 206.
[2025/12/03 19:06:08] Peer 1005 updated its view of Peer 1003's bitfield: fffffffffffffffffffffffffffffffffffffffffffffffffffe00000000000000000000000000000000000000000000000000000000000000000000000000000000000000000000000000000000000000000000000000000000000000000000000000000000000000000000000000000000000000000000000000000000000000000000000000000000000000000000000000000000000000000000000000000000000000000000000000000000000000000000000000000000.
[2025/12/03 19:06:08] Peer 1005 received the 'have' message from Peer 1004 for the piece 207.
[2025/12/03 19:06:08] Peer 1005 updated its view of Peer 1004's bitfield: ffffffffffffffffffffffffffffffffffffffffffffffffffff00000000000000000000000000000000000000000000000000000000000000000000000000000000000000000000000000000000000000000000000000000000000000000000000000000000000000000000000000000000000000000000000000000000000000000000000000000000000000000000000000000000000000000000000000000000000000000000000000000000000000000000000000000000.
[2025/12/03 19:06:08] Peer 1005 sent the 'interested' message to Peer 1004.
[2025/12/03 19:06:08] Peer 1005 sent 'request' for piece 207 to Peer 1004.
[2025/12/03 19:06:08] Peer 1005 has downloaded the piece 207 from Peer 1004. Now the number of pieces it has is 142.
[2025/12/03 19:06:08] Peer 1005 sent the 'have' message to Peer 1002 for the piece 207.
[2025/12/03 19:06:08] Peer 1005 sent the 'have' message to Peer 1003 for the piece 207.
[2025/12/03 19:06:08] Peer 1005 sent the 'have' message to Peer 1004 for the piece 207.
[2025/12/03 19:06:08] Peer 1005 sent the 'have' message to Peer 1006 for the piece 207.
[2025/12/03 19:06:08] Peer 1005 sent the 'not interested' message to Peer 1004.
[2025/12/03 19:06:08] Peer 1005 received the 'have' message from Peer 1006 for the piece 207.
[2025/12/03 19:06:08] Peer 1005 updated its view of Peer 1006's bitfield: ffffffffffffffffffffffffffffffffffffffffffffffffffff00000000000000000000000000000000000000000000000000000000000000000000000000000000000000000000000000000000000000000000000000000000000000000000000000000000000000000000000000000000000000000000000000000000000000000000000000000000000000000000000000000000000000000000000000000000000000000000000000000000000000000000000000000000.
[2025/12/03 19:06:08] Peer 1005 received the 'not interested' message from Peer 1003.
[2025/12/03 19:06:08] Peer 1005 received the 'have' message from Peer 1004 for the piece 208.
[2025/12/03 19:06:08] Peer 1005 updated its view of Peer 1004's bitfield: ffffffffffffffffffffffffffffffffffffffffffffffffffff80000000000000000000000000000000000000000000000000000000000000000000000000000000000000000000000000000000000000000000000000000000000000000000000000000000000000000000000000000000000000000000000000000000000000000000000000000000000000000000000000000000000000000000000000000000000000000000000000000000000000000000000000000000.
[2025/12/03 19:06:08] Peer 1005 received the 'have' message from Peer 1002 for the piece 207.
[2025/12/03 19:06:08] Peer 1005 sent the 'interested' message to Peer 1004.
[2025/12/03 19:06:08] Peer 1005 updated its view of Peer 1002's bitfield: ffffffffffffffffffffffffffffffffffffffffffffffffffff00000000000000000000000000000000000000000000000000000000000000000000000000000000000000000000000000000000000000000000000000000000000000000000000000000000000000000000000000000000000000000000000000000000000000000000000000000000000000000000000000000000000000000000000000000000000000000000000000000000000000000000000000000000.
[2025/12/03 19:06:08] Peer 1005 sent 'request' for piece 208 to Peer 1004.
[2025/12/03 19:06:08] Peer 1005 has downloaded the piece 208 from Peer 1004. Now the number of pieces it has is 143.
[2025/12/03 19:06:08] Peer 1005 sent the 'have' message to Peer 1002 for the piece 208.
[2025/12/03 19:06:08] Peer 1005 sent the 'have' message to Peer 1003 for the piece 208.
[2025/12/03 19:06:08] Peer 1005 sent the 'have' message to Peer 1004 for the piece 208.
[2025/12/03 19:06:08] Peer 1005 received the 'interested' message from Peer 1003.
[2025/12/03 19:06:08] Peer 1005 sent the 'have' message to Peer 1006 for the piece 208.
[2025/12/03 19:06:08] Peer 1005 received the 'have' message from Peer 1006 for the piece 208.
[2025/12/03 19:06:08] Peer 1005 sent 'piece' message for piece 207 to Peer 1003.
[2025/12/03 19:06:08] Peer 1005 sent the 'not interested' message to Peer 1004.
[2025/12/03 19:06:08] Peer 1005 updated its view of Peer 1006's bitfield: ffffffffffffffffffffffffffffffffffffffffffffffffffff80000000000000000000000000000000000000000000000000000000000000000000000000000000000000000000000000000000000000000000000000000000000000000000000000000000000000000000000000000000000000000000000000000000000000000000000000000000000000000000000000000000000000000000000000000000000000000000000000000000000000000000000000000000.
[2025/12/03 19:06:08] Peer 1005 sent 'piece' message for piece 208 to Peer 1003.
[2025/12/03 19:06:08] Peer 1005 received the 'have' message from Peer 1004 for the piece 209.
[2025/12/03 19:06:08] Peer 1005 updated its view of Peer 1004's bitfield: ffffffffffffffffffffffffffffffffffffffffffffffffffffc0000000000000000000000000000000000000000000000000000000000000000000000000000000000000000000000000000000000000000000000000000000000000000000000000000000000000000000000000000000000000000000000000000000000000000000000000000000000000000000000000000000000000000000000000000000000000000000000000000000000000000000000000000000.
[2025/12/03 19:06:08] Peer 1005 sent the 'interested' message to Peer 1004.
[2025/12/03 19:06:08] Peer 1005 sent 'request' for piece 209 to Peer 1004.
[2025/12/03 19:06:08] Peer 1005 received the 'have' message from Peer 1003 for the piece 207.
[2025/12/03 19:06:08] Peer 1005 updated its view of Peer 1003's bitfield: ffffffffffffffffffffffffffffffffffffffffffffffffffff00000000000000000000000000000000000000000000000000000000000000000000000000000000000000000000000000000000000000000000000000000000000000000000000000000000000000000000000000000000000000000000000000000000000000000000000000000000000000000000000000000000000000000000000000000000000000000000000000000000000000000000000000000000.
[2025/12/03 19:06:08] Peer 1005 received the 'have' message from Peer 1003 for the piece 208.
[2025/12/03 19:06:08] Peer 1005 received the 'have' message from Peer 1002 for the piece 208.
[2025/12/03 19:06:08] Peer 1005 updated its view of Peer 1003's bitfield: ffffffffffffffffffffffffffffffffffffffffffffffffffff80000000000000000000000000000000000000000000000000000000000000000000000000000000000000000000000000000000000000000000000000000000000000000000000000000000000000000000000000000000000000000000000000000000000000000000000000000000000000000000000000000000000000000000000000000000000000000000000000000000000000000000000000000000.
[2025/12/03 19:06:08] Peer 1005 updated its view of Peer 1002's bitfield: ffffffffffffffffffffffffffffffffffffffffffffffffffff80000000000000000000000000000000000000000000000000000000000000000000000000000000000000000000000000000000000000000000000000000000000000000000000000000000000000000000000000000000000000000000000000000000000000000000000000000000000000000000000000000000000000000000000000000000000000000000000000000000000000000000000000000000.
[2025/12/03 19:06:08] Peer 1005 received the 'not interested' message from Peer 1003.
[2025/12/03 19:06:08] Peer 1005 has downloaded the piece 209 from Peer 1004. Now the number of pieces it has is 144.
[2025/12/03 19:06:08] Peer 1005 sent the 'have' message to Peer 1002 for the piece 209.
[2025/12/03 19:06:08] Peer 1005 sent the 'have' message to Peer 1003 for the piece 209.
[2025/12/03 19:06:08] Peer 1005 sent the 'have' message to Peer 1004 for the piece 209.
[2025/12/03 19:06:08] Peer 1005 received the 'have' message from Peer 1006 for the piece 209.
[2025/12/03 19:06:08] Peer 1005 sent the 'have' message to Peer 1006 for the piece 209.
[2025/12/03 19:06:08] Peer 1005 updated its view of Peer 1006's bitfield: ffffffffffffffffffffffffffffffffffffffffffffffffffffc0000000000000000000000000000000000000000000000000000000000000000000000000000000000000000000000000000000000000000000000000000000000000000000000000000000000000000000000000000000000000000000000000000000000000000000000000000000000000000000000000000000000000000000000000000000000000000000000000000000000000000000000000000000.
[2025/12/03 19:06:08] Peer 1005 sent the 'not interested' message to Peer 1004.
[2025/12/03 19:06:08] Peer 1005 received the 'interested' message from Peer 1003.
[2025/12/03 19:06:08] Peer 1005 received the 'have' message from Peer 1004 for the piece 210.
[2025/12/03 19:06:08] Peer 1005 updated its view of Peer 1004's bitfield: ffffffffffffffffffffffffffffffffffffffffffffffffffffe0000000000000000000000000000000000000000000000000000000000000000000000000000000000000000000000000000000000000000000000000000000000000000000000000000000000000000000000000000000000000000000000000000000000000000000000000000000000000000000000000000000000000000000000000000000000000000000000000000000000000000000000000000000.
[2025/12/03 19:06:08] Peer 1005 sent the 'interested' message to Peer 1004.
[2025/12/03 19:06:08] Peer 1005 sent 'piece' message for piece 209 to Peer 1003.
[2025/12/03 19:06:08] Peer 1005 received the 'have' message from Peer 1002 for the piece 209.
[2025/12/03 19:06:08] Peer 1005 sent 'request' for piece 210 to Peer 1004.
[2025/12/03 19:06:08] Peer 1005 updated its view of Peer 1002's bitfield: ffffffffffffffffffffffffffffffffffffffffffffffffffffc0000000000000000000000000000000000000000000000000000000000000000000000000000000000000000000000000000000000000000000000000000000000000000000000000000000000000000000000000000000000000000000000000000000000000000000000000000000000000000000000000000000000000000000000000000000000000000000000000000000000000000000000000000000.
[2025/12/03 19:06:08] Peer 1005 has downloaded the piece 210 from Peer 1004. Now the number of pieces it has is 145.
[2025/12/03 19:06:08] Peer 1005 sent the 'have' message to Peer 1002 for the piece 210.
[2025/12/03 19:06:08] Peer 1005 sent the 'have' message to Peer 1003 for the piece 210.
[2025/12/03 19:06:08] Peer 1005 sent the 'have' message to Peer 1004 for the piece 210.
[2025/12/03 19:06:08] Peer 1005 sent the 'have' message to Peer 1006 for the piece 210.
[2025/12/03 19:06:08] Peer 1005 received the 'have' message from Peer 1003 for the piece 209.
[2025/12/03 19:06:08] Peer 1005 sent the 'not interested' message to Peer 1004.
[2025/12/03 19:06:08] Peer 1005 updated its view of Peer 1003's bitfield: ffffffffffffffffffffffffffffffffffffffffffffffffffffc0000000000000000000000000000000000000000000000000000000000000000000000000000000000000000000000000000000000000000000000000000000000000000000000000000000000000000000000000000000000000000000000000000000000000000000000000000000000000000000000000000000000000000000000000000000000000000000000000000000000000000000000000000000.
[2025/12/03 19:06:08] Peer 1005 received the 'have' message from Peer 1006 for the piece 210.
[2025/12/03 19:06:08] Peer 1005 updated its view of Peer 1006's bitfield: ffffffffffffffffffffffffffffffffffffffffffffffffffffe0000000000000000000000000000000000000000000000000000000000000000000000000000000000000000000000000000000000000000000000000000000000000000000000000000000000000000000000000000000000000000000000000000000000000000000000000000000000000000000000000000000000000000000000000000000000000000000000000000000000000000000000000000000.
[2025/12/03 19:06:08] Peer 1005 received the 'have' message from Peer 1004 for the piece 211.
[2025/12/03 19:06:08] Peer 1005 updated its view of Peer 1004's bitfield: fffffffffffffffffffffffffffffffffffffffffffffffffffff0000000000000000000000000000000000000000000000000000000000000000000000000000000000000000000000000000000000000000000000000000000000000000000000000000000000000000000000000000000000000000000000000000000000000000000000000000000000000000000000000000000000000000000000000000000000000000000000000000000000000000000000000000000.
[2025/12/03 19:06:08] Peer 1005 sent the 'interested' message to Peer 1004.
[2025/12/03 19:06:08] Peer 1005 sent 'request' for piece 211 to Peer 1004.
[2025/12/03 19:06:08] Peer 1005 has downloaded the piece 211 from Peer 1004. Now the number of pieces it has is 146.
[2025/12/03 19:06:08] Peer 1005 sent the 'have' message to Peer 1002 for the piece 211.
[2025/12/03 19:06:08] Peer 1005 sent the 'have' message to Peer 1003 for the piece 211.
[2025/12/03 19:06:08] Peer 1005 sent the 'have' message to Peer 1004 for the piece 211.
[2025/12/03 19:06:08] Peer 1005 sent the 'have' message to Peer 1006 for the piece 211.
[2025/12/03 19:06:08] Peer 1005 received the 'have' message from Peer 1006 for the piece 211.
[2025/12/03 19:06:08] Peer 1005 sent the 'not interested' message to Peer 1004.
[2025/12/03 19:06:08] Peer 1005 updated its view of Peer 1006's bitfield: fffffffffffffffffffffffffffffffffffffffffffffffffffff0000000000000000000000000000000000000000000000000000000000000000000000000000000000000000000000000000000000000000000000000000000000000000000000000000000000000000000000000000000000000000000000000000000000000000000000000000000000000000000000000000000000000000000000000000000000000000000000000000000000000000000000000000000.
[2025/12/03 19:06:08] Peer 1005 received the 'not interested' message from Peer 1003.
[2025/12/03 19:06:08] Peer 1005 received the 'interested' message from Peer 1003.
[2025/12/03 19:06:08] Peer 1005 sent 'piece' message for piece 210 to Peer 1003.
[2025/12/03 19:06:08] Peer 1005 sent 'piece' message for piece 211 to Peer 1003.
[2025/12/03 19:06:08] Peer 1005 received the 'have' message from Peer 1002 for the piece 210.
[2025/12/03 19:06:08] Peer 1005 received the 'have' message from Peer 1003 for the piece 210.
[2025/12/03 19:06:08] Peer 1005 updated its view of Peer 1002's bitfield: ffffffffffffffffffffffffffffffffffffffffffffffffffffe0000000000000000000000000000000000000000000000000000000000000000000000000000000000000000000000000000000000000000000000000000000000000000000000000000000000000000000000000000000000000000000000000000000000000000000000000000000000000000000000000000000000000000000000000000000000000000000000000000000000000000000000000000000.
[2025/12/03 19:06:08] Peer 1005 updated its view of Peer 1003's bitfield: ffffffffffffffffffffffffffffffffffffffffffffffffffffe0000000000000000000000000000000000000000000000000000000000000000000000000000000000000000000000000000000000000000000000000000000000000000000000000000000000000000000000000000000000000000000000000000000000000000000000000000000000000000000000000000000000000000000000000000000000000000000000000000000000000000000000000000000.
[2025/12/03 19:06:08] Peer 1005 received the 'have' message from Peer 1004 for the piece 212.
[2025/12/03 19:06:08] Peer 1005 updated its view of Peer 1004's bitfield: fffffffffffffffffffffffffffffffffffffffffffffffffffff8000000000000000000000000000000000000000000000000000000000000000000000000000000000000000000000000000000000000000000000000000000000000000000000000000000000000000000000000000000000000000000000000000000000000000000000000000000000000000000000000000000000000000000000000000000000000000000000000000000000000000000000000000000.
[2025/12/03 19:06:08] Peer 1005 sent the 'interested' message to Peer 1004.
[2025/12/03 19:06:08] Peer 1005 sent 'request' for piece 212 to Peer 1004.
[2025/12/03 19:06:08] Peer 1005 has downloaded the piece 212 from Peer 1004. Now the number of pieces it has is 147.
[2025/12/03 19:06:08] Peer 1005 sent the 'have' message to Peer 1002 for the piece 212.
[2025/12/03 19:06:08] Peer 1005 sent the 'have' message to Peer 1003 for the piece 212.
[2025/12/03 19:06:08] Peer 1005 sent the 'have' message to Peer 1004 for the piece 212.
[2025/12/03 19:06:08] Peer 1005 sent the 'have' message to Peer 1006 for the piece 212.
[2025/12/03 19:06:08] Peer 1005 received the 'have' message from Peer 1006 for the piece 212.
[2025/12/03 19:06:08] Peer 1005 received the 'not interested' message from Peer 1003.
[2025/12/03 19:06:08] Peer 1005 received the 'have' message from Peer 1002 for the piece 211.
[2025/12/03 19:06:08] Peer 1005 sent the 'not interested' message to Peer 1004.
[2025/12/03 19:06:08] Peer 1005 updated its view of Peer 1006's bitfield: fffffffffffffffffffffffffffffffffffffffffffffffffffff8000000000000000000000000000000000000000000000000000000000000000000000000000000000000000000000000000000000000000000000000000000000000000000000000000000000000000000000000000000000000000000000000000000000000000000000000000000000000000000000000000000000000000000000000000000000000000000000000000000000000000000000000000000.
[2025/12/03 19:06:08] Peer 1005 received the 'have' message from Peer 1003 for the piece 211.
[2025/12/03 19:06:08] Peer 1005 updated its view of Peer 1002's bitfield: fffffffffffffffffffffffffffffffffffffffffffffffffffff0000000000000000000000000000000000000000000000000000000000000000000000000000000000000000000000000000000000000000000000000000000000000000000000000000000000000000000000000000000000000000000000000000000000000000000000000000000000000000000000000000000000000000000000000000000000000000000000000000000000000000000000000000000.
[2025/12/03 19:06:08] Peer 1005 updated its view of Peer 1003's bitfield: fffffffffffffffffffffffffffffffffffffffffffffffffffff0000000000000000000000000000000000000000000000000000000000000000000000000000000000000000000000000000000000000000000000000000000000000000000000000000000000000000000000000000000000000000000000000000000000000000000000000000000000000000000000000000000000000000000000000000000000000000000000000000000000000000000000000000000.
[2025/12/03 19:06:08] Peer 1005 received the 'have' message from Peer 1004 for the piece 213.
[2025/12/03 19:06:08] Peer 1005 updated its view of Peer 1004's bitfield: fffffffffffffffffffffffffffffffffffffffffffffffffffffc000000000000000000000000000000000000000000000000000000000000000000000000000000000000000000000000000000000000000000000000000000000000000000000000000000000000000000000000000000000000000000000000000000000000000000000000000000000000000000000000000000000000000000000000000000000000000000000000000000000000000000000000000000.
[2025/12/03 19:06:08] Peer 1005 sent the 'interested' message to Peer 1004.
[2025/12/03 19:06:08] Peer 1005 sent 'request' for piece 213 to Peer 1004.
[2025/12/03 19:06:08] Peer 1005 received the 'have' message from Peer 1002 for the piece 212.
[2025/12/03 19:06:08] Peer 1005 updated its view of Peer 1002's bitfield: fffffffffffffffffffffffffffffffffffffffffffffffffffff8000000000000000000000000000000000000000000000000000000000000000000000000000000000000000000000000000000000000000000000000000000000000000000000000000000000000000000000000000000000000000000000000000000000000000000000000000000000000000000000000000000000000000000000000000000000000000000000000000000000000000000000000000000.
[2025/12/03 19:06:08] Peer 1005 has downloaded the piece 213 from Peer 1004. Now the number of pieces it has is 148.
[2025/12/03 19:06:08] Peer 1005 sent the 'have' message to Peer 1002 for the piece 213.
[2025/12/03 19:06:08] Peer 1005 sent the 'have' message to Peer 1003 for the piece 213.
[2025/12/03 19:06:08] Peer 1005 sent the 'have' message to Peer 1004 for the piece 213.
[2025/12/03 19:06:08] Peer 1005 received the 'have' message from Peer 1006 for the piece 213.
[2025/12/03 19:06:08] Peer 1005 sent the 'have' message to Peer 1006 for the piece 213.
[2025/12/03 19:06:08] Peer 1005 updated its view of Peer 1006's bitfield: fffffffffffffffffffffffffffffffffffffffffffffffffffffc000000000000000000000000000000000000000000000000000000000000000000000000000000000000000000000000000000000000000000000000000000000000000000000000000000000000000000000000000000000000000000000000000000000000000000000000000000000000000000000000000000000000000000000000000000000000000000000000000000000000000000000000000000.
[2025/12/03 19:06:08] Peer 1005 sent the 'not interested' message to Peer 1004.
[2025/12/03 19:06:08] Peer 1005 received the 'interested' message from Peer 1003.
[2025/12/03 19:06:08] Peer 1005 sent 'piece' message for piece 212 to Peer 1003.
[2025/12/03 19:06:08] Peer 1005 sent 'piece' message for piece 213 to Peer 1003.
[2025/12/03 19:06:08] Peer 1005 received the 'have' message from Peer 1003 for the piece 212.
[2025/12/03 19:06:08] Peer 1005 updated its view of Peer 1003's bitfield: fffffffffffffffffffffffffffffffffffffffffffffffffffff8000000000000000000000000000000000000000000000000000000000000000000000000000000000000000000000000000000000000000000000000000000000000000000000000000000000000000000000000000000000000000000000000000000000000000000000000000000000000000000000000000000000000000000000000000000000000000000000000000000000000000000000000000000.
[2025/12/03 19:06:08] Peer 1005 received the 'not interested' message from Peer 1003.
[2025/12/03 19:06:08] Peer 1005 received the 'have' message from Peer 1002 for the piece 213.
[2025/12/03 19:06:08] Peer 1005 received the 'have' message from Peer 1003 for the piece 213.
[2025/12/03 19:06:08] Peer 1005 updated its view of Peer 1002's bitfield: fffffffffffffffffffffffffffffffffffffffffffffffffffffc000000000000000000000000000000000000000000000000000000000000000000000000000000000000000000000000000000000000000000000000000000000000000000000000000000000000000000000000000000000000000000000000000000000000000000000000000000000000000000000000000000000000000000000000000000000000000000000000000000000000000000000000000000.
[2025/12/03 19:06:08] Peer 1005 updated its view of Peer 1003's bitfield: fffffffffffffffffffffffffffffffffffffffffffffffffffffc000000000000000000000000000000000000000000000000000000000000000000000000000000000000000000000000000000000000000000000000000000000000000000000000000000000000000000000000000000000000000000000000000000000000000000000000000000000000000000000000000000000000000000000000000000000000000000000000000000000000000000000000000000.
[2025/12/03 19:06:08] Peer 1005 received the 'have' message from Peer 1004 for the piece 214.
[2025/12/03 19:06:08] Peer 1005 updated its view of Peer 1004's bitfield: fffffffffffffffffffffffffffffffffffffffffffffffffffffe000000000000000000000000000000000000000000000000000000000000000000000000000000000000000000000000000000000000000000000000000000000000000000000000000000000000000000000000000000000000000000000000000000000000000000000000000000000000000000000000000000000000000000000000000000000000000000000000000000000000000000000000000000.
[2025/12/03 19:06:08] Peer 1005 sent the 'interested' message to Peer 1004.
[2025/12/03 19:06:08] Peer 1005 sent 'request' for piece 214 to Peer 1004.
[2025/12/03 19:06:08] Peer 1005 has downloaded the piece 214 from Peer 1004. Now the number of pieces it has is 149.
[2025/12/03 19:06:08] Peer 1005 sent the 'have' message to Peer 1002 for the piece 214.
[2025/12/03 19:06:08] Peer 1005 sent the 'have' message to Peer 1003 for the piece 214.
[2025/12/03 19:06:08] Peer 1005 sent the 'have' message to Peer 1004 for the piece 214.
[2025/12/03 19:06:08] Peer 1005 sent the 'have' message to Peer 1006 for the piece 214.
[2025/12/03 19:06:08] Peer 1005 received the 'have' message from Peer 1006 for the piece 214.
[2025/12/03 19:06:08] Peer 1005 sent the 'not interested' message to Peer 1004.
[2025/12/03 19:06:08] Peer 1005 updated its view of Peer 1006's bitfield: fffffffffffffffffffffffffffffffffffffffffffffffffffffe000000000000000000000000000000000000000000000000000000000000000000000000000000000000000000000000000000000000000000000000000000000000000000000000000000000000000000000000000000000000000000000000000000000000000000000000000000000000000000000000000000000000000000000000000000000000000000000000000000000000000000000000000000.
[2025/12/03 19:06:08] Peer 1005 received the 'interested' message from Peer 1003.
[2025/12/03 19:06:09] Peer 1005 received the 'have' message from Peer 1004 for the piece 215.
[2025/12/03 19:06:09] Peer 1005 updated its view of Peer 1004's bitfield: ffffffffffffffffffffffffffffffffffffffffffffffffffffff000000000000000000000000000000000000000000000000000000000000000000000000000000000000000000000000000000000000000000000000000000000000000000000000000000000000000000000000000000000000000000000000000000000000000000000000000000000000000000000000000000000000000000000000000000000000000000000000000000000000000000000000000000.
[2025/12/03 19:06:09] Peer 1005 sent the 'interested' message to Peer 1004.
[2025/12/03 19:06:09] Peer 1005 sent 'request' for piece 215 to Peer 1004.
[2025/12/03 19:06:09] Peer 1005 has downloaded the piece 215 from Peer 1004. Now the number of pieces it has is 150.
[2025/12/03 19:06:09] Peer 1005 sent the 'have' message to Peer 1002 for the piece 215.
[2025/12/03 19:06:09] Peer 1005 sent the 'have' message to Peer 1003 for the piece 215.
[2025/12/03 19:06:09] Peer 1005 received the 'have' message from Peer 1002 for the piece 214.
[2025/12/03 19:06:09] Peer 1005 sent 'piece' message for piece 214 to Peer 1003.
[2025/12/03 19:06:09] Peer 1005 sent the 'have' message to Peer 1004 for the piece 215.
[2025/12/03 19:06:09] Peer 1005 updated its view of Peer 1002's bitfield: fffffffffffffffffffffffffffffffffffffffffffffffffffffe000000000000000000000000000000000000000000000000000000000000000000000000000000000000000000000000000000000000000000000000000000000000000000000000000000000000000000000000000000000000000000000000000000000000000000000000000000000000000000000000000000000000000000000000000000000000000000000000000000000000000000000000000000.
[2025/12/03 19:06:09] Peer 1005 sent the 'have' message to Peer 1006 for the piece 215.
[2025/12/03 19:06:09] Peer 1005 sent the 'not interested' message to Peer 1004.
[2025/12/03 19:06:09] Peer 1005 received the 'have' message from Peer 1006 for the piece 215.
[2025/12/03 19:06:09] Peer 1005 updated its view of Peer 1006's bitfield: ffffffffffffffffffffffffffffffffffffffffffffffffffffff000000000000000000000000000000000000000000000000000000000000000000000000000000000000000000000000000000000000000000000000000000000000000000000000000000000000000000000000000000000000000000000000000000000000000000000000000000000000000000000000000000000000000000000000000000000000000000000000000000000000000000000000000000.
[2025/12/03 19:06:09] Peer 1005 sent 'piece' message for piece 215 to Peer 1003.
[2025/12/03 19:06:09] Peer 1005 received the 'have' message from Peer 1003 for the piece 214.
[2025/12/03 19:06:09] Peer 1005 updated its view of Peer 1003's bitfield: fffffffffffffffffffffffffffffffffffffffffffffffffffffe000000000000000000000000000000000000000000000000000000000000000000000000000000000000000000000000000000000000000000000000000000000000000000000000000000000000000000000000000000000000000000000000000000000000000000000000000000000000000000000000000000000000000000000000000000000000000000000000000000000000000000000000000000.
[2025/12/03 19:06:09] Peer 1005 received the 'have' message from Peer 1004 for the piece 216.
[2025/12/03 19:06:09] Peer 1005 updated its view of Peer 1004's bitfield: ffffffffffffffffffffffffffffffffffffffffffffffffffffff800000000000000000000000000000000000000000000000000000000000000000000000000000000000000000000000000000000000000000000000000000000000000000000000000000000000000000000000000000000000000000000000000000000000000000000000000000000000000000000000000000000000000000000000000000000000000000000000000000000000000000000000000000.
[2025/12/03 19:06:09] Peer 1005 sent the 'interested' message to Peer 1004.
[2025/12/03 19:06:09] Peer 1005 sent 'request' for piece 216 to Peer 1004.
[2025/12/03 19:06:09] Peer 1005 has downloaded the piece 216 from Peer 1004. Now the number of pieces it has is 151.
[2025/12/03 19:06:09] Peer 1005 sent the 'have' message to Peer 1002 for the piece 216.
[2025/12/03 19:06:09] Peer 1005 sent the 'have' message to Peer 1003 for the piece 216.
[2025/12/03 19:06:09] Peer 1005 sent the 'have' message to Peer 1004 for the piece 216.
[2025/12/03 19:06:09] Peer 1005 sent the 'have' message to Peer 1006 for the piece 216.
[2025/12/03 19:06:09] Peer 1005 received the 'have' message from Peer 1006 for the piece 216.
[2025/12/03 19:06:09] Peer 1005 sent the 'not interested' message to Peer 1004.
[2025/12/03 19:06:09] Peer 1005 updated its view of Peer 1006's bitfield: ffffffffffffffffffffffffffffffffffffffffffffffffffffff800000000000000000000000000000000000000000000000000000000000000000000000000000000000000000000000000000000000000000000000000000000000000000000000000000000000000000000000000000000000000000000000000000000000000000000000000000000000000000000000000000000000000000000000000000000000000000000000000000000000000000000000000000.
[2025/12/03 19:06:09] Peer 1005 received the 'have' message from Peer 1003 for the piece 215.
[2025/12/03 19:06:09] Peer 1005 updated its view of Peer 1003's bitfield: ffffffffffffffffffffffffffffffffffffffffffffffffffffff000000000000000000000000000000000000000000000000000000000000000000000000000000000000000000000000000000000000000000000000000000000000000000000000000000000000000000000000000000000000000000000000000000000000000000000000000000000000000000000000000000000000000000000000000000000000000000000000000000000000000000000000000000.
[2025/12/03 19:06:09] Peer 1005 received the 'not interested' message from Peer 1003.
[2025/12/03 19:06:09] Peer 1005 received the 'have' message from Peer 1002 for the piece 215.
[2025/12/03 19:06:09] Peer 1005 updated its view of Peer 1002's bitfield: ffffffffffffffffffffffffffffffffffffffffffffffffffffff000000000000000000000000000000000000000000000000000000000000000000000000000000000000000000000000000000000000000000000000000000000000000000000000000000000000000000000000000000000000000000000000000000000000000000000000000000000000000000000000000000000000000000000000000000000000000000000000000000000000000000000000000000.
[2025/12/03 19:06:09] Peer 1005 received the 'have' message from Peer 1004 for the piece 217.
[2025/12/03 19:06:09] Peer 1005 updated its view of Peer 1004's bitfield: ffffffffffffffffffffffffffffffffffffffffffffffffffffffc00000000000000000000000000000000000000000000000000000000000000000000000000000000000000000000000000000000000000000000000000000000000000000000000000000000000000000000000000000000000000000000000000000000000000000000000000000000000000000000000000000000000000000000000000000000000000000000000000000000000000000000000000000.
[2025/12/03 19:06:09] Peer 1005 sent the 'interested' message to Peer 1004.
[2025/12/03 19:06:09] Peer 1005 sent 'request' for piece 217 to Peer 1004.
[2025/12/03 19:06:09] Peer 1005 has downloaded the piece 217 from Peer 1004. Now the number of pieces it has is 152.
[2025/12/03 19:06:09] Peer 1005 sent the 'have' message to Peer 1002 for the piece 217.
[2025/12/03 19:06:09] Peer 1005 sent the 'have' message to Peer 1003 for the piece 217.
[2025/12/03 19:06:09] Peer 1005 sent the 'have' message to Peer 1004 for the piece 217.
[2025/12/03 19:06:09] Peer 1005 sent the 'have' message to Peer 1006 for the piece 217.
[2025/12/03 19:06:09] Peer 1005 sent the 'not interested' message to Peer 1004.
[2025/12/03 19:06:09] Peer 1005 received the 'have' message from Peer 1006 for the piece 217.
[2025/12/03 19:06:09] Peer 1005 updated its view of Peer 1006's bitfield: ffffffffffffffffffffffffffffffffffffffffffffffffffffffc00000000000000000000000000000000000000000000000000000000000000000000000000000000000000000000000000000000000000000000000000000000000000000000000000000000000000000000000000000000000000000000000000000000000000000000000000000000000000000000000000000000000000000000000000000000000000000000000000000000000000000000000000000.
[2025/12/03 19:06:09] Peer 1005 received the 'interested' message from Peer 1003.
[2025/12/03 19:06:09] Peer 1005 received the 'have' message from Peer 1002 for the piece 216.
[2025/12/03 19:06:09] Peer 1005 sent 'piece' message for piece 216 to Peer 1003.
[2025/12/03 19:06:09] Peer 1005 updated its view of Peer 1002's bitfield: ffffffffffffffffffffffffffffffffffffffffffffffffffffff800000000000000000000000000000000000000000000000000000000000000000000000000000000000000000000000000000000000000000000000000000000000000000000000000000000000000000000000000000000000000000000000000000000000000000000000000000000000000000000000000000000000000000000000000000000000000000000000000000000000000000000000000000.
[2025/12/03 19:06:09] Peer 1005 received the 'have' message from Peer 1003 for the piece 216.
[2025/12/03 19:06:09] Peer 1005 updated its view of Peer 1003's bitfield: ffffffffffffffffffffffffffffffffffffffffffffffffffffff800000000000000000000000000000000000000000000000000000000000000000000000000000000000000000000000000000000000000000000000000000000000000000000000000000000000000000000000000000000000000000000000000000000000000000000000000000000000000000000000000000000000000000000000000000000000000000000000000000000000000000000000000000.
[2025/12/03 19:06:09] Peer 1005 sent 'piece' message for piece 217 to Peer 1003.
[2025/12/03 19:06:09] Peer 1005 received the 'have' message from Peer 1004 for the piece 218.
[2025/12/03 19:06:09] Peer 1005 updated its view of Peer 1004's bitfield: ffffffffffffffffffffffffffffffffffffffffffffffffffffffe00000000000000000000000000000000000000000000000000000000000000000000000000000000000000000000000000000000000000000000000000000000000000000000000000000000000000000000000000000000000000000000000000000000000000000000000000000000000000000000000000000000000000000000000000000000000000000000000000000000000000000000000000000.
[2025/12/03 19:06:09] Peer 1005 sent the 'interested' message to Peer 1004.
[2025/12/03 19:06:09] Peer 1005 sent 'request' for piece 218 to Peer 1004.
[2025/12/03 19:06:09] Peer 1005 has downloaded the piece 218 from Peer 1004. Now the number of pieces it has is 153.
[2025/12/03 19:06:09] Peer 1005 received the 'have' message from Peer 1003 for the piece 217.
[2025/12/03 19:06:09] Peer 1005 sent the 'have' message to Peer 1002 for the piece 218.
[2025/12/03 19:06:09] Peer 1005 updated its view of Peer 1003's bitfield: ffffffffffffffffffffffffffffffffffffffffffffffffffffffc00000000000000000000000000000000000000000000000000000000000000000000000000000000000000000000000000000000000000000000000000000000000000000000000000000000000000000000000000000000000000000000000000000000000000000000000000000000000000000000000000000000000000000000000000000000000000000000000000000000000000000000000000000.
[2025/12/03 19:06:09] Peer 1005 sent the 'have' message to Peer 1003 for the piece 218.
[2025/12/03 19:06:09] Peer 1005 sent the 'have' message to Peer 1004 for the piece 218.
[2025/12/03 19:06:09] Peer 1005 sent the 'have' message to Peer 1006 for the piece 218.
[2025/12/03 19:06:09] Peer 1005 sent the 'not interested' message to Peer 1004.
[2025/12/03 19:06:09] Peer 1005 received the 'have' message from Peer 1006 for the piece 218.
[2025/12/03 19:06:09] Peer 1005 updated its view of Peer 1006's bitfield: ffffffffffffffffffffffffffffffffffffffffffffffffffffffe00000000000000000000000000000000000000000000000000000000000000000000000000000000000000000000000000000000000000000000000000000000000000000000000000000000000000000000000000000000000000000000000000000000000000000000000000000000000000000000000000000000000000000000000000000000000000000000000000000000000000000000000000000.
[2025/12/03 19:06:09] Peer 1005 received the 'not interested' message from Peer 1003.
[2025/12/03 19:06:09] Peer 1005 received the 'have' message from Peer 1002 for the piece 217.
[2025/12/03 19:06:09] Peer 1005 updated its view of Peer 1002's bitfield: ffffffffffffffffffffffffffffffffffffffffffffffffffffffc00000000000000000000000000000000000000000000000000000000000000000000000000000000000000000000000000000000000000000000000000000000000000000000000000000000000000000000000000000000000000000000000000000000000000000000000000000000000000000000000000000000000000000000000000000000000000000000000000000000000000000000000000000.
[2025/12/03 19:06:09] Peer 1005 received the 'have' message from Peer 1004 for the piece 219.
[2025/12/03 19:06:09] Peer 1005 updated its view of Peer 1004's bitfield: fffffffffffffffffffffffffffffffffffffffffffffffffffffff00000000000000000000000000000000000000000000000000000000000000000000000000000000000000000000000000000000000000000000000000000000000000000000000000000000000000000000000000000000000000000000000000000000000000000000000000000000000000000000000000000000000000000000000000000000000000000000000000000000000000000000000000000.
[2025/12/03 19:06:09] Peer 1005 sent the 'interested' message to Peer 1004.
[2025/12/03 19:06:09] Peer 1005 sent 'request' for piece 219 to Peer 1004.
[2025/12/03 19:06:09] Peer 1005 has downloaded the piece 219 from Peer 1004. Now the number of pieces it has is 154.
[2025/12/03 19:06:09] Peer 1005 sent the 'have' message to Peer 1002 for the piece 219.
[2025/12/03 19:06:09] Peer 1005 sent the 'have' message to Peer 1003 for the piece 219.
[2025/12/03 19:06:09] Peer 1005 received the 'have' message from Peer 1002 for the piece 218.
[2025/12/03 19:06:09] Peer 1005 sent the 'have' message to Peer 1004 for the piece 219.
[2025/12/03 19:06:09] Peer 1005 updated its view of Peer 1002's bitfield: ffffffffffffffffffffffffffffffffffffffffffffffffffffffe00000000000000000000000000000000000000000000000000000000000000000000000000000000000000000000000000000000000000000000000000000000000000000000000000000000000000000000000000000000000000000000000000000000000000000000000000000000000000000000000000000000000000000000000000000000000000000000000000000000000000000000000000000.
[2025/12/03 19:06:09] Peer 1005 sent the 'have' message to Peer 1006 for the piece 219.
[2025/12/03 19:06:09] Peer 1005 received the 'interested' message from Peer 1003.
[2025/12/03 19:06:09] Peer 1005 received the 'have' message from Peer 1006 for the piece 219.
[2025/12/03 19:06:09] Peer 1005 sent the 'not interested' message to Peer 1004.
[2025/12/03 19:06:09] Peer 1005 sent 'piece' message for piece 218 to Peer 1003.
[2025/12/03 19:06:09] Peer 1005 updated its view of Peer 1006's bitfield: fffffffffffffffffffffffffffffffffffffffffffffffffffffff00000000000000000000000000000000000000000000000000000000000000000000000000000000000000000000000000000000000000000000000000000000000000000000000000000000000000000000000000000000000000000000000000000000000000000000000000000000000000000000000000000000000000000000000000000000000000000000000000000000000000000000000000000.
[2025/12/03 19:06:09] Peer 1005 sent 'piece' message for piece 219 to Peer 1003.
[2025/12/03 19:06:09] Peer 1005 received the 'have' message from Peer 1003 for the piece 218.
[2025/12/03 19:06:09] Peer 1005 updated its view of Peer 1003's bitfield: ffffffffffffffffffffffffffffffffffffffffffffffffffffffe00000000000000000000000000000000000000000000000000000000000000000000000000000000000000000000000000000000000000000000000000000000000000000000000000000000000000000000000000000000000000000000000000000000000000000000000000000000000000000000000000000000000000000000000000000000000000000000000000000000000000000000000000000.
[2025/12/03 19:06:09] Peer 1005 received the 'have' message from Peer 1002 for the piece 219.
[2025/12/03 19:06:09] Peer 1005 updated its view of Peer 1002's bitfield: fffffffffffffffffffffffffffffffffffffffffffffffffffffff00000000000000000000000000000000000000000000000000000000000000000000000000000000000000000000000000000000000000000000000000000000000000000000000000000000000000000000000000000000000000000000000000000000000000000000000000000000000000000000000000000000000000000000000000000000000000000000000000000000000000000000000000000.
[2025/12/03 19:06:09] Peer 1005 received the 'have' message from Peer 1004 for the piece 220.
[2025/12/03 19:06:09] Peer 1005 updated its view of Peer 1004's bitfield: fffffffffffffffffffffffffffffffffffffffffffffffffffffff80000000000000000000000000000000000000000000000000000000000000000000000000000000000000000000000000000000000000000000000000000000000000000000000000000000000000000000000000000000000000000000000000000000000000000000000000000000000000000000000000000000000000000000000000000000000000000000000000000000000000000000000000000.
[2025/12/03 19:06:09] Peer 1005 sent the 'interested' message to Peer 1004.
[2025/12/03 19:06:09] Peer 1005 sent 'request' for piece 220 to Peer 1004.
[2025/12/03 19:06:09] Peer 1005 has downloaded the piece 220 from Peer 1004. Now the number of pieces it has is 155.
[2025/12/03 19:06:09] Peer 1005 sent the 'have' message to Peer 1002 for the piece 220.
[2025/12/03 19:06:09] Peer 1005 sent the 'have' message to Peer 1003 for the piece 220.
[2025/12/03 19:06:09] Peer 1005 sent the 'have' message to Peer 1004 for the piece 220.
[2025/12/03 19:06:09] Peer 1005 sent the 'have' message to Peer 1006 for the piece 220.
[2025/12/03 19:06:09] Peer 1005 sent the 'not interested' message to Peer 1004.
[2025/12/03 19:06:09] Peer 1005 received the 'have' message from Peer 1006 for the piece 220.
[2025/12/03 19:06:09] Peer 1005 updated its view of Peer 1006's bitfield: fffffffffffffffffffffffffffffffffffffffffffffffffffffff80000000000000000000000000000000000000000000000000000000000000000000000000000000000000000000000000000000000000000000000000000000000000000000000000000000000000000000000000000000000000000000000000000000000000000000000000000000000000000000000000000000000000000000000000000000000000000000000000000000000000000000000000000.
[2025/12/03 19:06:09] Peer 1005 received the 'not interested' message from Peer 1003.
[2025/12/03 19:06:09] Peer 1005 received the 'have' message from Peer 1003 for the piece 219.
[2025/12/03 19:06:09] Peer 1005 updated its view of Peer 1003's bitfield: fffffffffffffffffffffffffffffffffffffffffffffffffffffff00000000000000000000000000000000000000000000000000000000000000000000000000000000000000000000000000000000000000000000000000000000000000000000000000000000000000000000000000000000000000000000000000000000000000000000000000000000000000000000000000000000000000000000000000000000000000000000000000000000000000000000000000000.
[2025/12/03 19:06:09] Peer 1005 received the 'have' message from Peer 1002 for the piece 220.
[2025/12/03 19:06:09] Peer 1005 updated its view of Peer 1002's bitfield: fffffffffffffffffffffffffffffffffffffffffffffffffffffff80000000000000000000000000000000000000000000000000000000000000000000000000000000000000000000000000000000000000000000000000000000000000000000000000000000000000000000000000000000000000000000000000000000000000000000000000000000000000000000000000000000000000000000000000000000000000000000000000000000000000000000000000000.
[2025/12/03 19:06:09] Peer 1005 received the 'have' message from Peer 1004 for the piece 221.
[2025/12/03 19:06:09] Peer 1005 updated its view of Peer 1004's bitfield: fffffffffffffffffffffffffffffffffffffffffffffffffffffffc0000000000000000000000000000000000000000000000000000000000000000000000000000000000000000000000000000000000000000000000000000000000000000000000000000000000000000000000000000000000000000000000000000000000000000000000000000000000000000000000000000000000000000000000000000000000000000000000000000000000000000000000000000.
[2025/12/03 19:06:09] Peer 1005 sent the 'interested' message to Peer 1004.
[2025/12/03 19:06:09] Peer 1005 sent 'request' for piece 221 to Peer 1004.
[2025/12/03 19:06:09] Peer 1005 has downloaded the piece 221 from Peer 1004. Now the number of pieces it has is 156.
[2025/12/03 19:06:09] Peer 1005 received the 'interested' message from Peer 1003.
[2025/12/03 19:06:09] Peer 1005 sent the 'have' message to Peer 1002 for the piece 221.
[2025/12/03 19:06:09] Peer 1005 sent 'piece' message for piece 220 to Peer 1003.
[2025/12/03 19:06:09] Peer 1005 sent the 'have' message to Peer 1003 for the piece 221.
[2025/12/03 19:06:09] Peer 1005 sent the 'have' message to Peer 1004 for the piece 221.
[2025/12/03 19:06:09] Peer 1005 sent the 'have' message to Peer 1006 for the piece 221.
[2025/12/03 19:06:09] Peer 1005 received the 'have' message from Peer 1006 for the piece 221.
[2025/12/03 19:06:09] Peer 1005 sent the 'not interested' message to Peer 1004.
[2025/12/03 19:06:09] Peer 1005 updated its view of Peer 1006's bitfield: fffffffffffffffffffffffffffffffffffffffffffffffffffffffc0000000000000000000000000000000000000000000000000000000000000000000000000000000000000000000000000000000000000000000000000000000000000000000000000000000000000000000000000000000000000000000000000000000000000000000000000000000000000000000000000000000000000000000000000000000000000000000000000000000000000000000000000000.
[2025/12/03 19:06:09] Peer 1005 sent 'piece' message for piece 221 to Peer 1003.
[2025/12/03 19:06:09] Peer 1005 received the 'have' message from Peer 1003 for the piece 220.
[2025/12/03 19:06:09] Peer 1005 updated its view of Peer 1003's bitfield: fffffffffffffffffffffffffffffffffffffffffffffffffffffff80000000000000000000000000000000000000000000000000000000000000000000000000000000000000000000000000000000000000000000000000000000000000000000000000000000000000000000000000000000000000000000000000000000000000000000000000000000000000000000000000000000000000000000000000000000000000000000000000000000000000000000000000000.
[2025/12/03 19:06:09] Peer 1005 received the 'have' message from Peer 1004 for the piece 222.
[2025/12/03 19:06:09] Peer 1005 updated its view of Peer 1004's bitfield: fffffffffffffffffffffffffffffffffffffffffffffffffffffffe0000000000000000000000000000000000000000000000000000000000000000000000000000000000000000000000000000000000000000000000000000000000000000000000000000000000000000000000000000000000000000000000000000000000000000000000000000000000000000000000000000000000000000000000000000000000000000000000000000000000000000000000000000.
[2025/12/03 19:06:09] Peer 1005 sent the 'interested' message to Peer 1004.
[2025/12/03 19:06:09] Peer 1005 sent 'request' for piece 222 to Peer 1004.
[2025/12/03 19:06:09] Peer 1005 received the 'have' message from Peer 1002 for the piece 221.
[2025/12/03 19:06:09] Peer 1005 updated its view of Peer 1002's bitfield: fffffffffffffffffffffffffffffffffffffffffffffffffffffffc0000000000000000000000000000000000000000000000000000000000000000000000000000000000000000000000000000000000000000000000000000000000000000000000000000000000000000000000000000000000000000000000000000000000000000000000000000000000000000000000000000000000000000000000000000000000000000000000000000000000000000000000000000.
[2025/12/03 19:06:09] Peer 1005 has downloaded the piece 222 from Peer 1004. Now the number of pieces it has is 157.
[2025/12/03 19:06:09] Peer 1005 received the 'have' message from Peer 1003 for the piece 221.
[2025/12/03 19:06:09] Peer 1005 sent the 'have' message to Peer 1002 for the piece 222.
[2025/12/03 19:06:09] Peer 1005 updated its view of Peer 1003's bitfield: fffffffffffffffffffffffffffffffffffffffffffffffffffffffc0000000000000000000000000000000000000000000000000000000000000000000000000000000000000000000000000000000000000000000000000000000000000000000000000000000000000000000000000000000000000000000000000000000000000000000000000000000000000000000000000000000000000000000000000000000000000000000000000000000000000000000000000000.
[2025/12/03 19:06:09] Peer 1005 sent the 'have' message to Peer 1003 for the piece 222.
[2025/12/03 19:06:09] Peer 1005 received the 'not interested' message from Peer 1003.
[2025/12/03 19:06:09] Peer 1005 sent the 'have' message to Peer 1004 for the piece 222.
[2025/12/03 19:06:09] Peer 1005 received the 'have' message from Peer 1006 for the piece 222.
[2025/12/03 19:06:09] Peer 1005 sent the 'have' message to Peer 1006 for the piece 222.
[2025/12/03 19:06:09] Peer 1005 updated its view of Peer 1006's bitfield: fffffffffffffffffffffffffffffffffffffffffffffffffffffffe0000000000000000000000000000000000000000000000000000000000000000000000000000000000000000000000000000000000000000000000000000000000000000000000000000000000000000000000000000000000000000000000000000000000000000000000000000000000000000000000000000000000000000000000000000000000000000000000000000000000000000000000000000.
[2025/12/03 19:06:09] Peer 1005 sent the 'not interested' message to Peer 1004.
[2025/12/03 19:06:09] Peer 1005 received the 'interested' message from Peer 1003.
[2025/12/03 19:06:09] Peer 1005 received the 'have' message from Peer 1004 for the piece 223.
[2025/12/03 19:06:09] Peer 1005 updated its view of Peer 1004's bitfield: ffffffffffffffffffffffffffffffffffffffffffffffffffffffff0000000000000000000000000000000000000000000000000000000000000000000000000000000000000000000000000000000000000000000000000000000000000000000000000000000000000000000000000000000000000000000000000000000000000000000000000000000000000000000000000000000000000000000000000000000000000000000000000000000000000000000000000000.
[2025/12/03 19:06:09] Peer 1005 sent the 'interested' message to Peer 1004.
[2025/12/03 19:06:09] Peer 1005 sent 'request' for piece 223 to Peer 1004.
[2025/12/03 19:06:09] Peer 1005 has downloaded the piece 223 from Peer 1004. Now the number of pieces it has is 158.
[2025/12/03 19:06:09] Peer 1005 sent the 'have' message to Peer 1002 for the piece 223.
[2025/12/03 19:06:09] Peer 1005 sent the 'have' message to Peer 1003 for the piece 223.
[2025/12/03 19:06:09] Peer 1005 sent the 'have' message to Peer 1004 for the piece 223.
[2025/12/03 19:06:09] Peer 1005 received the 'have' message from Peer 1006 for the piece 223.
[2025/12/03 19:06:09] Peer 1005 sent the 'have' message to Peer 1006 for the piece 223.
[2025/12/03 19:06:09] Peer 1005 updated its view of Peer 1006's bitfield: ffffffffffffffffffffffffffffffffffffffffffffffffffffffff0000000000000000000000000000000000000000000000000000000000000000000000000000000000000000000000000000000000000000000000000000000000000000000000000000000000000000000000000000000000000000000000000000000000000000000000000000000000000000000000000000000000000000000000000000000000000000000000000000000000000000000000000000.
[2025/12/03 19:06:09] Peer 1005 sent the 'not interested' message to Peer 1004.
[2025/12/03 19:06:09] Peer 1005 received the 'have' message from Peer 1002 for the piece 222.
[2025/12/03 19:06:09] Peer 1005 updated its view of Peer 1002's bitfield: fffffffffffffffffffffffffffffffffffffffffffffffffffffffe0000000000000000000000000000000000000000000000000000000000000000000000000000000000000000000000000000000000000000000000000000000000000000000000000000000000000000000000000000000000000000000000000000000000000000000000000000000000000000000000000000000000000000000000000000000000000000000000000000000000000000000000000000.
[2025/12/03 19:06:09] Peer 1005 sent 'piece' message for piece 222 to Peer 1003.
[2025/12/03 19:06:09] Peer 1005 received the 'have' message from Peer 1002 for the piece 223.
[2025/12/03 19:06:09] Peer 1005 updated its view of Peer 1002's bitfield: ffffffffffffffffffffffffffffffffffffffffffffffffffffffff0000000000000000000000000000000000000000000000000000000000000000000000000000000000000000000000000000000000000000000000000000000000000000000000000000000000000000000000000000000000000000000000000000000000000000000000000000000000000000000000000000000000000000000000000000000000000000000000000000000000000000000000000000.
[2025/12/03 19:06:09] Peer 1005 received the 'have' message from Peer 1004 for the piece 224.
[2025/12/03 19:06:09] Peer 1005 updated its view of Peer 1004's bitfield: ffffffffffffffffffffffffffffffffffffffffffffffffffffffff8000000000000000000000000000000000000000000000000000000000000000000000000000000000000000000000000000000000000000000000000000000000000000000000000000000000000000000000000000000000000000000000000000000000000000000000000000000000000000000000000000000000000000000000000000000000000000000000000000000000000000000000000000.
[2025/12/03 19:06:09] Peer 1005 sent 'piece' message for piece 223 to Peer 1003.
[2025/12/03 19:06:09] Peer 1005 sent the 'interested' message to Peer 1004.
[2025/12/03 19:06:09] Peer 1005 sent 'request' for piece 224 to Peer 1004.
[2025/12/03 19:06:09] Peer 1005 has downloaded the piece 224 from Peer 1004. Now the number of pieces it has is 159.
[2025/12/03 19:06:09] Peer 1005 sent the 'have' message to Peer 1002 for the piece 224.
[2025/12/03 19:06:09] Peer 1005 sent the 'have' message to Peer 1003 for the piece 224.
[2025/12/03 19:06:09] Peer 1005 sent the 'have' message to Peer 1004 for the piece 224.
[2025/12/03 19:06:09] Peer 1005 received the 'have' message from Peer 1006 for the piece 224.
[2025/12/03 19:06:09] Peer 1005 sent the 'have' message to Peer 1006 for the piece 224.
[2025/12/03 19:06:09] Peer 1005 updated its view of Peer 1006's bitfield: ffffffffffffffffffffffffffffffffffffffffffffffffffffffff8000000000000000000000000000000000000000000000000000000000000000000000000000000000000000000000000000000000000000000000000000000000000000000000000000000000000000000000000000000000000000000000000000000000000000000000000000000000000000000000000000000000000000000000000000000000000000000000000000000000000000000000000000.
[2025/12/03 19:06:09] Peer 1005 received the 'have' message from Peer 1003 for the piece 222.
[2025/12/03 19:06:09] Peer 1005 received the 'not interested' message from Peer 1002.
[2025/12/03 19:06:09] Peer 1005 sent the 'not interested' message to Peer 1004.
[2025/12/03 19:06:09] Peer 1005 updated its view of Peer 1003's bitfield: fffffffffffffffffffffffffffffffffffffffffffffffffffffffe0000000000000000000000000000000000000000000000000000000000000000000000000000000000000000000000000000000000000000000000000000000000000000000000000000000000000000000000000000000000000000000000000000000000000000000000000000000000000000000000000000000000000000000000000000000000000000000000000000000000000000000000000000.
[2025/12/03 19:06:09] Peer 1005 received the 'have' message from Peer 1004 for the piece 225.
[2025/12/03 19:06:09] Peer 1005 updated its view of Peer 1004's bitfield: ffffffffffffffffffffffffffffffffffffffffffffffffffffffffc000000000000000000000000000000000000000000000000000000000000000000000000000000000000000000000000000000000000000000000000000000000000000000000000000000000000000000000000000000000000000000000000000000000000000000000000000000000000000000000000000000000000000000000000000000000000000000000000000000000000000000000000000.
[2025/12/03 19:06:09] Peer 1005 sent the 'interested' message to Peer 1004.
[2025/12/03 19:06:09] Peer 1005 sent 'request' for piece 225 to Peer 1004.
[2025/12/03 19:06:09] Peer 1005 has downloaded the piece 225 from Peer 1004. Now the number of pieces it has is 160.
[2025/12/03 19:06:09] Peer 1005 received the 'have' message from Peer 1003 for the piece 223.
[2025/12/03 19:06:09] Peer 1005 received the 'interested' message from Peer 1002.
[2025/12/03 19:06:09] Peer 1005 sent the 'have' message to Peer 1002 for the piece 225.
[2025/12/03 19:06:09] Peer 1005 updated its view of Peer 1003's bitfield: ffffffffffffffffffffffffffffffffffffffffffffffffffffffff0000000000000000000000000000000000000000000000000000000000000000000000000000000000000000000000000000000000000000000000000000000000000000000000000000000000000000000000000000000000000000000000000000000000000000000000000000000000000000000000000000000000000000000000000000000000000000000000000000000000000000000000000000.
[2025/12/03 19:06:09] Peer 1005 sent the 'have' message to Peer 1003 for the piece 225.
[2025/12/03 19:06:09] Peer 1005 received the 'not interested' message from Peer 1003.
[2025/12/03 19:06:09] Peer 1005 received the 'have' message from Peer 1006 for the piece 225.
[2025/12/03 19:06:09] Peer 1005 sent the 'have' message to Peer 1004 for the piece 225.
[2025/12/03 19:06:09] Peer 1005 received the 'interested' message from Peer 1003.
[2025/12/03 19:06:09] Peer 1005 updated its view of Peer 1006's bitfield: ffffffffffffffffffffffffffffffffffffffffffffffffffffffffc000000000000000000000000000000000000000000000000000000000000000000000000000000000000000000000000000000000000000000000000000000000000000000000000000000000000000000000000000000000000000000000000000000000000000000000000000000000000000000000000000000000000000000000000000000000000000000000000000000000000000000000000000.
[2025/12/03 19:06:09] Peer 1005 received the 'have' message from Peer 1002 for the piece 224.
[2025/12/03 19:06:09] Peer 1005 sent the 'have' message to Peer 1006 for the piece 225.
[2025/12/03 19:06:09] Peer 1005 sent 'piece' message for piece 224 to Peer 1003.
[2025/12/03 19:06:09] Peer 1005 updated its view of Peer 1002's bitfield: ffffffffffffffffffffffffffffffffffffffffffffffffffffffff8000000000000000000000000000000000000000000000000000000000000000000000000000000000000000000000000000000000000000000000000000000000000000000000000000000000000000000000000000000000000000000000000000000000000000000000000000000000000000000000000000000000000000000000000000000000000000000000000000000000000000000000000000.
[2025/12/03 19:06:09] Peer 1005 sent the 'not interested' message to Peer 1004.
[2025/12/03 19:06:09] Peer 1005 received the 'have' message from Peer 1003 for the piece 224.
[2025/12/03 19:06:09] Peer 1005 updated its view of Peer 1003's bitfield: ffffffffffffffffffffffffffffffffffffffffffffffffffffffff8000000000000000000000000000000000000000000000000000000000000000000000000000000000000000000000000000000000000000000000000000000000000000000000000000000000000000000000000000000000000000000000000000000000000000000000000000000000000000000000000000000000000000000000000000000000000000000000000000000000000000000000000000.
[2025/12/03 19:06:09] Peer 1005 sent 'piece' message for piece 225 to Peer 1003.
[2025/12/03 19:06:09] Peer 1005 received the 'have' message from Peer 1003 for the piece 225.
[2025/12/03 19:06:09] Peer 1005 updated its view of Peer 1003's bitfield: ffffffffffffffffffffffffffffffffffffffffffffffffffffffffc000000000000000000000000000000000000000000000000000000000000000000000000000000000000000000000000000000000000000000000000000000000000000000000000000000000000000000000000000000000000000000000000000000000000000000000000000000000000000000000000000000000000000000000000000000000000000000000000000000000000000000000000000.
[2025/12/03 19:06:09] Peer 1005 received the 'have' message from Peer 1004 for the piece 226.
[2025/12/03 19:06:09] Peer 1005 updated its view of Peer 1004's bitfield: ffffffffffffffffffffffffffffffffffffffffffffffffffffffffe000000000000000000000000000000000000000000000000000000000000000000000000000000000000000000000000000000000000000000000000000000000000000000000000000000000000000000000000000000000000000000000000000000000000000000000000000000000000000000000000000000000000000000000000000000000000000000000000000000000000000000000000000.
[2025/12/03 19:06:09] Peer 1005 sent the 'interested' message to Peer 1004.
[2025/12/03 19:06:09] Peer 1005 sent 'request' for piece 226 to Peer 1004.
[2025/12/03 19:06:09] Peer 1005 has downloaded the piece 226 from Peer 1004. Now the number of pieces it has is 161.
[2025/12/03 19:06:09] Peer 1005 sent the 'have' message to Peer 1002 for the piece 226.
[2025/12/03 19:06:09] Peer 1005 sent the 'have' message to Peer 1003 for the piece 226.
[2025/12/03 19:06:09] Peer 1005 sent the 'have' message to Peer 1004 for the piece 226.
[2025/12/03 19:06:09] Peer 1005 sent the 'have' message to Peer 1006 for the piece 226.
[2025/12/03 19:06:09] Peer 1005 received the 'have' message from Peer 1006 for the piece 226.
[2025/12/03 19:06:09] Peer 1005 sent the 'not interested' message to Peer 1004.
[2025/12/03 19:06:09] Peer 1005 updated its view of Peer 1006's bitfield: ffffffffffffffffffffffffffffffffffffffffffffffffffffffffe000000000000000000000000000000000000000000000000000000000000000000000000000000000000000000000000000000000000000000000000000000000000000000000000000000000000000000000000000000000000000000000000000000000000000000000000000000000000000000000000000000000000000000000000000000000000000000000000000000000000000000000000000.
[2025/12/03 19:06:09] Peer 1005 received the 'have' message from Peer 1002 for the piece 225.
[2025/12/03 19:06:09] Peer 1005 received the 'not interested' message from Peer 1003.
[2025/12/03 19:06:09] Peer 1005 updated its view of Peer 1002's bitfield: ffffffffffffffffffffffffffffffffffffffffffffffffffffffffc000000000000000000000000000000000000000000000000000000000000000000000000000000000000000000000000000000000000000000000000000000000000000000000000000000000000000000000000000000000000000000000000000000000000000000000000000000000000000000000000000000000000000000000000000000000000000000000000000000000000000000000000000.
[2025/12/03 19:06:09] Peer 1005 unchokes Peer 1002.
[2025/12/03 19:06:09] Peer 1005 chokes Peer 1003.
[2025/12/03 19:06:09] Peer 1005 has the preferred neighbors [1002].
[2025/12/03 19:06:09] Peer 1005 received the 'interested' message from Peer 1003.
[2025/12/03 19:06:09] Peer 1005 received the 'have' message from Peer 1002 for the piece 226.
[2025/12/03 19:06:09] Peer 1005 received the 'have' message from Peer 1003 for the piece 226.
[2025/12/03 19:06:09] Peer 1005 updated its view of Peer 1002's bitfield: ffffffffffffffffffffffffffffffffffffffffffffffffffffffffe000000000000000000000000000000000000000000000000000000000000000000000000000000000000000000000000000000000000000000000000000000000000000000000000000000000000000000000000000000000000000000000000000000000000000000000000000000000000000000000000000000000000000000000000000000000000000000000000000000000000000000000000000.
[2025/12/03 19:06:09] Peer 1005 updated its view of Peer 1003's bitfield: ffffffffffffffffffffffffffffffffffffffffffffffffffffffffe000000000000000000000000000000000000000000000000000000000000000000000000000000000000000000000000000000000000000000000000000000000000000000000000000000000000000000000000000000000000000000000000000000000000000000000000000000000000000000000000000000000000000000000000000000000000000000000000000000000000000000000000000.
[2025/12/03 19:06:09] Peer 1005 received the 'have' message from Peer 1004 for the piece 227.
[2025/12/03 19:06:09] Peer 1005 updated its view of Peer 1004's bitfield: fffffffffffffffffffffffffffffffffffffffffffffffffffffffff000000000000000000000000000000000000000000000000000000000000000000000000000000000000000000000000000000000000000000000000000000000000000000000000000000000000000000000000000000000000000000000000000000000000000000000000000000000000000000000000000000000000000000000000000000000000000000000000000000000000000000000000000.
[2025/12/03 19:06:09] Peer 1005 sent the 'interested' message to Peer 1004.
[2025/12/03 19:06:09] Peer 1005 sent 'request' for piece 227 to Peer 1004.
[2025/12/03 19:06:09] Peer 1005 has downloaded the piece 227 from Peer 1004. Now the number of pieces it has is 162.
[2025/12/03 19:06:09] Peer 1005 sent the 'have' message to Peer 1002 for the piece 227.
[2025/12/03 19:06:09] Peer 1005 sent the 'have' message to Peer 1003 for the piece 227.
[2025/12/03 19:06:09] Peer 1005 sent the 'have' message to Peer 1004 for the piece 227.
[2025/12/03 19:06:09] Peer 1005 sent the 'have' message to Peer 1006 for the piece 227.
[2025/12/03 19:06:09] Peer 1005 received the 'have' message from Peer 1006 for the piece 227.
[2025/12/03 19:06:09] Peer 1005 sent the 'not interested' message to Peer 1004.
[2025/12/03 19:06:09] Peer 1005 updated its view of Peer 1006's bitfield: fffffffffffffffffffffffffffffffffffffffffffffffffffffffff000000000000000000000000000000000000000000000000000000000000000000000000000000000000000000000000000000000000000000000000000000000000000000000000000000000000000000000000000000000000000000000000000000000000000000000000000000000000000000000000000000000000000000000000000000000000000000000000000000000000000000000000000.
[2025/12/03 19:06:09] Peer 1005 received the 'have' message from Peer 1004 for the piece 228.
[2025/12/03 19:06:09] Peer 1005 updated its view of Peer 1004's bitfield: fffffffffffffffffffffffffffffffffffffffffffffffffffffffff800000000000000000000000000000000000000000000000000000000000000000000000000000000000000000000000000000000000000000000000000000000000000000000000000000000000000000000000000000000000000000000000000000000000000000000000000000000000000000000000000000000000000000000000000000000000000000000000000000000000000000000000000.
[2025/12/03 19:06:09] Peer 1005 sent the 'interested' message to Peer 1004.
[2025/12/03 19:06:09] Peer 1005 sent 'request' for piece 228 to Peer 1004.
[2025/12/03 19:06:09] Peer 1005 has downloaded the piece 228 from Peer 1004. Now the number of pieces it has is 163.
[2025/12/03 19:06:09] Peer 1005 sent the 'have' message to Peer 1002 for the piece 228.
[2025/12/03 19:06:09] Peer 1005 sent the 'have' message to Peer 1003 for the piece 228.
[2025/12/03 19:06:09] Peer 1005 sent the 'have' message to Peer 1004 for the piece 228.
[2025/12/03 19:06:09] Peer 1005 sent the 'have' message to Peer 1006 for the piece 228.
[2025/12/03 19:06:09] Peer 1005 received the 'have' message from Peer 1006 for the piece 228.
[2025/12/03 19:06:09] Peer 1005 sent the 'not interested' message to Peer 1004.
[2025/12/03 19:06:09] Peer 1005 updated its view of Peer 1006's bitfield: fffffffffffffffffffffffffffffffffffffffffffffffffffffffff800000000000000000000000000000000000000000000000000000000000000000000000000000000000000000000000000000000000000000000000000000000000000000000000000000000000000000000000000000000000000000000000000000000000000000000000000000000000000000000000000000000000000000000000000000000000000000000000000000000000000000000000000.
[2025/12/03 19:06:10] Peer 1005 sent 'piece' message for piece 227 to Peer 1002.
[2025/12/03 19:06:10] Peer 1005 sent 'piece' message for piece 228 to Peer 1002.
[2025/12/03 19:06:10] Peer 1005 received the 'have' message from Peer 1004 for the piece 229.
[2025/12/03 19:06:10] Peer 1005 updated its view of Peer 1004's bitfield: fffffffffffffffffffffffffffffffffffffffffffffffffffffffffc00000000000000000000000000000000000000000000000000000000000000000000000000000000000000000000000000000000000000000000000000000000000000000000000000000000000000000000000000000000000000000000000000000000000000000000000000000000000000000000000000000000000000000000000000000000000000000000000000000000000000000000000000.
[2025/12/03 19:06:10] Peer 1005 sent the 'interested' message to Peer 1004.
[2025/12/03 19:06:10] Peer 1005 sent 'request' for piece 229 to Peer 1004.
[2025/12/03 19:06:10] Peer 1005 has downloaded the piece 229 from Peer 1004. Now the number of pieces it has is 164.
[2025/12/03 19:06:10] Peer 1005 sent the 'have' message to Peer 1002 for the piece 229.
[2025/12/03 19:06:10] Peer 1005 sent the 'have' message to Peer 1003 for the piece 229.
[2025/12/03 19:06:10] Peer 1005 sent the 'have' message to Peer 1004 for the piece 229.
[2025/12/03 19:06:10] Peer 1005 sent the 'have' message to Peer 1006 for the piece 229.
[2025/12/03 19:06:10] Peer 1005 received the 'have' message from Peer 1006 for the piece 229.
[2025/12/03 19:06:10] Peer 1005 sent the 'not interested' message to Peer 1004.
[2025/12/03 19:06:10] Peer 1005 updated its view of Peer 1006's bitfield: fffffffffffffffffffffffffffffffffffffffffffffffffffffffffc00000000000000000000000000000000000000000000000000000000000000000000000000000000000000000000000000000000000000000000000000000000000000000000000000000000000000000000000000000000000000000000000000000000000000000000000000000000000000000000000000000000000000000000000000000000000000000000000000000000000000000000000000.
[2025/12/03 19:06:10] Peer 1005 received the 'have' message from Peer 1003 for the piece 227.
[2025/12/03 19:06:10] Peer 1005 received the 'have' message from Peer 1002 for the piece 227.
[2025/12/03 19:06:10] Peer 1005 updated its view of Peer 1003's bitfield: fffffffffffffffffffffffffffffffffffffffffffffffffffffffff000000000000000000000000000000000000000000000000000000000000000000000000000000000000000000000000000000000000000000000000000000000000000000000000000000000000000000000000000000000000000000000000000000000000000000000000000000000000000000000000000000000000000000000000000000000000000000000000000000000000000000000000000.
[2025/12/03 19:06:10] Peer 1005 updated its view of Peer 1002's bitfield: fffffffffffffffffffffffffffffffffffffffffffffffffffffffff000000000000000000000000000000000000000000000000000000000000000000000000000000000000000000000000000000000000000000000000000000000000000000000000000000000000000000000000000000000000000000000000000000000000000000000000000000000000000000000000000000000000000000000000000000000000000000000000000000000000000000000000000.
[2025/12/03 19:06:10] Peer 1005 received the 'have' message from Peer 1002 for the piece 228.
[2025/12/03 19:06:10] Peer 1005 updated its view of Peer 1002's bitfield: fffffffffffffffffffffffffffffffffffffffffffffffffffffffff800000000000000000000000000000000000000000000000000000000000000000000000000000000000000000000000000000000000000000000000000000000000000000000000000000000000000000000000000000000000000000000000000000000000000000000000000000000000000000000000000000000000000000000000000000000000000000000000000000000000000000000000000.
[2025/12/03 19:06:10] Peer 1005 received the 'not interested' message from Peer 1002.
[2025/12/03 19:06:10] Peer 1005 received the 'have' message from Peer 1003 for the piece 228.
[2025/12/03 19:06:10] Peer 1005 updated its view of Peer 1003's bitfield: fffffffffffffffffffffffffffffffffffffffffffffffffffffffff800000000000000000000000000000000000000000000000000000000000000000000000000000000000000000000000000000000000000000000000000000000000000000000000000000000000000000000000000000000000000000000000000000000000000000000000000000000000000000000000000000000000000000000000000000000000000000000000000000000000000000000000000.
[2025/12/03 19:06:10] Peer 1005 received the 'have' message from Peer 1004 for the piece 230.
[2025/12/03 19:06:10] Peer 1005 updated its view of Peer 1004's bitfield: fffffffffffffffffffffffffffffffffffffffffffffffffffffffffe00000000000000000000000000000000000000000000000000000000000000000000000000000000000000000000000000000000000000000000000000000000000000000000000000000000000000000000000000000000000000000000000000000000000000000000000000000000000000000000000000000000000000000000000000000000000000000000000000000000000000000000000000.
[2025/12/03 19:06:10] Peer 1005 sent the 'interested' message to Peer 1004.
[2025/12/03 19:06:10] Peer 1005 sent 'request' for piece 230 to Peer 1004.
[2025/12/03 19:06:10] Peer 1005 has downloaded the piece 230 from Peer 1004. Now the number of pieces it has is 165.
[2025/12/03 19:06:10] Peer 1005 sent the 'have' message to Peer 1002 for the piece 230.
[2025/12/03 19:06:10] Peer 1005 sent the 'have' message to Peer 1003 for the piece 230.
[2025/12/03 19:06:10] Peer 1005 sent the 'have' message to Peer 1004 for the piece 230.
[2025/12/03 19:06:10] Peer 1005 sent the 'have' message to Peer 1006 for the piece 230.
[2025/12/03 19:06:10] Peer 1005 sent the 'not interested' message to Peer 1004.
[2025/12/03 19:06:10] Peer 1005 received the 'have' message from Peer 1006 for the piece 230.
[2025/12/03 19:06:10] Peer 1005 received the 'interested' message from Peer 1002.
[2025/12/03 19:06:10] Peer 1005 updated its view of Peer 1006's bitfield: fffffffffffffffffffffffffffffffffffffffffffffffffffffffffe00000000000000000000000000000000000000000000000000000000000000000000000000000000000000000000000000000000000000000000000000000000000000000000000000000000000000000000000000000000000000000000000000000000000000000000000000000000000000000000000000000000000000000000000000000000000000000000000000000000000000000000000000.
[2025/12/03 19:06:10] Peer 1005 sent 'piece' message for piece 229 to Peer 1002.
[2025/12/03 19:06:10] Peer 1005 sent 'piece' message for piece 230 to Peer 1002.
[2025/12/03 19:06:10] Peer 1005 received the 'have' message from Peer 1002 for the piece 229.
[2025/12/03 19:06:10] Peer 1005 updated its view of Peer 1002's bitfield: fffffffffffffffffffffffffffffffffffffffffffffffffffffffffc00000000000000000000000000000000000000000000000000000000000000000000000000000000000000000000000000000000000000000000000000000000000000000000000000000000000000000000000000000000000000000000000000000000000000000000000000000000000000000000000000000000000000000000000000000000000000000000000000000000000000000000000000.
[2025/12/03 19:06:10] Peer 1005 received the 'have' message from Peer 1003 for the piece 229.
[2025/12/03 19:06:10] Peer 1005 received the 'not interested' message from Peer 1002.
[2025/12/03 19:06:10] Peer 1005 updated its view of Peer 1003's bitfield: fffffffffffffffffffffffffffffffffffffffffffffffffffffffffc00000000000000000000000000000000000000000000000000000000000000000000000000000000000000000000000000000000000000000000000000000000000000000000000000000000000000000000000000000000000000000000000000000000000000000000000000000000000000000000000000000000000000000000000000000000000000000000000000000000000000000000000000.
[2025/12/03 19:06:10] Peer 1005 received the 'have' message from Peer 1004 for the piece 231.
[2025/12/03 19:06:10] Peer 1005 updated its view of Peer 1004's bitfield: ffffffffffffffffffffffffffffffffffffffffffffffffffffffffff00000000000000000000000000000000000000000000000000000000000000000000000000000000000000000000000000000000000000000000000000000000000000000000000000000000000000000000000000000000000000000000000000000000000000000000000000000000000000000000000000000000000000000000000000000000000000000000000000000000000000000000000000.
[2025/12/03 19:06:10] Peer 1005 sent the 'interested' message to Peer 1004.
[2025/12/03 19:06:10] Peer 1005 sent 'request' for piece 231 to Peer 1004.
[2025/12/03 19:06:10] Peer 1005 has downloaded the piece 231 from Peer 1004. Now the number of pieces it has is 166.
[2025/12/03 19:06:10] Peer 1005 sent the 'have' message to Peer 1002 for the piece 231.
[2025/12/03 19:06:10] Peer 1005 sent the 'have' message to Peer 1003 for the piece 231.
[2025/12/03 19:06:10] Peer 1005 sent the 'have' message to Peer 1004 for the piece 231.
[2025/12/03 19:06:10] Peer 1005 sent the 'have' message to Peer 1006 for the piece 231.
[2025/12/03 19:06:10] Peer 1005 received the 'have' message from Peer 1002 for the piece 230.
[2025/12/03 19:06:10] Peer 1005 received the 'have' message from Peer 1003 for the piece 230.
[2025/12/03 19:06:10] Peer 1005 received the 'have' message from Peer 1006 for the piece 231.
[2025/12/03 19:06:10] Peer 1005 sent the 'not interested' message to Peer 1004.
[2025/12/03 19:06:10] Peer 1005 updated its view of Peer 1002's bitfield: fffffffffffffffffffffffffffffffffffffffffffffffffffffffffe00000000000000000000000000000000000000000000000000000000000000000000000000000000000000000000000000000000000000000000000000000000000000000000000000000000000000000000000000000000000000000000000000000000000000000000000000000000000000000000000000000000000000000000000000000000000000000000000000000000000000000000000000.
[2025/12/03 19:06:10] Peer 1005 updated its view of Peer 1003's bitfield: fffffffffffffffffffffffffffffffffffffffffffffffffffffffffe00000000000000000000000000000000000000000000000000000000000000000000000000000000000000000000000000000000000000000000000000000000000000000000000000000000000000000000000000000000000000000000000000000000000000000000000000000000000000000000000000000000000000000000000000000000000000000000000000000000000000000000000000.
[2025/12/03 19:06:10] Peer 1005 updated its view of Peer 1006's bitfield: ffffffffffffffffffffffffffffffffffffffffffffffffffffffffff00000000000000000000000000000000000000000000000000000000000000000000000000000000000000000000000000000000000000000000000000000000000000000000000000000000000000000000000000000000000000000000000000000000000000000000000000000000000000000000000000000000000000000000000000000000000000000000000000000000000000000000000000.
[2025/12/03 19:06:10] Peer 1005 received the 'have' message from Peer 1004 for the piece 232.
[2025/12/03 19:06:10] Peer 1005 updated its view of Peer 1004's bitfield: ffffffffffffffffffffffffffffffffffffffffffffffffffffffffff80000000000000000000000000000000000000000000000000000000000000000000000000000000000000000000000000000000000000000000000000000000000000000000000000000000000000000000000000000000000000000000000000000000000000000000000000000000000000000000000000000000000000000000000000000000000000000000000000000000000000000000000000.
[2025/12/03 19:06:10] Peer 1005 sent the 'interested' message to Peer 1004.
[2025/12/03 19:06:10] Peer 1005 received the 'interested' message from Peer 1002.
[2025/12/03 19:06:10] Peer 1005 sent 'request' for piece 232 to Peer 1004.
[2025/12/03 19:06:10] Peer 1005 sent 'piece' message for piece 231 to Peer 1002.
[2025/12/03 19:06:10] Peer 1005 received the 'have' message from Peer 1002 for the piece 231.
[2025/12/03 19:06:10] Peer 1005 has downloaded the piece 232 from Peer 1004. Now the number of pieces it has is 167.
[2025/12/03 19:06:10] Peer 1005 updated its view of Peer 1002's bitfield: ffffffffffffffffffffffffffffffffffffffffffffffffffffffffff00000000000000000000000000000000000000000000000000000000000000000000000000000000000000000000000000000000000000000000000000000000000000000000000000000000000000000000000000000000000000000000000000000000000000000000000000000000000000000000000000000000000000000000000000000000000000000000000000000000000000000000000000.
[2025/12/03 19:06:10] Peer 1005 sent the 'have' message to Peer 1002 for the piece 232.
[2025/12/03 19:06:10] Peer 1005 sent the 'have' message to Peer 1003 for the piece 232.
[2025/12/03 19:06:10] Peer 1005 sent the 'have' message to Peer 1004 for the piece 232.
[2025/12/03 19:06:10] Peer 1005 sent the 'have' message to Peer 1006 for the piece 232.
[2025/12/03 19:06:10] Peer 1005 received the 'have' message from Peer 1006 for the piece 232.
[2025/12/03 19:06:10] Peer 1005 sent the 'not interested' message to Peer 1004.
[2025/12/03 19:06:10] Peer 1005 updated its view of Peer 1006's bitfield: ffffffffffffffffffffffffffffffffffffffffffffffffffffffffff80000000000000000000000000000000000000000000000000000000000000000000000000000000000000000000000000000000000000000000000000000000000000000000000000000000000000000000000000000000000000000000000000000000000000000000000000000000000000000000000000000000000000000000000000000000000000000000000000000000000000000000000000.
[2025/12/03 19:06:10] Peer 1005 received the 'have' message from Peer 1003 for the piece 231.
[2025/12/03 19:06:10] Peer 1005 updated its view of Peer 1003's bitfield: ffffffffffffffffffffffffffffffffffffffffffffffffffffffffff00000000000000000000000000000000000000000000000000000000000000000000000000000000000000000000000000000000000000000000000000000000000000000000000000000000000000000000000000000000000000000000000000000000000000000000000000000000000000000000000000000000000000000000000000000000000000000000000000000000000000000000000000.
[2025/12/03 19:06:10] Peer 1005 received the 'not interested' message from Peer 1002.
[2025/12/03 19:06:10] Peer 1005 received the 'have' message from Peer 1004 for the piece 233.
[2025/12/03 19:06:10] Peer 1005 updated its view of Peer 1004's bitfield: ffffffffffffffffffffffffffffffffffffffffffffffffffffffffffc0000000000000000000000000000000000000000000000000000000000000000000000000000000000000000000000000000000000000000000000000000000000000000000000000000000000000000000000000000000000000000000000000000000000000000000000000000000000000000000000000000000000000000000000000000000000000000000000000000000000000000000000000.
[2025/12/03 19:06:10] Peer 1005 sent the 'interested' message to Peer 1004.
[2025/12/03 19:06:10] Peer 1005 sent 'request' for piece 233 to Peer 1004.
[2025/12/03 19:06:10] Peer 1005 has downloaded the piece 233 from Peer 1004. Now the number of pieces it has is 168.
[2025/12/03 19:06:10] Peer 1005 sent the 'have' message to Peer 1002 for the piece 233.
[2025/12/03 19:06:10] Peer 1005 sent the 'have' message to Peer 1003 for the piece 233.
[2025/12/03 19:06:10] Peer 1005 sent the 'have' message to Peer 1004 for the piece 233.
[2025/12/03 19:06:10] Peer 1005 sent the 'have' message to Peer 1006 for the piece 233.
[2025/12/03 19:06:10] Peer 1005 received the 'have' message from Peer 1006 for the piece 233.
[2025/12/03 19:06:10] Peer 1005 sent the 'not interested' message to Peer 1004.
[2025/12/03 19:06:10] Peer 1005 updated its view of Peer 1006's bitfield: ffffffffffffffffffffffffffffffffffffffffffffffffffffffffffc0000000000000000000000000000000000000000000000000000000000000000000000000000000000000000000000000000000000000000000000000000000000000000000000000000000000000000000000000000000000000000000000000000000000000000000000000000000000000000000000000000000000000000000000000000000000000000000000000000000000000000000000000.
[2025/12/03 19:06:10] Peer 1005 received the 'interested' message from Peer 1002.
[2025/12/03 19:06:10] Peer 1005 sent 'piece' message for piece 232 to Peer 1002.
[2025/12/03 19:06:10] Peer 1005 received the 'have' message from Peer 1004 for the piece 234.
[2025/12/03 19:06:10] Peer 1005 updated its view of Peer 1004's bitfield: ffffffffffffffffffffffffffffffffffffffffffffffffffffffffffe0000000000000000000000000000000000000000000000000000000000000000000000000000000000000000000000000000000000000000000000000000000000000000000000000000000000000000000000000000000000000000000000000000000000000000000000000000000000000000000000000000000000000000000000000000000000000000000000000000000000000000000000000.
[2025/12/03 19:06:10] Peer 1005 sent the 'interested' message to Peer 1004.
[2025/12/03 19:06:10] Peer 1005 sent 'request' for piece 234 to Peer 1004.
[2025/12/03 19:06:10] Peer 1005 has downloaded the piece 234 from Peer 1004. Now the number of pieces it has is 169.
[2025/12/03 19:06:10] Peer 1005 sent the 'have' message to Peer 1002 for the piece 234.
[2025/12/03 19:06:10] Peer 1005 sent the 'have' message to Peer 1003 for the piece 234.
[2025/12/03 19:06:10] Peer 1005 sent the 'have' message to Peer 1004 for the piece 234.
[2025/12/03 19:06:10] Peer 1005 sent the 'have' message to Peer 1006 for the piece 234.
[2025/12/03 19:06:10] Peer 1005 received the 'have' message from Peer 1006 for the piece 234.
[2025/12/03 19:06:10] Peer 1005 sent the 'not interested' message to Peer 1004.
[2025/12/03 19:06:10] Peer 1005 updated its view of Peer 1006's bitfield: ffffffffffffffffffffffffffffffffffffffffffffffffffffffffffe0000000000000000000000000000000000000000000000000000000000000000000000000000000000000000000000000000000000000000000000000000000000000000000000000000000000000000000000000000000000000000000000000000000000000000000000000000000000000000000000000000000000000000000000000000000000000000000000000000000000000000000000000.
[2025/12/03 19:06:10] Peer 1005 received the 'have' message from Peer 1003 for the piece 232.
[2025/12/03 19:06:10] Peer 1005 sent 'piece' message for piece 233 to Peer 1002.
[2025/12/03 19:06:10] Peer 1005 updated its view of Peer 1003's bitfield: ffffffffffffffffffffffffffffffffffffffffffffffffffffffffff80000000000000000000000000000000000000000000000000000000000000000000000000000000000000000000000000000000000000000000000000000000000000000000000000000000000000000000000000000000000000000000000000000000000000000000000000000000000000000000000000000000000000000000000000000000000000000000000000000000000000000000000000.
[2025/12/03 19:06:10] Peer 1005 received the 'have' message from Peer 1002 for the piece 232.
[2025/12/03 19:06:10] Peer 1005 updated its view of Peer 1002's bitfield: ffffffffffffffffffffffffffffffffffffffffffffffffffffffffff80000000000000000000000000000000000000000000000000000000000000000000000000000000000000000000000000000000000000000000000000000000000000000000000000000000000000000000000000000000000000000000000000000000000000000000000000000000000000000000000000000000000000000000000000000000000000000000000000000000000000000000000000.
[2025/12/03 19:06:10] Peer 1005 sent 'piece' message for piece 234 to Peer 1002.
[2025/12/03 19:06:10] Peer 1005 received the 'have' message from Peer 1004 for the piece 235.
[2025/12/03 19:06:10] Peer 1005 updated its view of Peer 1004's bitfield: fffffffffffffffffffffffffffffffffffffffffffffffffffffffffff0000000000000000000000000000000000000000000000000000000000000000000000000000000000000000000000000000000000000000000000000000000000000000000000000000000000000000000000000000000000000000000000000000000000000000000000000000000000000000000000000000000000000000000000000000000000000000000000000000000000000000000000000.
[2025/12/03 19:06:10] Peer 1005 sent the 'interested' message to Peer 1004.
[2025/12/03 19:06:10] Peer 1005 sent 'request' for piece 235 to Peer 1004.
[2025/12/03 19:06:10] Peer 1005 has downloaded the piece 235 from Peer 1004. Now the number of pieces it has is 170.
[2025/12/03 19:06:10] Peer 1005 sent the 'have' message to Peer 1002 for the piece 235.
[2025/12/03 19:06:10] Peer 1005 sent the 'have' message to Peer 1003 for the piece 235.
[2025/12/03 19:06:10] Peer 1005 sent the 'have' message to Peer 1004 for the piece 235.
[2025/12/03 19:06:10] Peer 1005 sent the 'have' message to Peer 1006 for the piece 235.
[2025/12/03 19:06:10] Peer 1005 sent the 'not interested' message to Peer 1004.
[2025/12/03 19:06:10] Peer 1005 received the 'have' message from Peer 1006 for the piece 235.
[2025/12/03 19:06:10] Peer 1005 updated its view of Peer 1006's bitfield: fffffffffffffffffffffffffffffffffffffffffffffffffffffffffff0000000000000000000000000000000000000000000000000000000000000000000000000000000000000000000000000000000000000000000000000000000000000000000000000000000000000000000000000000000000000000000000000000000000000000000000000000000000000000000000000000000000000000000000000000000000000000000000000000000000000000000000000.
[2025/12/03 19:06:10] Peer 1005 received the 'have' message from Peer 1002 for the piece 233.
[2025/12/03 19:06:10] Peer 1005 received the 'have' message from Peer 1003 for the piece 233.
[2025/12/03 19:06:10] Peer 1005 updated its view of Peer 1002's bitfield: ffffffffffffffffffffffffffffffffffffffffffffffffffffffffffc0000000000000000000000000000000000000000000000000000000000000000000000000000000000000000000000000000000000000000000000000000000000000000000000000000000000000000000000000000000000000000000000000000000000000000000000000000000000000000000000000000000000000000000000000000000000000000000000000000000000000000000000000.
[2025/12/03 19:06:10] Peer 1005 updated its view of Peer 1003's bitfield: ffffffffffffffffffffffffffffffffffffffffffffffffffffffffffc0000000000000000000000000000000000000000000000000000000000000000000000000000000000000000000000000000000000000000000000000000000000000000000000000000000000000000000000000000000000000000000000000000000000000000000000000000000000000000000000000000000000000000000000000000000000000000000000000000000000000000000000000.
[2025/12/03 19:06:10] Peer 1005 received the 'have' message from Peer 1002 for the piece 234.
[2025/12/03 19:06:10] Peer 1005 received the 'have' message from Peer 1003 for the piece 234.
[2025/12/03 19:06:10] Peer 1005 updated its view of Peer 1002's bitfield: ffffffffffffffffffffffffffffffffffffffffffffffffffffffffffe0000000000000000000000000000000000000000000000000000000000000000000000000000000000000000000000000000000000000000000000000000000000000000000000000000000000000000000000000000000000000000000000000000000000000000000000000000000000000000000000000000000000000000000000000000000000000000000000000000000000000000000000000.
[2025/12/03 19:06:10] Peer 1005 updated its view of Peer 1003's bitfield: ffffffffffffffffffffffffffffffffffffffffffffffffffffffffffe0000000000000000000000000000000000000000000000000000000000000000000000000000000000000000000000000000000000000000000000000000000000000000000000000000000000000000000000000000000000000000000000000000000000000000000000000000000000000000000000000000000000000000000000000000000000000000000000000000000000000000000000000.
[2025/12/03 19:06:10] Peer 1005 received the 'not interested' message from Peer 1002.
[2025/12/03 19:06:10] Peer 1005 received the 'have' message from Peer 1004 for the piece 236.
[2025/12/03 19:06:10] Peer 1005 updated its view of Peer 1004's bitfield: fffffffffffffffffffffffffffffffffffffffffffffffffffffffffff8000000000000000000000000000000000000000000000000000000000000000000000000000000000000000000000000000000000000000000000000000000000000000000000000000000000000000000000000000000000000000000000000000000000000000000000000000000000000000000000000000000000000000000000000000000000000000000000000000000000000000000000000.
[2025/12/03 19:06:10] Peer 1005 sent the 'interested' message to Peer 1004.
[2025/12/03 19:06:10] Peer 1005 sent 'request' for piece 236 to Peer 1004.
[2025/12/03 19:06:10] Peer 1005 has downloaded the piece 236 from Peer 1004. Now the number of pieces it has is 171.
[2025/12/03 19:06:10] Peer 1005 sent the 'have' message to Peer 1002 for the piece 236.
[2025/12/03 19:06:10] Peer 1005 sent the 'have' message to Peer 1003 for the piece 236.
[2025/12/03 19:06:10] Peer 1005 sent the 'have' message to Peer 1004 for the piece 236.
[2025/12/03 19:06:10] Peer 1005 received the 'interested' message from Peer 1002.
[2025/12/03 19:06:10] Peer 1005 sent the 'have' message to Peer 1006 for the piece 236.
[2025/12/03 19:06:10] Peer 1005 sent 'piece' message for piece 235 to Peer 1002.
[2025/12/03 19:06:10] Peer 1005 received the 'have' message from Peer 1006 for the piece 236.
[2025/12/03 19:06:10] Peer 1005 sent the 'not interested' message to Peer 1004.
[2025/12/03 19:06:10] Peer 1005 received the 'have' message from Peer 1002 for the piece 235.
[2025/12/03 19:06:10] Peer 1005 updated its view of Peer 1006's bitfield: fffffffffffffffffffffffffffffffffffffffffffffffffffffffffff8000000000000000000000000000000000000000000000000000000000000000000000000000000000000000000000000000000000000000000000000000000000000000000000000000000000000000000000000000000000000000000000000000000000000000000000000000000000000000000000000000000000000000000000000000000000000000000000000000000000000000000000000.
[2025/12/03 19:06:10] Peer 1005 updated its view of Peer 1002's bitfield: fffffffffffffffffffffffffffffffffffffffffffffffffffffffffff0000000000000000000000000000000000000000000000000000000000000000000000000000000000000000000000000000000000000000000000000000000000000000000000000000000000000000000000000000000000000000000000000000000000000000000000000000000000000000000000000000000000000000000000000000000000000000000000000000000000000000000000000.
[2025/12/03 19:06:10] Peer 1005 sent 'piece' message for piece 236 to Peer 1002.
[2025/12/03 19:06:10] Peer 1005 received the 'have' message from Peer 1003 for the piece 235.
[2025/12/03 19:06:10] Peer 1005 updated its view of Peer 1003's bitfield: fffffffffffffffffffffffffffffffffffffffffffffffffffffffffff0000000000000000000000000000000000000000000000000000000000000000000000000000000000000000000000000000000000000000000000000000000000000000000000000000000000000000000000000000000000000000000000000000000000000000000000000000000000000000000000000000000000000000000000000000000000000000000000000000000000000000000000000.
[2025/12/03 19:06:10] Peer 1005 received the 'have' message from Peer 1002 for the piece 236.
[2025/12/03 19:06:10] Peer 1005 updated its view of Peer 1002's bitfield: fffffffffffffffffffffffffffffffffffffffffffffffffffffffffff8000000000000000000000000000000000000000000000000000000000000000000000000000000000000000000000000000000000000000000000000000000000000000000000000000000000000000000000000000000000000000000000000000000000000000000000000000000000000000000000000000000000000000000000000000000000000000000000000000000000000000000000000.
[2025/12/03 19:06:10] Peer 1005 received the 'have' message from Peer 1003 for the piece 236.
[2025/12/03 19:06:10] Peer 1005 updated its view of Peer 1003's bitfield: fffffffffffffffffffffffffffffffffffffffffffffffffffffffffff8000000000000000000000000000000000000000000000000000000000000000000000000000000000000000000000000000000000000000000000000000000000000000000000000000000000000000000000000000000000000000000000000000000000000000000000000000000000000000000000000000000000000000000000000000000000000000000000000000000000000000000000000.
[2025/12/03 19:06:10] Peer 1005 received the 'not interested' message from Peer 1002.
[2025/12/03 19:06:10] Peer 1005 received the 'have' message from Peer 1004 for the piece 237.
[2025/12/03 19:06:10] Peer 1005 updated its view of Peer 1004's bitfield: fffffffffffffffffffffffffffffffffffffffffffffffffffffffffffc000000000000000000000000000000000000000000000000000000000000000000000000000000000000000000000000000000000000000000000000000000000000000000000000000000000000000000000000000000000000000000000000000000000000000000000000000000000000000000000000000000000000000000000000000000000000000000000000000000000000000000000000.
[2025/12/03 19:06:10] Peer 1005 sent the 'interested' message to Peer 1004.
[2025/12/03 19:06:10] Peer 1005 sent 'request' for piece 237 to Peer 1004.
[2025/12/03 19:06:10] Peer 1005 has downloaded the piece 237 from Peer 1004. Now the number of pieces it has is 172.
[2025/12/03 19:06:10] Peer 1005 sent the 'have' message to Peer 1002 for the piece 237.
[2025/12/03 19:06:10] Peer 1005 sent the 'have' message to Peer 1003 for the piece 237.
[2025/12/03 19:06:10] Peer 1005 sent the 'have' message to Peer 1004 for the piece 237.
[2025/12/03 19:06:10] Peer 1005 sent the 'have' message to Peer 1006 for the piece 237.
[2025/12/03 19:06:10] Peer 1005 received the 'have' message from Peer 1006 for the piece 237.
[2025/12/03 19:06:10] Peer 1005 sent the 'not interested' message to Peer 1004.
[2025/12/03 19:06:10] Peer 1005 updated its view of Peer 1006's bitfield: fffffffffffffffffffffffffffffffffffffffffffffffffffffffffffc000000000000000000000000000000000000000000000000000000000000000000000000000000000000000000000000000000000000000000000000000000000000000000000000000000000000000000000000000000000000000000000000000000000000000000000000000000000000000000000000000000000000000000000000000000000000000000000000000000000000000000000000.
[2025/12/03 19:06:10] Peer 1005 received the 'interested' message from Peer 1002.
[2025/12/03 19:06:10] Peer 1005 received the 'have' message from Peer 1004 for the piece 238.
[2025/12/03 19:06:10] Peer 1005 updated its view of Peer 1004's bitfield: fffffffffffffffffffffffffffffffffffffffffffffffffffffffffffe000000000000000000000000000000000000000000000000000000000000000000000000000000000000000000000000000000000000000000000000000000000000000000000000000000000000000000000000000000000000000000000000000000000000000000000000000000000000000000000000000000000000000000000000000000000000000000000000000000000000000000000000.
[2025/12/03 19:06:10] Peer 1005 sent the 'interested' message to Peer 1004.
[2025/12/03 19:06:10] Peer 1005 sent 'request' for piece 238 to Peer 1004.
[2025/12/03 19:06:10] Peer 1005 has downloaded the piece 238 from Peer 1004. Now the number of pieces it has is 173.
[2025/12/03 19:06:10] Peer 1005 sent the 'have' message to Peer 1002 for the piece 238.
[2025/12/03 19:06:10] Peer 1005 sent the 'have' message to Peer 1003 for the piece 238.
[2025/12/03 19:06:10] Peer 1005 sent the 'have' message to Peer 1004 for the piece 238.
[2025/12/03 19:06:10] Peer 1005 sent the 'have' message to Peer 1006 for the piece 238.
[2025/12/03 19:06:10] Peer 1005 sent the 'not interested' message to Peer 1004.
[2025/12/03 19:06:10] Peer 1005 received the 'have' message from Peer 1006 for the piece 238.
[2025/12/03 19:06:10] Peer 1005 updated its view of Peer 1006's bitfield: fffffffffffffffffffffffffffffffffffffffffffffffffffffffffffe000000000000000000000000000000000000000000000000000000000000000000000000000000000000000000000000000000000000000000000000000000000000000000000000000000000000000000000000000000000000000000000000000000000000000000000000000000000000000000000000000000000000000000000000000000000000000000000000000000000000000000000000.
[2025/12/03 19:06:11] Peer 1005 received the 'have' message from Peer 1004 for the piece 239.
[2025/12/03 19:06:11] Peer 1005 updated its view of Peer 1004's bitfield: ffffffffffffffffffffffffffffffffffffffffffffffffffffffffffff000000000000000000000000000000000000000000000000000000000000000000000000000000000000000000000000000000000000000000000000000000000000000000000000000000000000000000000000000000000000000000000000000000000000000000000000000000000000000000000000000000000000000000000000000000000000000000000000000000000000000000000000.
[2025/12/03 19:06:11] Peer 1005 sent the 'interested' message to Peer 1004.
[2025/12/03 19:06:11] Peer 1005 sent 'request' for piece 239 to Peer 1004.
[2025/12/03 19:06:11] Peer 1005 has downloaded the piece 239 from Peer 1004. Now the number of pieces it has is 174.
[2025/12/03 19:06:11] Peer 1005 sent the 'have' message to Peer 1002 for the piece 239.
[2025/12/03 19:06:11] Peer 1005 sent the 'have' message to Peer 1003 for the piece 239.
[2025/12/03 19:06:11] Peer 1005 sent the 'have' message to Peer 1004 for the piece 239.
[2025/12/03 19:06:11] Peer 1005 sent the 'have' message to Peer 1006 for the piece 239.
[2025/12/03 19:06:11] Peer 1005 sent the 'not interested' message to Peer 1004.
[2025/12/03 19:06:11] Peer 1005 received the 'have' message from Peer 1006 for the piece 239.
[2025/12/03 19:06:11] Peer 1005 updated its view of Peer 1006's bitfield: ffffffffffffffffffffffffffffffffffffffffffffffffffffffffffff000000000000000000000000000000000000000000000000000000000000000000000000000000000000000000000000000000000000000000000000000000000000000000000000000000000000000000000000000000000000000000000000000000000000000000000000000000000000000000000000000000000000000000000000000000000000000000000000000000000000000000000000.
[2025/12/03 19:06:11] Peer 1005 received the 'have' message from Peer 1004 for the piece 240.
[2025/12/03 19:06:11] Peer 1005 updated its view of Peer 1004's bitfield: ffffffffffffffffffffffffffffffffffffffffffffffffffffffffffff800000000000000000000000000000000000000000000000000000000000000000000000000000000000000000000000000000000000000000000000000000000000000000000000000000000000000000000000000000000000000000000000000000000000000000000000000000000000000000000000000000000000000000000000000000000000000000000000000000000000000000000000.
[2025/12/03 19:06:11] Peer 1005 sent the 'interested' message to Peer 1004.
[2025/12/03 19:06:11] Peer 1005 sent 'request' for piece 240 to Peer 1004.
[2025/12/03 19:06:11] Peer 1005 has downloaded the piece 240 from Peer 1004. Now the number of pieces it has is 175.
[2025/12/03 19:06:11] Peer 1005 sent the 'have' message to Peer 1002 for the piece 240.
[2025/12/03 19:06:11] Peer 1005 sent the 'have' message to Peer 1003 for the piece 240.
[2025/12/03 19:06:11] Peer 1005 sent the 'have' message to Peer 1004 for the piece 240.
[2025/12/03 19:06:11] Peer 1005 sent the 'have' message to Peer 1006 for the piece 240.
[2025/12/03 19:06:11] Peer 1005 received the 'have' message from Peer 1006 for the piece 240.
[2025/12/03 19:06:11] Peer 1005 sent the 'not interested' message to Peer 1004.
[2025/12/03 19:06:11] Peer 1005 updated its view of Peer 1006's bitfield: ffffffffffffffffffffffffffffffffffffffffffffffffffffffffffff800000000000000000000000000000000000000000000000000000000000000000000000000000000000000000000000000000000000000000000000000000000000000000000000000000000000000000000000000000000000000000000000000000000000000000000000000000000000000000000000000000000000000000000000000000000000000000000000000000000000000000000000.
[2025/12/03 19:06:11] Peer 1005 received the 'have' message from Peer 1004 for the piece 241.
[2025/12/03 19:06:11] Peer 1005 updated its view of Peer 1004's bitfield: ffffffffffffffffffffffffffffffffffffffffffffffffffffffffffffc00000000000000000000000000000000000000000000000000000000000000000000000000000000000000000000000000000000000000000000000000000000000000000000000000000000000000000000000000000000000000000000000000000000000000000000000000000000000000000000000000000000000000000000000000000000000000000000000000000000000000000000000.
[2025/12/03 19:06:11] Peer 1005 sent the 'interested' message to Peer 1004.
[2025/12/03 19:06:11] Peer 1005 sent 'request' for piece 241 to Peer 1004.
[2025/12/03 19:06:11] Peer 1005 has downloaded the piece 241 from Peer 1004. Now the number of pieces it has is 176.
[2025/12/03 19:06:11] Peer 1005 sent the 'have' message to Peer 1002 for the piece 241.
[2025/12/03 19:06:11] Peer 1005 sent the 'have' message to Peer 1003 for the piece 241.
[2025/12/03 19:06:11] Peer 1005 sent the 'have' message to Peer 1004 for the piece 241.
[2025/12/03 19:06:11] Peer 1005 sent the 'have' message to Peer 1006 for the piece 241.
[2025/12/03 19:06:11] Peer 1005 received the 'have' message from Peer 1006 for the piece 241.
[2025/12/03 19:06:11] Peer 1005 sent the 'not interested' message to Peer 1004.
[2025/12/03 19:06:11] Peer 1005 updated its view of Peer 1006's bitfield: ffffffffffffffffffffffffffffffffffffffffffffffffffffffffffffc00000000000000000000000000000000000000000000000000000000000000000000000000000000000000000000000000000000000000000000000000000000000000000000000000000000000000000000000000000000000000000000000000000000000000000000000000000000000000000000000000000000000000000000000000000000000000000000000000000000000000000000000.
[2025/12/03 19:06:11] Peer 1005 sent 'piece' message for piece 237 to Peer 1002.
[2025/12/03 19:06:11] Peer 1005 received the 'have' message from Peer 1002 for the piece 237.
[2025/12/03 19:06:11] Peer 1005 updated its view of Peer 1002's bitfield: fffffffffffffffffffffffffffffffffffffffffffffffffffffffffffc000000000000000000000000000000000000000000000000000000000000000000000000000000000000000000000000000000000000000000000000000000000000000000000000000000000000000000000000000000000000000000000000000000000000000000000000000000000000000000000000000000000000000000000000000000000000000000000000000000000000000000000000.
[2025/12/03 19:06:11] Peer 1005 sent 'piece' message for piece 238 to Peer 1002.
[2025/12/03 19:06:11] Peer 1005 sent 'piece' message for piece 239 to Peer 1002.
[2025/12/03 19:06:11] Peer 1005 sent 'piece' message for piece 240 to Peer 1002.
[2025/12/03 19:06:11] Peer 1005 received the 'have' message from Peer 1004 for the piece 242.
[2025/12/03 19:06:11] Peer 1005 updated its view of Peer 1004's bitfield: ffffffffffffffffffffffffffffffffffffffffffffffffffffffffffffe00000000000000000000000000000000000000000000000000000000000000000000000000000000000000000000000000000000000000000000000000000000000000000000000000000000000000000000000000000000000000000000000000000000000000000000000000000000000000000000000000000000000000000000000000000000000000000000000000000000000000000000000.
[2025/12/03 19:06:11] Peer 1005 sent the 'interested' message to Peer 1004.
[2025/12/03 19:06:11] Peer 1005 sent 'request' for piece 242 to Peer 1004.
[2025/12/03 19:06:11] Peer 1005 has downloaded the piece 242 from Peer 1004. Now the number of pieces it has is 177.
[2025/12/03 19:06:11] Peer 1005 sent the 'have' message to Peer 1002 for the piece 242.
[2025/12/03 19:06:11] Peer 1005 received the 'have' message from Peer 1003 for the piece 237.
[2025/12/03 19:06:11] Peer 1005 sent 'piece' message for piece 241 to Peer 1002.
[2025/12/03 19:06:11] Peer 1005 sent the 'have' message to Peer 1003 for the piece 242.
[2025/12/03 19:06:11] Peer 1005 updated its view of Peer 1003's bitfield: fffffffffffffffffffffffffffffffffffffffffffffffffffffffffffc000000000000000000000000000000000000000000000000000000000000000000000000000000000000000000000000000000000000000000000000000000000000000000000000000000000000000000000000000000000000000000000000000000000000000000000000000000000000000000000000000000000000000000000000000000000000000000000000000000000000000000000000.
[2025/12/03 19:06:11] Peer 1005 sent the 'have' message to Peer 1004 for the piece 242.
[2025/12/03 19:06:11] Peer 1005 received the 'have' message from Peer 1006 for the piece 242.
[2025/12/03 19:06:11] Peer 1005 sent the 'have' message to Peer 1006 for the piece 242.
[2025/12/03 19:06:11] Peer 1005 updated its view of Peer 1006's bitfield: ffffffffffffffffffffffffffffffffffffffffffffffffffffffffffffe00000000000000000000000000000000000000000000000000000000000000000000000000000000000000000000000000000000000000000000000000000000000000000000000000000000000000000000000000000000000000000000000000000000000000000000000000000000000000000000000000000000000000000000000000000000000000000000000000000000000000000000000.
[2025/12/03 19:06:11] Peer 1005 sent the 'not interested' message to Peer 1004.
[2025/12/03 19:06:11] Peer 1005 received the 'have' message from Peer 1002 for the piece 238.
[2025/12/03 19:06:11] Peer 1005 received the 'have' message from Peer 1003 for the piece 238.
[2025/12/03 19:06:11] Peer 1005 updated its view of Peer 1002's bitfield: fffffffffffffffffffffffffffffffffffffffffffffffffffffffffffe000000000000000000000000000000000000000000000000000000000000000000000000000000000000000000000000000000000000000000000000000000000000000000000000000000000000000000000000000000000000000000000000000000000000000000000000000000000000000000000000000000000000000000000000000000000000000000000000000000000000000000000000.
[2025/12/03 19:06:11] Peer 1005 updated its view of Peer 1003's bitfield: fffffffffffffffffffffffffffffffffffffffffffffffffffffffffffe000000000000000000000000000000000000000000000000000000000000000000000000000000000000000000000000000000000000000000000000000000000000000000000000000000000000000000000000000000000000000000000000000000000000000000000000000000000000000000000000000000000000000000000000000000000000000000000000000000000000000000000000.
[2025/12/03 19:06:11] Peer 1005 received the 'have' message from Peer 1002 for the piece 239.
[2025/12/03 19:06:11] Peer 1005 received the 'have' message from Peer 1003 for the piece 239.
[2025/12/03 19:06:11] Peer 1005 updated its view of Peer 1002's bitfield: ffffffffffffffffffffffffffffffffffffffffffffffffffffffffffff000000000000000000000000000000000000000000000000000000000000000000000000000000000000000000000000000000000000000000000000000000000000000000000000000000000000000000000000000000000000000000000000000000000000000000000000000000000000000000000000000000000000000000000000000000000000000000000000000000000000000000000000.
[2025/12/03 19:06:11] Peer 1005 updated its view of Peer 1003's bitfield: ffffffffffffffffffffffffffffffffffffffffffffffffffffffffffff000000000000000000000000000000000000000000000000000000000000000000000000000000000000000000000000000000000000000000000000000000000000000000000000000000000000000000000000000000000000000000000000000000000000000000000000000000000000000000000000000000000000000000000000000000000000000000000000000000000000000000000000.
[2025/12/03 19:06:11] Peer 1005 received the 'have' message from Peer 1002 for the piece 240.
[2025/12/03 19:06:11] Peer 1005 received the 'have' message from Peer 1003 for the piece 240.
[2025/12/03 19:06:11] Peer 1005 updated its view of Peer 1002's bitfield: ffffffffffffffffffffffffffffffffffffffffffffffffffffffffffff800000000000000000000000000000000000000000000000000000000000000000000000000000000000000000000000000000000000000000000000000000000000000000000000000000000000000000000000000000000000000000000000000000000000000000000000000000000000000000000000000000000000000000000000000000000000000000000000000000000000000000000000.
[2025/12/03 19:06:11] Peer 1005 updated its view of Peer 1003's bitfield: ffffffffffffffffffffffffffffffffffffffffffffffffffffffffffff800000000000000000000000000000000000000000000000000000000000000000000000000000000000000000000000000000000000000000000000000000000000000000000000000000000000000000000000000000000000000000000000000000000000000000000000000000000000000000000000000000000000000000000000000000000000000000000000000000000000000000000000.
[2025/12/03 19:06:11] Peer 1005 received the 'not interested' message from Peer 1002.
[2025/12/03 19:06:11] Peer 1005 received the 'have' message from Peer 1003 for the piece 241.
[2025/12/03 19:06:11] Peer 1005 received the 'have' message from Peer 1002 for the piece 241.
[2025/12/03 19:06:11] Peer 1005 updated its view of Peer 1003's bitfield: ffffffffffffffffffffffffffffffffffffffffffffffffffffffffffffc00000000000000000000000000000000000000000000000000000000000000000000000000000000000000000000000000000000000000000000000000000000000000000000000000000000000000000000000000000000000000000000000000000000000000000000000000000000000000000000000000000000000000000000000000000000000000000000000000000000000000000000000.
[2025/12/03 19:06:11] Peer 1005 updated its view of Peer 1002's bitfield: ffffffffffffffffffffffffffffffffffffffffffffffffffffffffffffc00000000000000000000000000000000000000000000000000000000000000000000000000000000000000000000000000000000000000000000000000000000000000000000000000000000000000000000000000000000000000000000000000000000000000000000000000000000000000000000000000000000000000000000000000000000000000000000000000000000000000000000000.
[2025/12/03 19:06:11] Peer 1005 received the 'have' message from Peer 1004 for the piece 243.
[2025/12/03 19:06:11] Peer 1005 received the 'interested' message from Peer 1002.
[2025/12/03 19:06:11] Peer 1005 updated its view of Peer 1004's bitfield: fffffffffffffffffffffffffffffffffffffffffffffffffffffffffffff00000000000000000000000000000000000000000000000000000000000000000000000000000000000000000000000000000000000000000000000000000000000000000000000000000000000000000000000000000000000000000000000000000000000000000000000000000000000000000000000000000000000000000000000000000000000000000000000000000000000000000000000.
[2025/12/03 19:06:11] Peer 1005 sent 'piece' message for piece 242 to Peer 1002.
[2025/12/03 19:06:11] Peer 1005 sent the 'interested' message to Peer 1004.
[2025/12/03 19:06:11] Peer 1005 sent 'request' for piece 243 to Peer 1004.
[2025/12/03 19:06:11] Peer 1005 has downloaded the piece 243 from Peer 1004. Now the number of pieces it has is 178.
[2025/12/03 19:06:11] Peer 1005 sent the 'have' message to Peer 1002 for the piece 243.
[2025/12/03 19:06:11] Peer 1005 sent the 'have' message to Peer 1003 for the piece 243.
[2025/12/03 19:06:11] Peer 1005 sent the 'have' message to Peer 1004 for the piece 243.
[2025/12/03 19:06:11] Peer 1005 sent the 'have' message to Peer 1006 for the piece 243.
[2025/12/03 19:06:11] Peer 1005 received the 'have' message from Peer 1002 for the piece 242.
[2025/12/03 19:06:11] Peer 1005 sent the 'not interested' message to Peer 1004.
[2025/12/03 19:06:11] Peer 1005 updated its view of Peer 1002's bitfield: ffffffffffffffffffffffffffffffffffffffffffffffffffffffffffffe00000000000000000000000000000000000000000000000000000000000000000000000000000000000000000000000000000000000000000000000000000000000000000000000000000000000000000000000000000000000000000000000000000000000000000000000000000000000000000000000000000000000000000000000000000000000000000000000000000000000000000000000.
[2025/12/03 19:06:11] Peer 1005 received the 'have' message from Peer 1006 for the piece 243.
[2025/12/03 19:06:11] Peer 1005 updated its view of Peer 1006's bitfield: fffffffffffffffffffffffffffffffffffffffffffffffffffffffffffff00000000000000000000000000000000000000000000000000000000000000000000000000000000000000000000000000000000000000000000000000000000000000000000000000000000000000000000000000000000000000000000000000000000000000000000000000000000000000000000000000000000000000000000000000000000000000000000000000000000000000000000000.
[2025/12/03 19:06:11] Peer 1005 received the 'have' message from Peer 1003 for the piece 242.
[2025/12/03 19:06:11] Peer 1005 received the 'not interested' message from Peer 1002.
[2025/12/03 19:06:11] Peer 1005 updated its view of Peer 1003's bitfield: ffffffffffffffffffffffffffffffffffffffffffffffffffffffffffffe00000000000000000000000000000000000000000000000000000000000000000000000000000000000000000000000000000000000000000000000000000000000000000000000000000000000000000000000000000000000000000000000000000000000000000000000000000000000000000000000000000000000000000000000000000000000000000000000000000000000000000000000.
[2025/12/03 19:06:11] Peer 1005 received the 'have' message from Peer 1004 for the piece 244.
[2025/12/03 19:06:11] Peer 1005 updated its view of Peer 1004's bitfield: fffffffffffffffffffffffffffffffffffffffffffffffffffffffffffff80000000000000000000000000000000000000000000000000000000000000000000000000000000000000000000000000000000000000000000000000000000000000000000000000000000000000000000000000000000000000000000000000000000000000000000000000000000000000000000000000000000000000000000000000000000000000000000000000000000000000000000000.
[2025/12/03 19:06:11] Peer 1005 sent the 'interested' message to Peer 1004.
[2025/12/03 19:06:11] Peer 1005 sent 'request' for piece 244 to Peer 1004.
[2025/12/03 19:06:11] Peer 1005 has downloaded the piece 244 from Peer 1004. Now the number of pieces it has is 179.
[2025/12/03 19:06:11] Peer 1005 sent the 'have' message to Peer 1002 for the piece 244.
[2025/12/03 19:06:11] Peer 1005 sent the 'have' message to Peer 1003 for the piece 244.
[2025/12/03 19:06:11] Peer 1005 sent the 'have' message to Peer 1004 for the piece 244.
[2025/12/03 19:06:11] Peer 1005 sent the 'have' message to Peer 1006 for the piece 244.
[2025/12/03 19:06:11] Peer 1005 sent the 'not interested' message to Peer 1004.
[2025/12/03 19:06:11] Peer 1005 received the 'have' message from Peer 1002 for the piece 243.
[2025/12/03 19:06:11] Peer 1005 received the 'have' message from Peer 1006 for the piece 244.
[2025/12/03 19:06:11] Peer 1005 updated its view of Peer 1002's bitfield: fffffffffffffffffffffffffffffffffffffffffffffffffffffffffffff00000000000000000000000000000000000000000000000000000000000000000000000000000000000000000000000000000000000000000000000000000000000000000000000000000000000000000000000000000000000000000000000000000000000000000000000000000000000000000000000000000000000000000000000000000000000000000000000000000000000000000000000.
[2025/12/03 19:06:11] Peer 1005 updated its view of Peer 1006's bitfield: fffffffffffffffffffffffffffffffffffffffffffffffffffffffffffff80000000000000000000000000000000000000000000000000000000000000000000000000000000000000000000000000000000000000000000000000000000000000000000000000000000000000000000000000000000000000000000000000000000000000000000000000000000000000000000000000000000000000000000000000000000000000000000000000000000000000000000000.
[2025/12/03 19:06:11] Peer 1005 received the 'have' message from Peer 1003 for the piece 243.
[2025/12/03 19:06:11] Peer 1005 updated its view of Peer 1003's bitfield: fffffffffffffffffffffffffffffffffffffffffffffffffffffffffffff00000000000000000000000000000000000000000000000000000000000000000000000000000000000000000000000000000000000000000000000000000000000000000000000000000000000000000000000000000000000000000000000000000000000000000000000000000000000000000000000000000000000000000000000000000000000000000000000000000000000000000000000.
[2025/12/03 19:06:11] Peer 1005 received the 'have' message from Peer 1004 for the piece 245.
[2025/12/03 19:06:11] Peer 1005 updated its view of Peer 1004's bitfield: fffffffffffffffffffffffffffffffffffffffffffffffffffffffffffffc0000000000000000000000000000000000000000000000000000000000000000000000000000000000000000000000000000000000000000000000000000000000000000000000000000000000000000000000000000000000000000000000000000000000000000000000000000000000000000000000000000000000000000000000000000000000000000000000000000000000000000000000.
[2025/12/03 19:06:11] Peer 1005 sent the 'interested' message to Peer 1004.
[2025/12/03 19:06:11] Peer 1005 sent 'request' for piece 245 to Peer 1004.
[2025/12/03 19:06:11] Peer 1005 has downloaded the piece 245 from Peer 1004. Now the number of pieces it has is 180.
[2025/12/03 19:06:11] Peer 1005 sent the 'have' message to Peer 1002 for the piece 245.
[2025/12/03 19:06:11] Peer 1005 sent the 'have' message to Peer 1003 for the piece 245.
[2025/12/03 19:06:11] Peer 1005 sent the 'have' message to Peer 1004 for the piece 245.
[2025/12/03 19:06:11] Peer 1005 sent the 'have' message to Peer 1006 for the piece 245.
[2025/12/03 19:06:11] Peer 1005 sent the 'not interested' message to Peer 1004.
[2025/12/03 19:06:11] Peer 1005 received the 'have' message from Peer 1006 for the piece 245.
[2025/12/03 19:06:11] Peer 1005 updated its view of Peer 1006's bitfield: fffffffffffffffffffffffffffffffffffffffffffffffffffffffffffffc0000000000000000000000000000000000000000000000000000000000000000000000000000000000000000000000000000000000000000000000000000000000000000000000000000000000000000000000000000000000000000000000000000000000000000000000000000000000000000000000000000000000000000000000000000000000000000000000000000000000000000000000.
[2025/12/03 19:06:11] Peer 1005 received the 'interested' message from Peer 1002.
[2025/12/03 19:06:11] Peer 1005 received the 'have' message from Peer 1003 for the piece 244.
[2025/12/03 19:06:11] Peer 1005 sent 'piece' message for piece 244 to Peer 1002.
[2025/12/03 19:06:11] Peer 1005 updated its view of Peer 1003's bitfield: fffffffffffffffffffffffffffffffffffffffffffffffffffffffffffff80000000000000000000000000000000000000000000000000000000000000000000000000000000000000000000000000000000000000000000000000000000000000000000000000000000000000000000000000000000000000000000000000000000000000000000000000000000000000000000000000000000000000000000000000000000000000000000000000000000000000000000000.
[2025/12/03 19:06:11] Peer 1005 received the 'have' message from Peer 1002 for the piece 244.
[2025/12/03 19:06:11] Peer 1005 updated its view of Peer 1002's bitfield: fffffffffffffffffffffffffffffffffffffffffffffffffffffffffffff80000000000000000000000000000000000000000000000000000000000000000000000000000000000000000000000000000000000000000000000000000000000000000000000000000000000000000000000000000000000000000000000000000000000000000000000000000000000000000000000000000000000000000000000000000000000000000000000000000000000000000000000.
[2025/12/03 19:06:11] Peer 1005 sent 'piece' message for piece 245 to Peer 1002.
[2025/12/03 19:06:11] Peer 1005 received the 'have' message from Peer 1002 for the piece 245.
[2025/12/03 19:06:11] Peer 1005 updated its view of Peer 1002's bitfield: fffffffffffffffffffffffffffffffffffffffffffffffffffffffffffffc0000000000000000000000000000000000000000000000000000000000000000000000000000000000000000000000000000000000000000000000000000000000000000000000000000000000000000000000000000000000000000000000000000000000000000000000000000000000000000000000000000000000000000000000000000000000000000000000000000000000000000000000.
[2025/12/03 19:06:11] Peer 1005 received the 'not interested' message from Peer 1002.
[2025/12/03 19:06:11] Peer 1005 received the 'have' message from Peer 1004 for the piece 246.
[2025/12/03 19:06:11] Peer 1005 updated its view of Peer 1004's bitfield: fffffffffffffffffffffffffffffffffffffffffffffffffffffffffffffe0000000000000000000000000000000000000000000000000000000000000000000000000000000000000000000000000000000000000000000000000000000000000000000000000000000000000000000000000000000000000000000000000000000000000000000000000000000000000000000000000000000000000000000000000000000000000000000000000000000000000000000000.
[2025/12/03 19:06:11] Peer 1005 sent the 'interested' message to Peer 1004.
[2025/12/03 19:06:11] Peer 1005 sent 'request' for piece 246 to Peer 1004.
[2025/12/03 19:06:11] Peer 1005 has downloaded the piece 246 from Peer 1004. Now the number of pieces it has is 181.
[2025/12/03 19:06:11] Peer 1005 sent the 'have' message to Peer 1002 for the piece 246.
[2025/12/03 19:06:11] Peer 1005 sent the 'have' message to Peer 1003 for the piece 246.
[2025/12/03 19:06:11] Peer 1005 sent the 'have' message to Peer 1004 for the piece 246.
[2025/12/03 19:06:11] Peer 1005 sent the 'have' message to Peer 1006 for the piece 246.
[2025/12/03 19:06:11] Peer 1005 sent the 'not interested' message to Peer 1004.
[2025/12/03 19:06:11] Peer 1005 received the 'have' message from Peer 1006 for the piece 246.
[2025/12/03 19:06:11] Peer 1005 updated its view of Peer 1006's bitfield: fffffffffffffffffffffffffffffffffffffffffffffffffffffffffffffe0000000000000000000000000000000000000000000000000000000000000000000000000000000000000000000000000000000000000000000000000000000000000000000000000000000000000000000000000000000000000000000000000000000000000000000000000000000000000000000000000000000000000000000000000000000000000000000000000000000000000000000000.
[2025/12/03 19:06:11] Peer 1005 received the 'interested' message from Peer 1002.
[2025/12/03 19:06:11] Peer 1005 received the 'have' message from Peer 1003 for the piece 245.
[2025/12/03 19:06:11] Peer 1005 updated its view of Peer 1003's bitfield: fffffffffffffffffffffffffffffffffffffffffffffffffffffffffffffc0000000000000000000000000000000000000000000000000000000000000000000000000000000000000000000000000000000000000000000000000000000000000000000000000000000000000000000000000000000000000000000000000000000000000000000000000000000000000000000000000000000000000000000000000000000000000000000000000000000000000000000000.
[2025/12/03 19:06:11] Peer 1005 received the 'have' message from Peer 1004 for the piece 247.
[2025/12/03 19:06:11] Peer 1005 updated its view of Peer 1004's bitfield: ffffffffffffffffffffffffffffffffffffffffffffffffffffffffffffff0000000000000000000000000000000000000000000000000000000000000000000000000000000000000000000000000000000000000000000000000000000000000000000000000000000000000000000000000000000000000000000000000000000000000000000000000000000000000000000000000000000000000000000000000000000000000000000000000000000000000000000000.
[2025/12/03 19:06:11] Peer 1005 sent the 'interested' message to Peer 1004.
[2025/12/03 19:06:11] Peer 1005 sent 'request' for piece 247 to Peer 1004.
[2025/12/03 19:06:11] Peer 1005 has downloaded the piece 247 from Peer 1004. Now the number of pieces it has is 182.
[2025/12/03 19:06:11] Peer 1005 sent the 'have' message to Peer 1002 for the piece 247.
[2025/12/03 19:06:11] Peer 1005 sent the 'have' message to Peer 1003 for the piece 247.
[2025/12/03 19:06:11] Peer 1005 sent the 'have' message to Peer 1004 for the piece 247.
[2025/12/03 19:06:11] Peer 1005 sent the 'have' message to Peer 1006 for the piece 247.
[2025/12/03 19:06:11] Peer 1005 sent the 'not interested' message to Peer 1004.
[2025/12/03 19:06:11] Peer 1005 sent 'piece' message for piece 246 to Peer 1002.
[2025/12/03 19:06:11] Peer 1005 received the 'have' message from Peer 1003 for the piece 246.
[2025/12/03 19:06:11] Peer 1005 received the 'have' message from Peer 1006 for the piece 247.
[2025/12/03 19:06:11] Peer 1005 updated its view of Peer 1003's bitfield: fffffffffffffffffffffffffffffffffffffffffffffffffffffffffffffe0000000000000000000000000000000000000000000000000000000000000000000000000000000000000000000000000000000000000000000000000000000000000000000000000000000000000000000000000000000000000000000000000000000000000000000000000000000000000000000000000000000000000000000000000000000000000000000000000000000000000000000000.
[2025/12/03 19:06:11] Peer 1005 updated its view of Peer 1006's bitfield: ffffffffffffffffffffffffffffffffffffffffffffffffffffffffffffff0000000000000000000000000000000000000000000000000000000000000000000000000000000000000000000000000000000000000000000000000000000000000000000000000000000000000000000000000000000000000000000000000000000000000000000000000000000000000000000000000000000000000000000000000000000000000000000000000000000000000000000000.
[2025/12/03 19:06:11] Peer 1005 sent 'piece' message for piece 247 to Peer 1002.
[2025/12/03 19:06:11] Peer 1005 received the 'have' message from Peer 1002 for the piece 246.
[2025/12/03 19:06:11] Peer 1005 updated its view of Peer 1002's bitfield: fffffffffffffffffffffffffffffffffffffffffffffffffffffffffffffe0000000000000000000000000000000000000000000000000000000000000000000000000000000000000000000000000000000000000000000000000000000000000000000000000000000000000000000000000000000000000000000000000000000000000000000000000000000000000000000000000000000000000000000000000000000000000000000000000000000000000000000000.
[2025/12/03 19:06:11] Peer 1005 received the 'have' message from Peer 1002 for the piece 247.
[2025/12/03 19:06:11] Peer 1005 updated its view of Peer 1002's bitfield: ffffffffffffffffffffffffffffffffffffffffffffffffffffffffffffff0000000000000000000000000000000000000000000000000000000000000000000000000000000000000000000000000000000000000000000000000000000000000000000000000000000000000000000000000000000000000000000000000000000000000000000000000000000000000000000000000000000000000000000000000000000000000000000000000000000000000000000000.
[2025/12/03 19:06:11] Peer 1005 received the 'have' message from Peer 1004 for the piece 248.
[2025/12/03 19:06:11] Peer 1005 updated its view of Peer 1004's bitfield: ffffffffffffffffffffffffffffffffffffffffffffffffffffffffffffff8000000000000000000000000000000000000000000000000000000000000000000000000000000000000000000000000000000000000000000000000000000000000000000000000000000000000000000000000000000000000000000000000000000000000000000000000000000000000000000000000000000000000000000000000000000000000000000000000000000000000000000000.
[2025/12/03 19:06:11] Peer 1005 sent the 'interested' message to Peer 1004.
[2025/12/03 19:06:11] Peer 1005 sent 'request' for piece 248 to Peer 1004.
[2025/12/03 19:06:11] Peer 1005 has downloaded the piece 248 from Peer 1004. Now the number of pieces it has is 183.
[2025/12/03 19:06:11] Peer 1005 sent the 'have' message to Peer 1002 for the piece 248.
[2025/12/03 19:06:11] Peer 1005 sent the 'have' message to Peer 1003 for the piece 248.
[2025/12/03 19:06:11] Peer 1005 sent the 'have' message to Peer 1004 for the piece 248.
[2025/12/03 19:06:11] Peer 1005 sent the 'have' message to Peer 1006 for the piece 248.
[2025/12/03 19:06:11] Peer 1005 sent the 'not interested' message to Peer 1004.
[2025/12/03 19:06:11] Peer 1005 received the 'have' message from Peer 1006 for the piece 248.
[2025/12/03 19:06:11] Peer 1005 updated its view of Peer 1006's bitfield: ffffffffffffffffffffffffffffffffffffffffffffffffffffffffffffff8000000000000000000000000000000000000000000000000000000000000000000000000000000000000000000000000000000000000000000000000000000000000000000000000000000000000000000000000000000000000000000000000000000000000000000000000000000000000000000000000000000000000000000000000000000000000000000000000000000000000000000000.
[2025/12/03 19:06:11] Peer 1005 received the 'not interested' message from Peer 1002.
[2025/12/03 19:06:11] Peer 1005 received the 'have' message from Peer 1003 for the piece 247.
[2025/12/03 19:06:11] Peer 1005 updated its view of Peer 1003's bitfield: ffffffffffffffffffffffffffffffffffffffffffffffffffffffffffffff0000000000000000000000000000000000000000000000000000000000000000000000000000000000000000000000000000000000000000000000000000000000000000000000000000000000000000000000000000000000000000000000000000000000000000000000000000000000000000000000000000000000000000000000000000000000000000000000000000000000000000000000.
[2025/12/03 19:06:11] Peer 1005 received the 'have' message from Peer 1004 for the piece 249.
[2025/12/03 19:06:11] Peer 1005 updated its view of Peer 1004's bitfield: ffffffffffffffffffffffffffffffffffffffffffffffffffffffffffffffc000000000000000000000000000000000000000000000000000000000000000000000000000000000000000000000000000000000000000000000000000000000000000000000000000000000000000000000000000000000000000000000000000000000000000000000000000000000000000000000000000000000000000000000000000000000000000000000000000000000000000000000.
[2025/12/03 19:06:11] Peer 1005 sent the 'interested' message to Peer 1004.
[2025/12/03 19:06:11] Peer 1005 sent 'request' for piece 249 to Peer 1004.
[2025/12/03 19:06:11] Peer 1005 has downloaded the piece 249 from Peer 1004. Now the number of pieces it has is 184.
[2025/12/03 19:06:11] Peer 1005 sent the 'have' message to Peer 1002 for the piece 249.
[2025/12/03 19:06:11] Peer 1005 sent the 'have' message to Peer 1003 for the piece 249.
[2025/12/03 19:06:11] Peer 1005 sent the 'have' message to Peer 1004 for the piece 249.
[2025/12/03 19:06:11] Peer 1005 sent the 'have' message to Peer 1006 for the piece 249.
[2025/12/03 19:06:11] Peer 1005 sent the 'not interested' message to Peer 1004.
[2025/12/03 19:06:11] Peer 1005 received the 'have' message from Peer 1006 for the piece 249.
[2025/12/03 19:06:11] Peer 1005 updated its view of Peer 1006's bitfield: ffffffffffffffffffffffffffffffffffffffffffffffffffffffffffffffc000000000000000000000000000000000000000000000000000000000000000000000000000000000000000000000000000000000000000000000000000000000000000000000000000000000000000000000000000000000000000000000000000000000000000000000000000000000000000000000000000000000000000000000000000000000000000000000000000000000000000000000.
[2025/12/03 19:06:11] Peer 1005 received the 'interested' message from Peer 1002.
[2025/12/03 19:06:11] Peer 1005 sent 'piece' message for piece 248 to Peer 1002.
[2025/12/03 19:06:11] Peer 1005 received the 'have' message from Peer 1002 for the piece 248.
[2025/12/03 19:06:11] Peer 1005 updated its view of Peer 1002's bitfield: ffffffffffffffffffffffffffffffffffffffffffffffffffffffffffffff8000000000000000000000000000000000000000000000000000000000000000000000000000000000000000000000000000000000000000000000000000000000000000000000000000000000000000000000000000000000000000000000000000000000000000000000000000000000000000000000000000000000000000000000000000000000000000000000000000000000000000000000.
[2025/12/03 19:06:11] Peer 1005 sent 'piece' message for piece 249 to Peer 1002.
[2025/12/03 19:06:11] Peer 1005 received the 'have' message from Peer 1004 for the piece 250.
[2025/12/03 19:06:11] Peer 1005 updated its view of Peer 1004's bitfield: ffffffffffffffffffffffffffffffffffffffffffffffffffffffffffffffe000000000000000000000000000000000000000000000000000000000000000000000000000000000000000000000000000000000000000000000000000000000000000000000000000000000000000000000000000000000000000000000000000000000000000000000000000000000000000000000000000000000000000000000000000000000000000000000000000000000000000000000.
[2025/12/03 19:06:11] Peer 1005 sent the 'interested' message to Peer 1004.
[2025/12/03 19:06:11] Peer 1005 received the 'have' message from Peer 1003 for the piece 248.
[2025/12/03 19:06:11] Peer 1005 received the 'have' message from Peer 1002 for the piece 249.
[2025/12/03 19:06:11] Peer 1005 sent 'request' for piece 250 to Peer 1004.
[2025/12/03 19:06:11] Peer 1005 has downloaded the piece 250 from Peer 1004. Now the number of pieces it has is 185.
[2025/12/03 19:06:11] Peer 1005 updated its view of Peer 1002's bitfield: ffffffffffffffffffffffffffffffffffffffffffffffffffffffffffffffc000000000000000000000000000000000000000000000000000000000000000000000000000000000000000000000000000000000000000000000000000000000000000000000000000000000000000000000000000000000000000000000000000000000000000000000000000000000000000000000000000000000000000000000000000000000000000000000000000000000000000000000.
[2025/12/03 19:06:11] Peer 1005 sent the 'have' message to Peer 1002 for the piece 250.
[2025/12/03 19:06:11] Peer 1005 sent the 'have' message to Peer 1003 for the piece 250.
[2025/12/03 19:06:11] Peer 1005 sent the 'have' message to Peer 1004 for the piece 250.
[2025/12/03 19:06:11] Peer 1005 received the 'not interested' message from Peer 1002.
[2025/12/03 19:06:11] Peer 1005 sent the 'have' message to Peer 1006 for the piece 250.
[2025/12/03 19:06:11] Peer 1005 sent the 'not interested' message to Peer 1004.
[2025/12/03 19:06:11] Peer 1005 updated its view of Peer 1003's bitfield: ffffffffffffffffffffffffffffffffffffffffffffffffffffffffffffff8000000000000000000000000000000000000000000000000000000000000000000000000000000000000000000000000000000000000000000000000000000000000000000000000000000000000000000000000000000000000000000000000000000000000000000000000000000000000000000000000000000000000000000000000000000000000000000000000000000000000000000000.
[2025/12/03 19:06:11] Peer 1005 received the 'have' message from Peer 1006 for the piece 250.
[2025/12/03 19:06:11] Peer 1005 received the 'have' message from Peer 1003 for the piece 249.
[2025/12/03 19:06:11] Peer 1005 updated its view of Peer 1006's bitfield: ffffffffffffffffffffffffffffffffffffffffffffffffffffffffffffffe000000000000000000000000000000000000000000000000000000000000000000000000000000000000000000000000000000000000000000000000000000000000000000000000000000000000000000000000000000000000000000000000000000000000000000000000000000000000000000000000000000000000000000000000000000000000000000000000000000000000000000000.
[2025/12/03 19:06:12] Peer 1005 updated its view of Peer 1003's bitfield: ffffffffffffffffffffffffffffffffffffffffffffffffffffffffffffffc000000000000000000000000000000000000000000000000000000000000000000000000000000000000000000000000000000000000000000000000000000000000000000000000000000000000000000000000000000000000000000000000000000000000000000000000000000000000000000000000000000000000000000000000000000000000000000000000000000000000000000000.
[2025/12/03 19:06:12] Peer 1005 received the 'interested' message from Peer 1002.
[2025/12/03 19:06:12] Peer 1005 received the 'have' message from Peer 1004 for the piece 251.
[2025/12/03 19:06:12] Peer 1005 updated its view of Peer 1004's bitfield: fffffffffffffffffffffffffffffffffffffffffffffffffffffffffffffff000000000000000000000000000000000000000000000000000000000000000000000000000000000000000000000000000000000000000000000000000000000000000000000000000000000000000000000000000000000000000000000000000000000000000000000000000000000000000000000000000000000000000000000000000000000000000000000000000000000000000000000.
[2025/12/03 19:06:12] Peer 1005 sent 'piece' message for piece 250 to Peer 1002.
[2025/12/03 19:06:12] Peer 1005 sent the 'interested' message to Peer 1004.
[2025/12/03 19:06:12] Peer 1005 sent 'request' for piece 251 to Peer 1004.
[2025/12/03 19:06:12] Peer 1005 has downloaded the piece 251 from Peer 1004. Now the number of pieces it has is 186.
[2025/12/03 19:06:12] Peer 1005 received the 'have' message from Peer 1002 for the piece 250.
[2025/12/03 19:06:12] Peer 1005 sent the 'have' message to Peer 1002 for the piece 251.
[2025/12/03 19:06:12] Peer 1005 updated its view of Peer 1002's bitfield: ffffffffffffffffffffffffffffffffffffffffffffffffffffffffffffffe000000000000000000000000000000000000000000000000000000000000000000000000000000000000000000000000000000000000000000000000000000000000000000000000000000000000000000000000000000000000000000000000000000000000000000000000000000000000000000000000000000000000000000000000000000000000000000000000000000000000000000000.
[2025/12/03 19:06:12] Peer 1005 sent the 'have' message to Peer 1003 for the piece 251.
[2025/12/03 19:06:12] Peer 1005 sent the 'have' message to Peer 1004 for the piece 251.
[2025/12/03 19:06:12] Peer 1005 sent the 'have' message to Peer 1006 for the piece 251.
[2025/12/03 19:06:12] Peer 1005 sent the 'not interested' message to Peer 1004.
[2025/12/03 19:06:12] Peer 1005 received the 'not interested' message from Peer 1002.
[2025/12/03 19:06:12] Peer 1005 received the 'interested' message from Peer 1006.
[2025/12/03 19:06:12] Peer 1005 received the 'have' message from Peer 1004 for the piece 252.
[2025/12/03 19:06:12] Peer 1005 updated its view of Peer 1004's bitfield: fffffffffffffffffffffffffffffffffffffffffffffffffffffffffffffff800000000000000000000000000000000000000000000000000000000000000000000000000000000000000000000000000000000000000000000000000000000000000000000000000000000000000000000000000000000000000000000000000000000000000000000000000000000000000000000000000000000000000000000000000000000000000000000000000000000000000000000.
[2025/12/03 19:06:12] Peer 1005 sent the 'interested' message to Peer 1004.
[2025/12/03 19:06:12] Peer 1005 sent 'piece' message for piece 251 to Peer 1006.
[2025/12/03 19:06:12] Peer 1005 sent 'request' for piece 252 to Peer 1004.
[2025/12/03 19:06:12] Peer 1005 received the 'not interested' message from Peer 1006.
[2025/12/03 19:06:12] Peer 1005 received the 'have' message from Peer 1006 for the piece 251.
[2025/12/03 19:06:12] Peer 1005 updated its view of Peer 1006's bitfield: fffffffffffffffffffffffffffffffffffffffffffffffffffffffffffffff000000000000000000000000000000000000000000000000000000000000000000000000000000000000000000000000000000000000000000000000000000000000000000000000000000000000000000000000000000000000000000000000000000000000000000000000000000000000000000000000000000000000000000000000000000000000000000000000000000000000000000000.
[2025/12/03 19:06:12] Peer 1005 received the 'have' message from Peer 1003 for the piece 250.
[2025/12/03 19:06:12] Peer 1005 has downloaded the piece 252 from Peer 1004. Now the number of pieces it has is 187.
[2025/12/03 19:06:12] Peer 1005 updated its view of Peer 1003's bitfield: ffffffffffffffffffffffffffffffffffffffffffffffffffffffffffffffe000000000000000000000000000000000000000000000000000000000000000000000000000000000000000000000000000000000000000000000000000000000000000000000000000000000000000000000000000000000000000000000000000000000000000000000000000000000000000000000000000000000000000000000000000000000000000000000000000000000000000000000.
[2025/12/03 19:06:12] Peer 1005 sent the 'have' message to Peer 1002 for the piece 252.
[2025/12/03 19:06:12] Peer 1005 sent the 'have' message to Peer 1003 for the piece 252.
[2025/12/03 19:06:12] Peer 1005 sent the 'have' message to Peer 1004 for the piece 252.
[2025/12/03 19:06:12] Peer 1005 sent the 'have' message to Peer 1006 for the piece 252.
[2025/12/03 19:06:12] Peer 1005 received the 'interested' message from Peer 1002.
[2025/12/03 19:06:12] Peer 1005 sent the 'not interested' message to Peer 1004.
[2025/12/03 19:06:12] Peer 1005 sent 'piece' message for piece 251 to Peer 1002.
[2025/12/03 19:06:12] Peer 1005 received the 'have' message from Peer 1002 for the piece 251.
[2025/12/03 19:06:12] Peer 1005 updated its view of Peer 1002's bitfield: fffffffffffffffffffffffffffffffffffffffffffffffffffffffffffffff000000000000000000000000000000000000000000000000000000000000000000000000000000000000000000000000000000000000000000000000000000000000000000000000000000000000000000000000000000000000000000000000000000000000000000000000000000000000000000000000000000000000000000000000000000000000000000000000000000000000000000000.
[2025/12/03 19:06:12] Peer 1005 received the 'interested' message from Peer 1006.
[2025/12/03 19:06:12] Peer 1005 sent 'piece' message for piece 252 to Peer 1002.
[2025/12/03 19:06:12] Peer 1005 received the 'have' message from Peer 1002 for the piece 252.
[2025/12/03 19:06:12] Peer 1005 updated its view of Peer 1002's bitfield: fffffffffffffffffffffffffffffffffffffffffffffffffffffffffffffff800000000000000000000000000000000000000000000000000000000000000000000000000000000000000000000000000000000000000000000000000000000000000000000000000000000000000000000000000000000000000000000000000000000000000000000000000000000000000000000000000000000000000000000000000000000000000000000000000000000000000000000.
[2025/12/03 19:06:12] Peer 1005 received the 'have' message from Peer 1004 for the piece 253.
[2025/12/03 19:06:12] Peer 1005 sent 'piece' message for piece 252 to Peer 1006.
[2025/12/03 19:06:12] Peer 1005 updated its view of Peer 1004's bitfield: fffffffffffffffffffffffffffffffffffffffffffffffffffffffffffffffc00000000000000000000000000000000000000000000000000000000000000000000000000000000000000000000000000000000000000000000000000000000000000000000000000000000000000000000000000000000000000000000000000000000000000000000000000000000000000000000000000000000000000000000000000000000000000000000000000000000000000000000.
[2025/12/03 19:06:12] Peer 1005 received the 'not interested' message from Peer 1002.
[2025/12/03 19:06:12] Peer 1005 sent the 'interested' message to Peer 1004.
[2025/12/03 19:06:12] Peer 1005 received the 'not interested' message from Peer 1006.
[2025/12/03 19:06:12] Peer 1005 sent 'request' for piece 253 to Peer 1004.
[2025/12/03 19:06:12] Peer 1005 has downloaded the piece 253 from Peer 1004. Now the number of pieces it has is 188.
[2025/12/03 19:06:12] Peer 1005 sent the 'have' message to Peer 1002 for the piece 253.
[2025/12/03 19:06:12] Peer 1005 sent the 'have' message to Peer 1003 for the piece 253.
[2025/12/03 19:06:12] Peer 1005 sent the 'have' message to Peer 1004 for the piece 253.
[2025/12/03 19:06:12] Peer 1005 received the 'have' message from Peer 1006 for the piece 252.
[2025/12/03 19:06:12] Peer 1005 sent the 'have' message to Peer 1006 for the piece 253.
[2025/12/03 19:06:12] Peer 1005 updated its view of Peer 1006's bitfield: fffffffffffffffffffffffffffffffffffffffffffffffffffffffffffffff800000000000000000000000000000000000000000000000000000000000000000000000000000000000000000000000000000000000000000000000000000000000000000000000000000000000000000000000000000000000000000000000000000000000000000000000000000000000000000000000000000000000000000000000000000000000000000000000000000000000000000000.
[2025/12/03 19:06:12] Peer 1005 sent the 'not interested' message to Peer 1004.
[2025/12/03 19:06:12] Peer 1005 received the 'interested' message from Peer 1006.
[2025/12/03 19:06:12] Peer 1005 sent 'piece' message for piece 253 to Peer 1006.
[2025/12/03 19:06:12] Peer 1005 received the 'have' message from Peer 1006 for the piece 253.
[2025/12/03 19:06:12] Peer 1005 updated its view of Peer 1006's bitfield: fffffffffffffffffffffffffffffffffffffffffffffffffffffffffffffffc00000000000000000000000000000000000000000000000000000000000000000000000000000000000000000000000000000000000000000000000000000000000000000000000000000000000000000000000000000000000000000000000000000000000000000000000000000000000000000000000000000000000000000000000000000000000000000000000000000000000000000000.
[2025/12/03 19:06:12] Peer 1005 received the 'not interested' message from Peer 1006.
[2025/12/03 19:06:12] Peer 1005 received the 'have' message from Peer 1004 for the piece 254.
[2025/12/03 19:06:12] Peer 1005 received the 'interested' message from Peer 1002.
[2025/12/03 19:06:12] Peer 1005 updated its view of Peer 1004's bitfield: fffffffffffffffffffffffffffffffffffffffffffffffffffffffffffffffe00000000000000000000000000000000000000000000000000000000000000000000000000000000000000000000000000000000000000000000000000000000000000000000000000000000000000000000000000000000000000000000000000000000000000000000000000000000000000000000000000000000000000000000000000000000000000000000000000000000000000000000.
[2025/12/03 19:06:12] Peer 1005 sent the 'interested' message to Peer 1004.
[2025/12/03 19:06:12] Peer 1005 sent 'request' for piece 254 to Peer 1004.
[2025/12/03 19:06:12] Peer 1005 has downloaded the piece 254 from Peer 1004. Now the number of pieces it has is 189.
[2025/12/03 19:06:12] Peer 1005 sent the 'have' message to Peer 1002 for the piece 254.
[2025/12/03 19:06:12] Peer 1005 sent the 'have' message to Peer 1003 for the piece 254.
[2025/12/03 19:06:12] Peer 1005 sent the 'have' message to Peer 1004 for the piece 254.
[2025/12/03 19:06:12] Peer 1005 received the 'have' message from Peer 1006 for the piece 254.
[2025/12/03 19:06:12] Peer 1005 sent the 'have' message to Peer 1006 for the piece 254.
[2025/12/03 19:06:12] Peer 1005 updated its view of Peer 1006's bitfield: fffffffffffffffffffffffffffffffffffffffffffffffffffffffffffffffe00000000000000000000000000000000000000000000000000000000000000000000000000000000000000000000000000000000000000000000000000000000000000000000000000000000000000000000000000000000000000000000000000000000000000000000000000000000000000000000000000000000000000000000000000000000000000000000000000000000000000000000.
[2025/12/03 19:06:12] Peer 1005 sent the 'not interested' message to Peer 1004.
[2025/12/03 19:06:12] Peer 1005 sent 'piece' message for piece 253 to Peer 1002.
[2025/12/03 19:06:12] Peer 1005 received the 'have' message from Peer 1002 for the piece 253.
[2025/12/03 19:06:12] Peer 1005 updated its view of Peer 1002's bitfield: fffffffffffffffffffffffffffffffffffffffffffffffffffffffffffffffc00000000000000000000000000000000000000000000000000000000000000000000000000000000000000000000000000000000000000000000000000000000000000000000000000000000000000000000000000000000000000000000000000000000000000000000000000000000000000000000000000000000000000000000000000000000000000000000000000000000000000000000.
[2025/12/03 19:06:12] Peer 1005 sent 'piece' message for piece 254 to Peer 1002.
[2025/12/03 19:06:12] Peer 1005 received the 'not interested' message from Peer 1002.
[2025/12/03 19:06:12] Peer 1005 received the 'have' message from Peer 1004 for the piece 255.
[2025/12/03 19:06:12] Peer 1005 updated its view of Peer 1004's bitfield: ffffffffffffffffffffffffffffffffffffffffffffffffffffffffffffffff00000000000000000000000000000000000000000000000000000000000000000000000000000000000000000000000000000000000000000000000000000000000000000000000000000000000000000000000000000000000000000000000000000000000000000000000000000000000000000000000000000000000000000000000000000000000000000000000000000000000000000000.
[2025/12/03 19:06:12] Peer 1005 sent the 'interested' message to Peer 1004.
[2025/12/03 19:06:12] Peer 1005 sent 'request' for piece 255 to Peer 1004.
[2025/12/03 19:06:12] Peer 1005 has downloaded the piece 255 from Peer 1004. Now the number of pieces it has is 190.
[2025/12/03 19:06:12] Peer 1005 sent the 'have' message to Peer 1002 for the piece 255.
[2025/12/03 19:06:12] Peer 1005 sent the 'have' message to Peer 1003 for the piece 255.
[2025/12/03 19:06:12] Peer 1005 sent the 'have' message to Peer 1004 for the piece 255.
[2025/12/03 19:06:12] Peer 1005 sent the 'have' message to Peer 1006 for the piece 255.
[2025/12/03 19:06:12] Peer 1005 received the 'have' message from Peer 1002 for the piece 254.
[2025/12/03 19:06:12] Peer 1005 received the 'have' message from Peer 1006 for the piece 255.
[2025/12/03 19:06:12] Peer 1005 sent the 'not interested' message to Peer 1004.
[2025/12/03 19:06:12] Peer 1005 updated its view of Peer 1002's bitfield: fffffffffffffffffffffffffffffffffffffffffffffffffffffffffffffffe00000000000000000000000000000000000000000000000000000000000000000000000000000000000000000000000000000000000000000000000000000000000000000000000000000000000000000000000000000000000000000000000000000000000000000000000000000000000000000000000000000000000000000000000000000000000000000000000000000000000000000000.
[2025/12/03 19:06:12] Peer 1005 updated its view of Peer 1006's bitfield: ffffffffffffffffffffffffffffffffffffffffffffffffffffffffffffffff00000000000000000000000000000000000000000000000000000000000000000000000000000000000000000000000000000000000000000000000000000000000000000000000000000000000000000000000000000000000000000000000000000000000000000000000000000000000000000000000000000000000000000000000000000000000000000000000000000000000000000000.
[2025/12/03 19:06:12] Peer 1005 received the 'have' message from Peer 1003 for the piece 251.
[2025/12/03 19:06:12] Peer 1005 updated its view of Peer 1003's bitfield: fffffffffffffffffffffffffffffffffffffffffffffffffffffffffffffff000000000000000000000000000000000000000000000000000000000000000000000000000000000000000000000000000000000000000000000000000000000000000000000000000000000000000000000000000000000000000000000000000000000000000000000000000000000000000000000000000000000000000000000000000000000000000000000000000000000000000000000.
[2025/12/03 19:06:12] Peer 1005 is choked by Peer 1004.
[2025/12/03 19:06:12] Peer 1005 received the 'interested' message from Peer 1002.
[2025/12/03 19:06:12] Peer 1005 sent 'piece' message for piece 255 to Peer 1002.
[2025/12/03 19:06:12] Peer 1005 received the 'have' message from Peer 1004 for the piece 256.
[2025/12/03 19:06:12] Peer 1005 updated its view of Peer 1004's bitfield: ffffffffffffffffffffffffffffffffffffffffffffffffffffffffffffffff80000000000000000000000000000000000000000000000000000000000000000000000000000000000000000000000000000000000000000000000000000000000000000000000000000000000000000000000000000000000000000000000000000000000000000000000000000000000000000000000000000000000000000000000000000000000000000000000000000000000000000000.
[2025/12/03 19:06:12] Peer 1005 sent the 'interested' message to Peer 1004.
[2025/12/03 19:06:12] Peer 1005 received the 'have' message from Peer 1003 for the piece 252.
[2025/12/03 19:06:12] Peer 1005 updated its view of Peer 1003's bitfield: fffffffffffffffffffffffffffffffffffffffffffffffffffffffffffffff800000000000000000000000000000000000000000000000000000000000000000000000000000000000000000000000000000000000000000000000000000000000000000000000000000000000000000000000000000000000000000000000000000000000000000000000000000000000000000000000000000000000000000000000000000000000000000000000000000000000000000000.
[2025/12/03 19:06:12] Peer 1005 received the 'not interested' message from Peer 1002.
[2025/12/03 19:06:12] Peer 1005 received the 'have' message from Peer 1003 for the piece 253.
[2025/12/03 19:06:12] Peer 1005 updated its view of Peer 1003's bitfield: fffffffffffffffffffffffffffffffffffffffffffffffffffffffffffffffc00000000000000000000000000000000000000000000000000000000000000000000000000000000000000000000000000000000000000000000000000000000000000000000000000000000000000000000000000000000000000000000000000000000000000000000000000000000000000000000000000000000000000000000000000000000000000000000000000000000000000000000.
[2025/12/03 19:06:12] Peer 1005 received the 'have' message from Peer 1002 for the piece 255.
[2025/12/03 19:06:12] Peer 1005 received the 'have' message from Peer 1003 for the piece 254.
[2025/12/03 19:06:12] Peer 1005 updated its view of Peer 1002's bitfield: ffffffffffffffffffffffffffffffffffffffffffffffffffffffffffffffff00000000000000000000000000000000000000000000000000000000000000000000000000000000000000000000000000000000000000000000000000000000000000000000000000000000000000000000000000000000000000000000000000000000000000000000000000000000000000000000000000000000000000000000000000000000000000000000000000000000000000000000.
[2025/12/03 19:06:12] Peer 1005 received the 'have' message from Peer 1004 for the piece 257.
[2025/12/03 19:06:12] Peer 1005 updated its view of Peer 1003's bitfield: fffffffffffffffffffffffffffffffffffffffffffffffffffffffffffffffe00000000000000000000000000000000000000000000000000000000000000000000000000000000000000000000000000000000000000000000000000000000000000000000000000000000000000000000000000000000000000000000000000000000000000000000000000000000000000000000000000000000000000000000000000000000000000000000000000000000000000000000.
[2025/12/03 19:06:12] Peer 1005 updated its view of Peer 1004's bitfield: ffffffffffffffffffffffffffffffffffffffffffffffffffffffffffffffffc0000000000000000000000000000000000000000000000000000000000000000000000000000000000000000000000000000000000000000000000000000000000000000000000000000000000000000000000000000000000000000000000000000000000000000000000000000000000000000000000000000000000000000000000000000000000000000000000000000000000000000000.
[2025/12/03 19:06:12] Peer 1005 received the 'have' message from Peer 1003 for the piece 255.
[2025/12/03 19:06:12] Peer 1005 updated its view of Peer 1003's bitfield: ffffffffffffffffffffffffffffffffffffffffffffffffffffffffffffffff00000000000000000000000000000000000000000000000000000000000000000000000000000000000000000000000000000000000000000000000000000000000000000000000000000000000000000000000000000000000000000000000000000000000000000000000000000000000000000000000000000000000000000000000000000000000000000000000000000000000000000000.
[2025/12/03 19:06:12] Peer 1005 received the 'have' message from Peer 1003 for the piece 256.
[2025/12/03 19:06:12] Peer 1005 updated its view of Peer 1003's bitfield: ffffffffffffffffffffffffffffffffffffffffffffffffffffffffffffffff80000000000000000000000000000000000000000000000000000000000000000000000000000000000000000000000000000000000000000000000000000000000000000000000000000000000000000000000000000000000000000000000000000000000000000000000000000000000000000000000000000000000000000000000000000000000000000000000000000000000000000000.
[2025/12/03 19:06:12] Peer 1005 sent the 'interested' message to Peer 1003.
[2025/12/03 19:06:12] Peer 1005 received the 'have' message from Peer 1004 for the piece 258.
[2025/12/03 19:06:12] Peer 1005 updated its view of Peer 1004's bitfield: ffffffffffffffffffffffffffffffffffffffffffffffffffffffffffffffffe0000000000000000000000000000000000000000000000000000000000000000000000000000000000000000000000000000000000000000000000000000000000000000000000000000000000000000000000000000000000000000000000000000000000000000000000000000000000000000000000000000000000000000000000000000000000000000000000000000000000000000000.
[2025/12/03 19:06:12] Peer 1005 received the 'have' message from Peer 1003 for the piece 257.
[2025/12/03 19:06:12] Peer 1005 updated its view of Peer 1003's bitfield: ffffffffffffffffffffffffffffffffffffffffffffffffffffffffffffffffc0000000000000000000000000000000000000000000000000000000000000000000000000000000000000000000000000000000000000000000000000000000000000000000000000000000000000000000000000000000000000000000000000000000000000000000000000000000000000000000000000000000000000000000000000000000000000000000000000000000000000000000.
[2025/12/03 19:06:12] Peer 1005 received the 'have' message from Peer 1003 for the piece 258.
[2025/12/03 19:06:12] Peer 1005 updated its view of Peer 1003's bitfield: ffffffffffffffffffffffffffffffffffffffffffffffffffffffffffffffffe0000000000000000000000000000000000000000000000000000000000000000000000000000000000000000000000000000000000000000000000000000000000000000000000000000000000000000000000000000000000000000000000000000000000000000000000000000000000000000000000000000000000000000000000000000000000000000000000000000000000000000000.
[2025/12/03 19:06:12] Peer 1005 received the 'have' message from Peer 1004 for the piece 259.
[2025/12/03 19:06:12] Peer 1005 updated its view of Peer 1004's bitfield: fffffffffffffffffffffffffffffffffffffffffffffffffffffffffffffffff0000000000000000000000000000000000000000000000000000000000000000000000000000000000000000000000000000000000000000000000000000000000000000000000000000000000000000000000000000000000000000000000000000000000000000000000000000000000000000000000000000000000000000000000000000000000000000000000000000000000000000000.
[2025/12/03 19:06:12] Peer 1005 received the 'have' message from Peer 1004 for the piece 260.
[2025/12/03 19:06:12] Peer 1005 updated its view of Peer 1004's bitfield: fffffffffffffffffffffffffffffffffffffffffffffffffffffffffffffffff8000000000000000000000000000000000000000000000000000000000000000000000000000000000000000000000000000000000000000000000000000000000000000000000000000000000000000000000000000000000000000000000000000000000000000000000000000000000000000000000000000000000000000000000000000000000000000000000000000000000000000000.
[2025/12/03 19:06:12] Peer 1005 received the 'have' message from Peer 1003 for the piece 259.
[2025/12/03 19:06:12] Peer 1005 updated its view of Peer 1003's bitfield: fffffffffffffffffffffffffffffffffffffffffffffffffffffffffffffffff0000000000000000000000000000000000000000000000000000000000000000000000000000000000000000000000000000000000000000000000000000000000000000000000000000000000000000000000000000000000000000000000000000000000000000000000000000000000000000000000000000000000000000000000000000000000000000000000000000000000000000000.
[2025/12/03 19:06:12] Peer 1005 received the 'have' message from Peer 1004 for the piece 261.
[2025/12/03 19:06:12] Peer 1005 updated its view of Peer 1004's bitfield: fffffffffffffffffffffffffffffffffffffffffffffffffffffffffffffffffc000000000000000000000000000000000000000000000000000000000000000000000000000000000000000000000000000000000000000000000000000000000000000000000000000000000000000000000000000000000000000000000000000000000000000000000000000000000000000000000000000000000000000000000000000000000000000000000000000000000000000000.
[2025/12/03 19:06:12] Peer 1005 received the 'have' message from Peer 1003 for the piece 260.
[2025/12/03 19:06:12] Peer 1005 updated its view of Peer 1003's bitfield: fffffffffffffffffffffffffffffffffffffffffffffffffffffffffffffffff8000000000000000000000000000000000000000000000000000000000000000000000000000000000000000000000000000000000000000000000000000000000000000000000000000000000000000000000000000000000000000000000000000000000000000000000000000000000000000000000000000000000000000000000000000000000000000000000000000000000000000000.
[2025/12/03 19:06:12] Peer 1005 received the 'have' message from Peer 1004 for the piece 262.
[2025/12/03 19:06:12] Peer 1005 updated its view of Peer 1004's bitfield: fffffffffffffffffffffffffffffffffffffffffffffffffffffffffffffffffe000000000000000000000000000000000000000000000000000000000000000000000000000000000000000000000000000000000000000000000000000000000000000000000000000000000000000000000000000000000000000000000000000000000000000000000000000000000000000000000000000000000000000000000000000000000000000000000000000000000000000000.
[2025/12/03 19:06:12] Peer 1005 received the 'have' message from Peer 1003 for the piece 261.
[2025/12/03 19:06:12] Peer 1005 updated its view of Peer 1003's bitfield: fffffffffffffffffffffffffffffffffffffffffffffffffffffffffffffffffc000000000000000000000000000000000000000000000000000000000000000000000000000000000000000000000000000000000000000000000000000000000000000000000000000000000000000000000000000000000000000000000000000000000000000000000000000000000000000000000000000000000000000000000000000000000000000000000000000000000000000000.
[2025/12/03 19:06:12] Peer 1005 received the 'have' message from Peer 1003 for the piece 262.
[2025/12/03 19:06:12] Peer 1005 updated its view of Peer 1003's bitfield: fffffffffffffffffffffffffffffffffffffffffffffffffffffffffffffffffe000000000000000000000000000000000000000000000000000000000000000000000000000000000000000000000000000000000000000000000000000000000000000000000000000000000000000000000000000000000000000000000000000000000000000000000000000000000000000000000000000000000000000000000000000000000000000000000000000000000000000000.
[2025/12/03 19:06:12] Peer 1005 received the 'have' message from Peer 1004 for the piece 263.
[2025/12/03 19:06:12] Peer 1005 updated its view of Peer 1004's bitfield: ffffffffffffffffffffffffffffffffffffffffffffffffffffffffffffffffff000000000000000000000000000000000000000000000000000000000000000000000000000000000000000000000000000000000000000000000000000000000000000000000000000000000000000000000000000000000000000000000000000000000000000000000000000000000000000000000000000000000000000000000000000000000000000000000000000000000000000000.
[2025/12/03 19:06:12] Peer 1005 received the 'have' message from Peer 1004 for the piece 264.
[2025/12/03 19:06:12] Peer 1005 updated its view of Peer 1004's bitfield: ffffffffffffffffffffffffffffffffffffffffffffffffffffffffffffffffff800000000000000000000000000000000000000000000000000000000000000000000000000000000000000000000000000000000000000000000000000000000000000000000000000000000000000000000000000000000000000000000000000000000000000000000000000000000000000000000000000000000000000000000000000000000000000000000000000000000000000000.
[2025/12/03 19:06:12] Peer 1005 received the 'have' message from Peer 1003 for the piece 263.
[2025/12/03 19:06:12] Peer 1005 updated its view of Peer 1003's bitfield: ffffffffffffffffffffffffffffffffffffffffffffffffffffffffffffffffff000000000000000000000000000000000000000000000000000000000000000000000000000000000000000000000000000000000000000000000000000000000000000000000000000000000000000000000000000000000000000000000000000000000000000000000000000000000000000000000000000000000000000000000000000000000000000000000000000000000000000000.
[2025/12/03 19:06:13] Peer 1005 received the 'have' message from Peer 1004 for the piece 265.
[2025/12/03 19:06:13] Peer 1005 received the 'have' message from Peer 1003 for the piece 264.
[2025/12/03 19:06:13] Peer 1005 updated its view of Peer 1004's bitfield: ffffffffffffffffffffffffffffffffffffffffffffffffffffffffffffffffffc00000000000000000000000000000000000000000000000000000000000000000000000000000000000000000000000000000000000000000000000000000000000000000000000000000000000000000000000000000000000000000000000000000000000000000000000000000000000000000000000000000000000000000000000000000000000000000000000000000000000000000.
[2025/12/03 19:06:13] Peer 1005 updated its view of Peer 1003's bitfield: ffffffffffffffffffffffffffffffffffffffffffffffffffffffffffffffffff800000000000000000000000000000000000000000000000000000000000000000000000000000000000000000000000000000000000000000000000000000000000000000000000000000000000000000000000000000000000000000000000000000000000000000000000000000000000000000000000000000000000000000000000000000000000000000000000000000000000000000.
[2025/12/03 19:06:13] Peer 1005 received the 'have' message from Peer 1004 for the piece 266.
[2025/12/03 19:06:13] Peer 1005 updated its view of Peer 1004's bitfield: ffffffffffffffffffffffffffffffffffffffffffffffffffffffffffffffffffe00000000000000000000000000000000000000000000000000000000000000000000000000000000000000000000000000000000000000000000000000000000000000000000000000000000000000000000000000000000000000000000000000000000000000000000000000000000000000000000000000000000000000000000000000000000000000000000000000000000000000000.
[2025/12/03 19:06:13] Peer 1005 received the 'have' message from Peer 1003 for the piece 265.
[2025/12/03 19:06:13] Peer 1005 updated its view of Peer 1003's bitfield: ffffffffffffffffffffffffffffffffffffffffffffffffffffffffffffffffffc00000000000000000000000000000000000000000000000000000000000000000000000000000000000000000000000000000000000000000000000000000000000000000000000000000000000000000000000000000000000000000000000000000000000000000000000000000000000000000000000000000000000000000000000000000000000000000000000000000000000000000.
[2025/12/03 19:06:13] Peer 1005 received the 'have' message from Peer 1004 for the piece 267.
[2025/12/03 19:06:13] Peer 1005 updated its view of Peer 1004's bitfield: fffffffffffffffffffffffffffffffffffffffffffffffffffffffffffffffffff00000000000000000000000000000000000000000000000000000000000000000000000000000000000000000000000000000000000000000000000000000000000000000000000000000000000000000000000000000000000000000000000000000000000000000000000000000000000000000000000000000000000000000000000000000000000000000000000000000000000000000.
[2025/12/03 19:06:13] Peer 1005 received the 'have' message from Peer 1003 for the piece 266.
[2025/12/03 19:06:13] Peer 1005 updated its view of Peer 1003's bitfield: ffffffffffffffffffffffffffffffffffffffffffffffffffffffffffffffffffe00000000000000000000000000000000000000000000000000000000000000000000000000000000000000000000000000000000000000000000000000000000000000000000000000000000000000000000000000000000000000000000000000000000000000000000000000000000000000000000000000000000000000000000000000000000000000000000000000000000000000000.
[2025/12/03 19:06:13] Peer 1005 received the 'have' message from Peer 1004 for the piece 268.
[2025/12/03 19:06:13] Peer 1005 updated its view of Peer 1004's bitfield: fffffffffffffffffffffffffffffffffffffffffffffffffffffffffffffffffff80000000000000000000000000000000000000000000000000000000000000000000000000000000000000000000000000000000000000000000000000000000000000000000000000000000000000000000000000000000000000000000000000000000000000000000000000000000000000000000000000000000000000000000000000000000000000000000000000000000000000000.
[2025/12/03 19:06:13] Peer 1005 received the 'have' message from Peer 1003 for the piece 267.
[2025/12/03 19:06:13] Peer 1005 updated its view of Peer 1003's bitfield: fffffffffffffffffffffffffffffffffffffffffffffffffffffffffffffffffff00000000000000000000000000000000000000000000000000000000000000000000000000000000000000000000000000000000000000000000000000000000000000000000000000000000000000000000000000000000000000000000000000000000000000000000000000000000000000000000000000000000000000000000000000000000000000000000000000000000000000000.
[2025/12/03 19:06:13] Peer 1005 received the 'have' message from Peer 1004 for the piece 269.
[2025/12/03 19:06:13] Peer 1005 updated its view of Peer 1004's bitfield: fffffffffffffffffffffffffffffffffffffffffffffffffffffffffffffffffffc0000000000000000000000000000000000000000000000000000000000000000000000000000000000000000000000000000000000000000000000000000000000000000000000000000000000000000000000000000000000000000000000000000000000000000000000000000000000000000000000000000000000000000000000000000000000000000000000000000000000000000.
[2025/12/03 19:06:13] Peer 1005 received the 'have' message from Peer 1003 for the piece 268.
[2025/12/03 19:06:13] Peer 1005 updated its view of Peer 1003's bitfield: fffffffffffffffffffffffffffffffffffffffffffffffffffffffffffffffffff80000000000000000000000000000000000000000000000000000000000000000000000000000000000000000000000000000000000000000000000000000000000000000000000000000000000000000000000000000000000000000000000000000000000000000000000000000000000000000000000000000000000000000000000000000000000000000000000000000000000000000.
[2025/12/03 19:06:13] Peer 1005 received the 'have' message from Peer 1004 for the piece 270.
[2025/12/03 19:06:13] Peer 1005 updated its view of Peer 1004's bitfield: fffffffffffffffffffffffffffffffffffffffffffffffffffffffffffffffffffe0000000000000000000000000000000000000000000000000000000000000000000000000000000000000000000000000000000000000000000000000000000000000000000000000000000000000000000000000000000000000000000000000000000000000000000000000000000000000000000000000000000000000000000000000000000000000000000000000000000000000000.
[2025/12/03 19:06:13] Peer 1005 received the 'have' message from Peer 1003 for the piece 269.
[2025/12/03 19:06:13] Peer 1005 updated its view of Peer 1003's bitfield: fffffffffffffffffffffffffffffffffffffffffffffffffffffffffffffffffffc0000000000000000000000000000000000000000000000000000000000000000000000000000000000000000000000000000000000000000000000000000000000000000000000000000000000000000000000000000000000000000000000000000000000000000000000000000000000000000000000000000000000000000000000000000000000000000000000000000000000000000.
[2025/12/03 19:06:13] Peer 1005 received the 'have' message from Peer 1004 for the piece 271.
[2025/12/03 19:06:13] Peer 1005 updated its view of Peer 1004's bitfield: ffffffffffffffffffffffffffffffffffffffffffffffffffffffffffffffffffff0000000000000000000000000000000000000000000000000000000000000000000000000000000000000000000000000000000000000000000000000000000000000000000000000000000000000000000000000000000000000000000000000000000000000000000000000000000000000000000000000000000000000000000000000000000000000000000000000000000000000000.
[2025/12/03 19:06:13] Peer 1005 received the 'have' message from Peer 1003 for the piece 270.
[2025/12/03 19:06:13] Peer 1005 updated its view of Peer 1003's bitfield: fffffffffffffffffffffffffffffffffffffffffffffffffffffffffffffffffffe0000000000000000000000000000000000000000000000000000000000000000000000000000000000000000000000000000000000000000000000000000000000000000000000000000000000000000000000000000000000000000000000000000000000000000000000000000000000000000000000000000000000000000000000000000000000000000000000000000000000000000.
[2025/12/03 19:06:13] Peer 1005 received the 'have' message from Peer 1004 for the piece 272.
[2025/12/03 19:06:13] Peer 1005 updated its view of Peer 1004's bitfield: ffffffffffffffffffffffffffffffffffffffffffffffffffffffffffffffffffff8000000000000000000000000000000000000000000000000000000000000000000000000000000000000000000000000000000000000000000000000000000000000000000000000000000000000000000000000000000000000000000000000000000000000000000000000000000000000000000000000000000000000000000000000000000000000000000000000000000000000000.
[2025/12/03 19:06:13] Peer 1005 received the 'have' message from Peer 1003 for the piece 271.
[2025/12/03 19:06:13] Peer 1005 updated its view of Peer 1003's bitfield: ffffffffffffffffffffffffffffffffffffffffffffffffffffffffffffffffffff0000000000000000000000000000000000000000000000000000000000000000000000000000000000000000000000000000000000000000000000000000000000000000000000000000000000000000000000000000000000000000000000000000000000000000000000000000000000000000000000000000000000000000000000000000000000000000000000000000000000000000.
[2025/12/03 19:06:13] Peer 1005 received the 'have' message from Peer 1004 for the piece 273.
[2025/12/03 19:06:13] Peer 1005 updated its view of Peer 1004's bitfield: ffffffffffffffffffffffffffffffffffffffffffffffffffffffffffffffffffffc000000000000000000000000000000000000000000000000000000000000000000000000000000000000000000000000000000000000000000000000000000000000000000000000000000000000000000000000000000000000000000000000000000000000000000000000000000000000000000000000000000000000000000000000000000000000000000000000000000000000000.
[2025/12/03 19:06:13] Peer 1005 received the 'have' message from Peer 1003 for the piece 272.
[2025/12/03 19:06:13] Peer 1005 updated its view of Peer 1003's bitfield: ffffffffffffffffffffffffffffffffffffffffffffffffffffffffffffffffffff8000000000000000000000000000000000000000000000000000000000000000000000000000000000000000000000000000000000000000000000000000000000000000000000000000000000000000000000000000000000000000000000000000000000000000000000000000000000000000000000000000000000000000000000000000000000000000000000000000000000000000.
[2025/12/03 19:06:13] Peer 1005 received the 'have' message from Peer 1004 for the piece 274.
[2025/12/03 19:06:13] Peer 1005 updated its view of Peer 1004's bitfield: ffffffffffffffffffffffffffffffffffffffffffffffffffffffffffffffffffffe000000000000000000000000000000000000000000000000000000000000000000000000000000000000000000000000000000000000000000000000000000000000000000000000000000000000000000000000000000000000000000000000000000000000000000000000000000000000000000000000000000000000000000000000000000000000000000000000000000000000000.
[2025/12/03 19:06:13] Peer 1005 received the 'have' message from Peer 1003 for the piece 273.
[2025/12/03 19:06:13] Peer 1005 updated its view of Peer 1003's bitfield: ffffffffffffffffffffffffffffffffffffffffffffffffffffffffffffffffffffc000000000000000000000000000000000000000000000000000000000000000000000000000000000000000000000000000000000000000000000000000000000000000000000000000000000000000000000000000000000000000000000000000000000000000000000000000000000000000000000000000000000000000000000000000000000000000000000000000000000000000.
[2025/12/03 19:06:13] Peer 1005 received the 'have' message from Peer 1003 for the piece 274.
[2025/12/03 19:06:13] Peer 1005 updated its view of Peer 1003's bitfield: ffffffffffffffffffffffffffffffffffffffffffffffffffffffffffffffffffffe000000000000000000000000000000000000000000000000000000000000000000000000000000000000000000000000000000000000000000000000000000000000000000000000000000000000000000000000000000000000000000000000000000000000000000000000000000000000000000000000000000000000000000000000000000000000000000000000000000000000000.
[2025/12/03 19:06:13] Peer 1005 received the 'have' message from Peer 1004 for the piece 275.
[2025/12/03 19:06:13] Peer 1005 updated its view of Peer 1004's bitfield: fffffffffffffffffffffffffffffffffffffffffffffffffffffffffffffffffffff000000000000000000000000000000000000000000000000000000000000000000000000000000000000000000000000000000000000000000000000000000000000000000000000000000000000000000000000000000000000000000000000000000000000000000000000000000000000000000000000000000000000000000000000000000000000000000000000000000000000000.
[2025/12/03 19:06:13] Peer 1005 connection to 1006 error: socket closed
[2025/12/03 19:06:13] Peer 1005 received the 'have' message from Peer 1004 for the piece 276.
[2025/12/03 19:06:13] Peer 1005 updated its view of Peer 1004's bitfield: fffffffffffffffffffffffffffffffffffffffffffffffffffffffffffffffffffff800000000000000000000000000000000000000000000000000000000000000000000000000000000000000000000000000000000000000000000000000000000000000000000000000000000000000000000000000000000000000000000000000000000000000000000000000000000000000000000000000000000000000000000000000000000000000000000000000000000000000.
[2025/12/03 19:06:13] Peer 1005 received the 'have' message from Peer 1003 for the piece 275.
[2025/12/03 19:06:13] Peer 1005 updated its view of Peer 1003's bitfield: fffffffffffffffffffffffffffffffffffffffffffffffffffffffffffffffffffff000000000000000000000000000000000000000000000000000000000000000000000000000000000000000000000000000000000000000000000000000000000000000000000000000000000000000000000000000000000000000000000000000000000000000000000000000000000000000000000000000000000000000000000000000000000000000000000000000000000000000.
[2025/12/03 19:06:13] Peer 1005 received the 'have' message from Peer 1004 for the piece 277.
[2025/12/03 19:06:13] Peer 1005 updated its view of Peer 1004's bitfield: fffffffffffffffffffffffffffffffffffffffffffffffffffffffffffffffffffffc00000000000000000000000000000000000000000000000000000000000000000000000000000000000000000000000000000000000000000000000000000000000000000000000000000000000000000000000000000000000000000000000000000000000000000000000000000000000000000000000000000000000000000000000000000000000000000000000000000000000000.
[2025/12/03 19:06:13] Peer 1005 received the 'have' message from Peer 1003 for the piece 276.
[2025/12/03 19:06:13] Peer 1005 updated its view of Peer 1003's bitfield: fffffffffffffffffffffffffffffffffffffffffffffffffffffffffffffffffffff800000000000000000000000000000000000000000000000000000000000000000000000000000000000000000000000000000000000000000000000000000000000000000000000000000000000000000000000000000000000000000000000000000000000000000000000000000000000000000000000000000000000000000000000000000000000000000000000000000000000000.
[2025/12/03 19:06:13] Peer 1005 connection to 1002 error: timed out
[2025/12/03 19:06:13] Peer 1005 received the 'have' message from Peer 1004 for the piece 278.
[2025/12/03 19:06:13] Peer 1005 updated its view of Peer 1004's bitfield: fffffffffffffffffffffffffffffffffffffffffffffffffffffffffffffffffffffe00000000000000000000000000000000000000000000000000000000000000000000000000000000000000000000000000000000000000000000000000000000000000000000000000000000000000000000000000000000000000000000000000000000000000000000000000000000000000000000000000000000000000000000000000000000000000000000000000000000000000.
[2025/12/03 19:06:13] Peer 1005 received the 'have' message from Peer 1003 for the piece 277.
[2025/12/03 19:06:13] Peer 1005 updated its view of Peer 1003's bitfield: fffffffffffffffffffffffffffffffffffffffffffffffffffffffffffffffffffffc00000000000000000000000000000000000000000000000000000000000000000000000000000000000000000000000000000000000000000000000000000000000000000000000000000000000000000000000000000000000000000000000000000000000000000000000000000000000000000000000000000000000000000000000000000000000000000000000000000000000000.
[2025/12/03 19:06:14] Peer 1005 received the 'have' message from Peer 1004 for the piece 279.
[2025/12/03 19:06:14] Peer 1005 updated its view of Peer 1004's bitfield: ffffffffffffffffffffffffffffffffffffffffffffffffffffffffffffffffffffff00000000000000000000000000000000000000000000000000000000000000000000000000000000000000000000000000000000000000000000000000000000000000000000000000000000000000000000000000000000000000000000000000000000000000000000000000000000000000000000000000000000000000000000000000000000000000000000000000000000000000.
[2025/12/03 19:06:14] Peer 1005 received the 'have' message from Peer 1003 for the piece 278.
[2025/12/03 19:06:14] Peer 1005 updated its view of Peer 1003's bitfield: fffffffffffffffffffffffffffffffffffffffffffffffffffffffffffffffffffffe00000000000000000000000000000000000000000000000000000000000000000000000000000000000000000000000000000000000000000000000000000000000000000000000000000000000000000000000000000000000000000000000000000000000000000000000000000000000000000000000000000000000000000000000000000000000000000000000000000000000000.
[2025/12/03 19:06:14] Peer 1005 received the 'have' message from Peer 1003 for the piece 279.
[2025/12/03 19:06:14] Peer 1005 updated its view of Peer 1003's bitfield: ffffffffffffffffffffffffffffffffffffffffffffffffffffffffffffffffffffff00000000000000000000000000000000000000000000000000000000000000000000000000000000000000000000000000000000000000000000000000000000000000000000000000000000000000000000000000000000000000000000000000000000000000000000000000000000000000000000000000000000000000000000000000000000000000000000000000000000000000.
[2025/12/03 19:06:14] Peer 1005 received the 'have' message from Peer 1004 for the piece 280.
[2025/12/03 19:06:14] Peer 1005 updated its view of Peer 1004's bitfield: ffffffffffffffffffffffffffffffffffffffffffffffffffffffffffffffffffffff80000000000000000000000000000000000000000000000000000000000000000000000000000000000000000000000000000000000000000000000000000000000000000000000000000000000000000000000000000000000000000000000000000000000000000000000000000000000000000000000000000000000000000000000000000000000000000000000000000000000000.
[2025/12/03 19:06:14] Peer 1005 received the 'have' message from Peer 1004 for the piece 281.
[2025/12/03 19:06:14] Peer 1005 updated its view of Peer 1004's bitfield: ffffffffffffffffffffffffffffffffffffffffffffffffffffffffffffffffffffffc0000000000000000000000000000000000000000000000000000000000000000000000000000000000000000000000000000000000000000000000000000000000000000000000000000000000000000000000000000000000000000000000000000000000000000000000000000000000000000000000000000000000000000000000000000000000000000000000000000000000000.
[2025/12/03 19:06:14] Peer 1005 received the 'have' message from Peer 1003 for the piece 280.
[2025/12/03 19:06:14] Peer 1005 updated its view of Peer 1003's bitfield: ffffffffffffffffffffffffffffffffffffffffffffffffffffffffffffffffffffff80000000000000000000000000000000000000000000000000000000000000000000000000000000000000000000000000000000000000000000000000000000000000000000000000000000000000000000000000000000000000000000000000000000000000000000000000000000000000000000000000000000000000000000000000000000000000000000000000000000000000.
[2025/12/03 19:06:14] Peer 1005 received the 'have' message from Peer 1004 for the piece 282.
[2025/12/03 19:06:14] Peer 1005 updated its view of Peer 1004's bitfield: ffffffffffffffffffffffffffffffffffffffffffffffffffffffffffffffffffffffe0000000000000000000000000000000000000000000000000000000000000000000000000000000000000000000000000000000000000000000000000000000000000000000000000000000000000000000000000000000000000000000000000000000000000000000000000000000000000000000000000000000000000000000000000000000000000000000000000000000000000.
[2025/12/03 19:06:14] Peer 1005 received the 'have' message from Peer 1004 for the piece 283.
[2025/12/03 19:06:14] Peer 1005 updated its view of Peer 1004's bitfield: fffffffffffffffffffffffffffffffffffffffffffffffffffffffffffffffffffffff0000000000000000000000000000000000000000000000000000000000000000000000000000000000000000000000000000000000000000000000000000000000000000000000000000000000000000000000000000000000000000000000000000000000000000000000000000000000000000000000000000000000000000000000000000000000000000000000000000000000000.
[2025/12/03 19:06:14] Peer 1005 received the 'have' message from Peer 1004 for the piece 284.
[2025/12/03 19:06:14] Peer 1005 updated its view of Peer 1004's bitfield: fffffffffffffffffffffffffffffffffffffffffffffffffffffffffffffffffffffff8000000000000000000000000000000000000000000000000000000000000000000000000000000000000000000000000000000000000000000000000000000000000000000000000000000000000000000000000000000000000000000000000000000000000000000000000000000000000000000000000000000000000000000000000000000000000000000000000000000000000.
[2025/12/03 19:06:14] Peer 1005 received the 'have' message from Peer 1003 for the piece 281.
[2025/12/03 19:06:14] Peer 1005 updated its view of Peer 1003's bitfield: ffffffffffffffffffffffffffffffffffffffffffffffffffffffffffffffffffffffc0000000000000000000000000000000000000000000000000000000000000000000000000000000000000000000000000000000000000000000000000000000000000000000000000000000000000000000000000000000000000000000000000000000000000000000000000000000000000000000000000000000000000000000000000000000000000000000000000000000000000.
[2025/12/03 19:06:14] Peer 1005 received the 'have' message from Peer 1004 for the piece 285.
[2025/12/03 19:06:14] Peer 1005 updated its view of Peer 1004's bitfield: fffffffffffffffffffffffffffffffffffffffffffffffffffffffffffffffffffffffc000000000000000000000000000000000000000000000000000000000000000000000000000000000000000000000000000000000000000000000000000000000000000000000000000000000000000000000000000000000000000000000000000000000000000000000000000000000000000000000000000000000000000000000000000000000000000000000000000000000000.
[2025/12/03 19:06:14] Peer 1005 received the 'have' message from Peer 1003 for the piece 282.
[2025/12/03 19:06:14] Peer 1005 updated its view of Peer 1003's bitfield: ffffffffffffffffffffffffffffffffffffffffffffffffffffffffffffffffffffffe0000000000000000000000000000000000000000000000000000000000000000000000000000000000000000000000000000000000000000000000000000000000000000000000000000000000000000000000000000000000000000000000000000000000000000000000000000000000000000000000000000000000000000000000000000000000000000000000000000000000000.
[2025/12/03 19:06:14] Peer 1005 received the 'have' message from Peer 1003 for the piece 283.
[2025/12/03 19:06:14] Peer 1005 updated its view of Peer 1003's bitfield: fffffffffffffffffffffffffffffffffffffffffffffffffffffffffffffffffffffff0000000000000000000000000000000000000000000000000000000000000000000000000000000000000000000000000000000000000000000000000000000000000000000000000000000000000000000000000000000000000000000000000000000000000000000000000000000000000000000000000000000000000000000000000000000000000000000000000000000000000.
[2025/12/03 19:06:14] Peer 1005 received the 'have' message from Peer 1003 for the piece 284.
[2025/12/03 19:06:14] Peer 1005 updated its view of Peer 1003's bitfield: fffffffffffffffffffffffffffffffffffffffffffffffffffffffffffffffffffffff8000000000000000000000000000000000000000000000000000000000000000000000000000000000000000000000000000000000000000000000000000000000000000000000000000000000000000000000000000000000000000000000000000000000000000000000000000000000000000000000000000000000000000000000000000000000000000000000000000000000000.
[2025/12/03 19:06:14] Peer 1005 received the 'have' message from Peer 1004 for the piece 286.
[2025/12/03 19:06:14] Peer 1005 received the 'have' message from Peer 1003 for the piece 285.
[2025/12/03 19:06:14] Peer 1005 updated its view of Peer 1004's bitfield: fffffffffffffffffffffffffffffffffffffffffffffffffffffffffffffffffffffffe000000000000000000000000000000000000000000000000000000000000000000000000000000000000000000000000000000000000000000000000000000000000000000000000000000000000000000000000000000000000000000000000000000000000000000000000000000000000000000000000000000000000000000000000000000000000000000000000000000000000.
[2025/12/03 19:06:14] Peer 1005 updated its view of Peer 1003's bitfield: fffffffffffffffffffffffffffffffffffffffffffffffffffffffffffffffffffffffc000000000000000000000000000000000000000000000000000000000000000000000000000000000000000000000000000000000000000000000000000000000000000000000000000000000000000000000000000000000000000000000000000000000000000000000000000000000000000000000000000000000000000000000000000000000000000000000000000000000000.
[2025/12/03 19:06:14] Peer 1005 received the 'have' message from Peer 1004 for the piece 287.
[2025/12/03 19:06:14] Peer 1005 updated its view of Peer 1004's bitfield: ffffffffffffffffffffffffffffffffffffffffffffffffffffffffffffffffffffffff000000000000000000000000000000000000000000000000000000000000000000000000000000000000000000000000000000000000000000000000000000000000000000000000000000000000000000000000000000000000000000000000000000000000000000000000000000000000000000000000000000000000000000000000000000000000000000000000000000000000.
[2025/12/03 19:06:14] Peer 1005 received the 'have' message from Peer 1003 for the piece 286.
[2025/12/03 19:06:14] Peer 1005 updated its view of Peer 1003's bitfield: fffffffffffffffffffffffffffffffffffffffffffffffffffffffffffffffffffffffe000000000000000000000000000000000000000000000000000000000000000000000000000000000000000000000000000000000000000000000000000000000000000000000000000000000000000000000000000000000000000000000000000000000000000000000000000000000000000000000000000000000000000000000000000000000000000000000000000000000000.
[2025/12/03 19:06:14] Peer 1005 unchokes Peer 1003.
[2025/12/03 19:06:14] Peer 1005 has the optimistically unchoked neighbor 1003.
[2025/12/03 19:06:14] Peer 1005 chokes Peer 1002.
[2025/12/03 19:06:14] Peer 1005 chokes Peer 1006.
[2025/12/03 19:06:14] Peer 1005 has the preferred neighbors [1003].
[2025/12/03 19:06:14] Peer 1005 received the 'have' message from Peer 1004 for the piece 288.
[2025/12/03 19:06:14] Peer 1005 updated its view of Peer 1004's bitfield: ffffffffffffffffffffffffffffffffffffffffffffffffffffffffffffffffffffffff800000000000000000000000000000000000000000000000000000000000000000000000000000000000000000000000000000000000000000000000000000000000000000000000000000000000000000000000000000000000000000000000000000000000000000000000000000000000000000000000000000000000000000000000000000000000000000000000000000000000.
[2025/12/03 19:06:14] Peer 1005 received the 'have' message from Peer 1003 for the piece 287.
[2025/12/03 19:06:14] Peer 1005 updated its view of Peer 1003's bitfield: ffffffffffffffffffffffffffffffffffffffffffffffffffffffffffffffffffffffff000000000000000000000000000000000000000000000000000000000000000000000000000000000000000000000000000000000000000000000000000000000000000000000000000000000000000000000000000000000000000000000000000000000000000000000000000000000000000000000000000000000000000000000000000000000000000000000000000000000000.
[2025/12/03 19:06:14] Peer 1005 received the 'have' message from Peer 1004 for the piece 289.
[2025/12/03 19:06:14] Peer 1005 updated its view of Peer 1004's bitfield: ffffffffffffffffffffffffffffffffffffffffffffffffffffffffffffffffffffffffc00000000000000000000000000000000000000000000000000000000000000000000000000000000000000000000000000000000000000000000000000000000000000000000000000000000000000000000000000000000000000000000000000000000000000000000000000000000000000000000000000000000000000000000000000000000000000000000000000000000000.
[2025/12/03 19:06:14] Peer 1005 received the 'have' message from Peer 1003 for the piece 288.
[2025/12/03 19:06:14] Peer 1005 updated its view of Peer 1003's bitfield: ffffffffffffffffffffffffffffffffffffffffffffffffffffffffffffffffffffffff800000000000000000000000000000000000000000000000000000000000000000000000000000000000000000000000000000000000000000000000000000000000000000000000000000000000000000000000000000000000000000000000000000000000000000000000000000000000000000000000000000000000000000000000000000000000000000000000000000000000.
[2025/12/03 19:06:14] Peer 1005 received the 'have' message from Peer 1004 for the piece 290.
[2025/12/03 19:06:14] Peer 1005 updated its view of Peer 1004's bitfield: ffffffffffffffffffffffffffffffffffffffffffffffffffffffffffffffffffffffffe00000000000000000000000000000000000000000000000000000000000000000000000000000000000000000000000000000000000000000000000000000000000000000000000000000000000000000000000000000000000000000000000000000000000000000000000000000000000000000000000000000000000000000000000000000000000000000000000000000000000.
[2025/12/03 19:06:15] Peer 1005 received the 'have' message from Peer 1004 for the piece 291.
[2025/12/03 19:06:15] Peer 1005 updated its view of Peer 1004's bitfield: fffffffffffffffffffffffffffffffffffffffffffffffffffffffffffffffffffffffff00000000000000000000000000000000000000000000000000000000000000000000000000000000000000000000000000000000000000000000000000000000000000000000000000000000000000000000000000000000000000000000000000000000000000000000000000000000000000000000000000000000000000000000000000000000000000000000000000000000000.
[2025/12/03 19:06:15] Peer 1005 received the 'have' message from Peer 1003 for the piece 289.
[2025/12/03 19:06:15] Peer 1005 updated its view of Peer 1003's bitfield: ffffffffffffffffffffffffffffffffffffffffffffffffffffffffffffffffffffffffc00000000000000000000000000000000000000000000000000000000000000000000000000000000000000000000000000000000000000000000000000000000000000000000000000000000000000000000000000000000000000000000000000000000000000000000000000000000000000000000000000000000000000000000000000000000000000000000000000000000000.
[2025/12/03 19:06:15] Peer 1005 received the 'have' message from Peer 1004 for the piece 292.
[2025/12/03 19:06:15] Peer 1005 updated its view of Peer 1004's bitfield: fffffffffffffffffffffffffffffffffffffffffffffffffffffffffffffffffffffffff80000000000000000000000000000000000000000000000000000000000000000000000000000000000000000000000000000000000000000000000000000000000000000000000000000000000000000000000000000000000000000000000000000000000000000000000000000000000000000000000000000000000000000000000000000000000000000000000000000000000.
[2025/12/03 19:06:15] Peer 1005 received the 'have' message from Peer 1003 for the piece 290.
[2025/12/03 19:06:15] Peer 1005 updated its view of Peer 1003's bitfield: ffffffffffffffffffffffffffffffffffffffffffffffffffffffffffffffffffffffffe00000000000000000000000000000000000000000000000000000000000000000000000000000000000000000000000000000000000000000000000000000000000000000000000000000000000000000000000000000000000000000000000000000000000000000000000000000000000000000000000000000000000000000000000000000000000000000000000000000000000.
[2025/12/03 19:06:15] Peer 1005 received the 'have' message from Peer 1003 for the piece 291.
[2025/12/03 19:06:15] Peer 1005 updated its view of Peer 1003's bitfield: fffffffffffffffffffffffffffffffffffffffffffffffffffffffffffffffffffffffff00000000000000000000000000000000000000000000000000000000000000000000000000000000000000000000000000000000000000000000000000000000000000000000000000000000000000000000000000000000000000000000000000000000000000000000000000000000000000000000000000000000000000000000000000000000000000000000000000000000000.
[2025/12/03 19:06:15] Peer 1005 received the 'have' message from Peer 1004 for the piece 293.
[2025/12/03 19:06:15] Peer 1005 updated its view of Peer 1004's bitfield: fffffffffffffffffffffffffffffffffffffffffffffffffffffffffffffffffffffffffc0000000000000000000000000000000000000000000000000000000000000000000000000000000000000000000000000000000000000000000000000000000000000000000000000000000000000000000000000000000000000000000000000000000000000000000000000000000000000000000000000000000000000000000000000000000000000000000000000000000000.
[2025/12/03 19:06:15] Peer 1005 received the 'have' message from Peer 1003 for the piece 292.
[2025/12/03 19:06:15] Peer 1005 updated its view of Peer 1003's bitfield: fffffffffffffffffffffffffffffffffffffffffffffffffffffffffffffffffffffffff80000000000000000000000000000000000000000000000000000000000000000000000000000000000000000000000000000000000000000000000000000000000000000000000000000000000000000000000000000000000000000000000000000000000000000000000000000000000000000000000000000000000000000000000000000000000000000000000000000000000.
[2025/12/03 19:06:15] Peer 1005 received the 'have' message from Peer 1004 for the piece 294.
[2025/12/03 19:06:15] Peer 1005 updated its view of Peer 1004's bitfield: fffffffffffffffffffffffffffffffffffffffffffffffffffffffffffffffffffffffffe0000000000000000000000000000000000000000000000000000000000000000000000000000000000000000000000000000000000000000000000000000000000000000000000000000000000000000000000000000000000000000000000000000000000000000000000000000000000000000000000000000000000000000000000000000000000000000000000000000000000.
[2025/12/03 19:06:15] Peer 1005 received the 'have' message from Peer 1003 for the piece 293.
[2025/12/03 19:06:15] Peer 1005 updated its view of Peer 1003's bitfield: fffffffffffffffffffffffffffffffffffffffffffffffffffffffffffffffffffffffffc0000000000000000000000000000000000000000000000000000000000000000000000000000000000000000000000000000000000000000000000000000000000000000000000000000000000000000000000000000000000000000000000000000000000000000000000000000000000000000000000000000000000000000000000000000000000000000000000000000000000.
[2025/12/03 19:06:15] Peer 1005 received the 'have' message from Peer 1003 for the piece 294.
[2025/12/03 19:06:15] Peer 1005 updated its view of Peer 1003's bitfield: fffffffffffffffffffffffffffffffffffffffffffffffffffffffffffffffffffffffffe0000000000000000000000000000000000000000000000000000000000000000000000000000000000000000000000000000000000000000000000000000000000000000000000000000000000000000000000000000000000000000000000000000000000000000000000000000000000000000000000000000000000000000000000000000000000000000000000000000000000.
[2025/12/03 19:06:15] Peer 1005 received the 'have' message from Peer 1004 for the piece 295.
[2025/12/03 19:06:15] Peer 1005 updated its view of Peer 1004's bitfield: ffffffffffffffffffffffffffffffffffffffffffffffffffffffffffffffffffffffffff0000000000000000000000000000000000000000000000000000000000000000000000000000000000000000000000000000000000000000000000000000000000000000000000000000000000000000000000000000000000000000000000000000000000000000000000000000000000000000000000000000000000000000000000000000000000000000000000000000000000.
[2025/12/03 19:06:15] Peer 1005 received the 'have' message from Peer 1003 for the piece 295.
[2025/12/03 19:06:15] Peer 1005 updated its view of Peer 1003's bitfield: ffffffffffffffffffffffffffffffffffffffffffffffffffffffffffffffffffffffffff0000000000000000000000000000000000000000000000000000000000000000000000000000000000000000000000000000000000000000000000000000000000000000000000000000000000000000000000000000000000000000000000000000000000000000000000000000000000000000000000000000000000000000000000000000000000000000000000000000000000.
[2025/12/03 19:06:15] Peer 1005 received the 'have' message from Peer 1004 for the piece 296.
[2025/12/03 19:06:15] Peer 1005 updated its view of Peer 1004's bitfield: ffffffffffffffffffffffffffffffffffffffffffffffffffffffffffffffffffffffffff8000000000000000000000000000000000000000000000000000000000000000000000000000000000000000000000000000000000000000000000000000000000000000000000000000000000000000000000000000000000000000000000000000000000000000000000000000000000000000000000000000000000000000000000000000000000000000000000000000000000.
[2025/12/03 19:06:15] Peer 1005 received the 'have' message from Peer 1004 for the piece 297.
[2025/12/03 19:06:15] Peer 1005 updated its view of Peer 1004's bitfield: ffffffffffffffffffffffffffffffffffffffffffffffffffffffffffffffffffffffffffc000000000000000000000000000000000000000000000000000000000000000000000000000000000000000000000000000000000000000000000000000000000000000000000000000000000000000000000000000000000000000000000000000000000000000000000000000000000000000000000000000000000000000000000000000000000000000000000000000000000.
[2025/12/03 19:06:15] Peer 1005 received the 'have' message from Peer 1003 for the piece 296.
[2025/12/03 19:06:15] Peer 1005 updated its view of Peer 1003's bitfield: ffffffffffffffffffffffffffffffffffffffffffffffffffffffffffffffffffffffffff8000000000000000000000000000000000000000000000000000000000000000000000000000000000000000000000000000000000000000000000000000000000000000000000000000000000000000000000000000000000000000000000000000000000000000000000000000000000000000000000000000000000000000000000000000000000000000000000000000000000.
[2025/12/03 19:06:15] Peer 1005 received the 'have' message from Peer 1004 for the piece 298.
[2025/12/03 19:06:15] Peer 1005 updated its view of Peer 1004's bitfield: ffffffffffffffffffffffffffffffffffffffffffffffffffffffffffffffffffffffffffe000000000000000000000000000000000000000000000000000000000000000000000000000000000000000000000000000000000000000000000000000000000000000000000000000000000000000000000000000000000000000000000000000000000000000000000000000000000000000000000000000000000000000000000000000000000000000000000000000000000.
[2025/12/03 19:06:15] Peer 1005 received the 'have' message from Peer 1003 for the piece 297.
[2025/12/03 19:06:15] Peer 1005 updated its view of Peer 1003's bitfield: ffffffffffffffffffffffffffffffffffffffffffffffffffffffffffffffffffffffffffc000000000000000000000000000000000000000000000000000000000000000000000000000000000000000000000000000000000000000000000000000000000000000000000000000000000000000000000000000000000000000000000000000000000000000000000000000000000000000000000000000000000000000000000000000000000000000000000000000000000.
[2025/12/03 19:06:15] Peer 1005 is unchoked by Peer 1003.
[2025/12/03 19:06:15] Peer 1005 sent 'request' for piece 256 to Peer 1003.
[2025/12/03 19:06:15] Peer 1005 has downloaded the piece 256 from Peer 1003. Now the number of pieces it has is 3.
[2025/12/03 19:06:15] Peer 1005 sent the 'have' message to Peer 1003 for the piece 256.
[2025/12/03 19:06:15] Peer 1005 sent the 'have' message to Peer 1004 for the piece 256.
[2025/12/03 19:06:15] Peer 1005 sent 'request' for piece 257 to Peer 1003.
[2025/12/03 19:06:15] Peer 1005 received the 'have' message from Peer 1004 for the piece 299.
[2025/12/03 19:06:15] Peer 1005 updated its view of Peer 1004's bitfield: fffffffffffffffffffffffffffffffffffffffffffffffffffffffffffffffffffffffffff000000000000000000000000000000000000000000000000000000000000000000000000000000000000000000000000000000000000000000000000000000000000000000000000000000000000000000000000000000000000000000000000000000000000000000000000000000000000000000000000000000000000000000000000000000000000000000000000000000000.
[2025/12/03 19:06:15] Peer 1005 received the 'not interested' message from Peer 1003.
[2025/12/03 19:06:15] Peer 1005 received the 'have' message from Peer 1003 for the piece 298.
[2025/12/03 19:06:15] Peer 1005 updated its view of Peer 1003's bitfield: ffffffffffffffffffffffffffffffffffffffffffffffffffffffffffffffffffffffffffe000000000000000000000000000000000000000000000000000000000000000000000000000000000000000000000000000000000000000000000000000000000000000000000000000000000000000000000000000000000000000000000000000000000000000000000000000000000000000000000000000000000000000000000000000000000000000000000000000000000.
[2025/12/03 19:06:15] Peer 1005 sent 'request' for piece 258 to Peer 1003.
[2025/12/03 19:06:15] Peer 1005 has downloaded the piece 257 from Peer 1003. Now the number of pieces it has is 4.
[2025/12/03 19:06:15] Peer 1005 sent the 'have' message to Peer 1003 for the piece 257.
[2025/12/03 19:06:15] Peer 1005 sent the 'have' message to Peer 1004 for the piece 257.
[2025/12/03 19:06:15] Peer 1005 sent 'request' for piece 259 to Peer 1003.
[2025/12/03 19:06:15] Peer 1005 has downloaded the piece 258 from Peer 1003. Now the number of pieces it has is 5.
[2025/12/03 19:06:15] Peer 1005 sent the 'have' message to Peer 1003 for the piece 258.
[2025/12/03 19:06:15] Peer 1005 sent the 'have' message to Peer 1004 for the piece 258.
[2025/12/03 19:06:15] Peer 1005 sent 'request' for piece 260 to Peer 1003.
[2025/12/03 19:06:15] Peer 1005 received the 'have' message from Peer 1004 for the piece 300.
[2025/12/03 19:06:15] Peer 1005 received the 'have' message from Peer 1003 for the piece 299.
[2025/12/03 19:06:15] Peer 1005 updated its view of Peer 1004's bitfield: fffffffffffffffffffffffffffffffffffffffffffffffffffffffffffffffffffffffffff800000000000000000000000000000000000000000000000000000000000000000000000000000000000000000000000000000000000000000000000000000000000000000000000000000000000000000000000000000000000000000000000000000000000000000000000000000000000000000000000000000000000000000000000000000000000000000000000000000000.
[2025/12/03 19:06:15] Peer 1005 updated its view of Peer 1003's bitfield: fffffffffffffffffffffffffffffffffffffffffffffffffffffffffffffffffffffffffff000000000000000000000000000000000000000000000000000000000000000000000000000000000000000000000000000000000000000000000000000000000000000000000000000000000000000000000000000000000000000000000000000000000000000000000000000000000000000000000000000000000000000000000000000000000000000000000000000000000.
[2025/12/03 19:06:15] Peer 1005 sent 'request' for piece 261 to Peer 1003.
[2025/12/03 19:06:15] Peer 1005 has downloaded the piece 259 from Peer 1003. Now the number of pieces it has is 6.
[2025/12/03 19:06:15] Peer 1005 sent the 'have' message to Peer 1003 for the piece 259.
[2025/12/03 19:06:15] Peer 1005 sent the 'have' message to Peer 1004 for the piece 259.
[2025/12/03 19:06:15] Peer 1005 sent 'request' for piece 262 to Peer 1003.
[2025/12/03 19:06:15] Peer 1005 has downloaded the piece 260 from Peer 1003. Now the number of pieces it has is 7.
[2025/12/03 19:06:15] Peer 1005 sent the 'have' message to Peer 1003 for the piece 260.
[2025/12/03 19:06:15] Peer 1005 sent the 'have' message to Peer 1004 for the piece 260.
[2025/12/03 19:06:15] Peer 1005 sent 'request' for piece 263 to Peer 1003.
[2025/12/03 19:06:15] Peer 1005 received the 'have' message from Peer 1004 for the piece 301.
[2025/12/03 19:06:15] Peer 1005 updated its view of Peer 1004's bitfield: fffffffffffffffffffffffffffffffffffffffffffffffffffffffffffffffffffffffffffc00000000000000000000000000000000000000000000000000000000000000000000000000000000000000000000000000000000000000000000000000000000000000000000000000000000000000000000000000000000000000000000000000000000000000000000000000000000000000000000000000000000000000000000000000000000000000000000000000000000.
[2025/12/03 19:06:15] Peer 1005 received the 'have' message from Peer 1003 for the piece 300.
[2025/12/03 19:06:16] Peer 1005 updated its view of Peer 1003's bitfield: fffffffffffffffffffffffffffffffffffffffffffffffffffffffffffffffffffffffffff800000000000000000000000000000000000000000000000000000000000000000000000000000000000000000000000000000000000000000000000000000000000000000000000000000000000000000000000000000000000000000000000000000000000000000000000000000000000000000000000000000000000000000000000000000000000000000000000000000000.
[2025/12/03 19:06:16] Peer 1005 sent 'request' for piece 264 to Peer 1003.
[2025/12/03 19:06:16] Peer 1005 has downloaded the piece 261 from Peer 1003. Now the number of pieces it has is 8.
[2025/12/03 19:06:16] Peer 1005 sent the 'have' message to Peer 1003 for the piece 261.
[2025/12/03 19:06:16] Peer 1005 sent the 'have' message to Peer 1004 for the piece 261.
[2025/12/03 19:06:16] Peer 1005 sent 'request' for piece 265 to Peer 1003.
[2025/12/03 19:06:16] Peer 1005 has downloaded the piece 262 from Peer 1003. Now the number of pieces it has is 9.
[2025/12/03 19:06:16] Peer 1005 sent the 'have' message to Peer 1003 for the piece 262.
[2025/12/03 19:06:16] Peer 1005 sent the 'have' message to Peer 1004 for the piece 262.
[2025/12/03 19:06:16] Peer 1005 sent 'request' for piece 266 to Peer 1003.
[2025/12/03 19:06:16] Peer 1005 has downloaded the piece 263 from Peer 1003. Now the number of pieces it has is 10.
[2025/12/03 19:06:16] Peer 1005 sent the 'have' message to Peer 1003 for the piece 263.
[2025/12/03 19:06:16] Peer 1005 sent the 'have' message to Peer 1004 for the piece 263.
[2025/12/03 19:06:16] Peer 1005 sent 'request' for piece 267 to Peer 1003.
[2025/12/03 19:06:16] Peer 1005 has downloaded the piece 264 from Peer 1003. Now the number of pieces it has is 11.
[2025/12/03 19:06:16] Peer 1005 sent the 'have' message to Peer 1003 for the piece 264.
[2025/12/03 19:06:16] Peer 1005 sent the 'have' message to Peer 1004 for the piece 264.
[2025/12/03 19:06:16] Peer 1005 sent 'request' for piece 268 to Peer 1003.
[2025/12/03 19:06:16] Peer 1005 received the 'have' message from Peer 1004 for the piece 302.
[2025/12/03 19:06:16] Peer 1005 updated its view of Peer 1004's bitfield: fffffffffffffffffffffffffffffffffffffffffffffffffffffffffffffffffffffffffffe00000000000000000000000000000000000000000000000000000000000000000000000000000000000000000000000000000000000000000000000000000000000000000000000000000000000000000000000000000000000000000000000000000000000000000000000000000000000000000000000000000000000000000000000000000000000000000000000000000000.
[2025/12/03 19:06:16] Peer 1005 has downloaded the piece 265 from Peer 1003. Now the number of pieces it has is 12.
[2025/12/03 19:06:16] Peer 1005 sent the 'have' message to Peer 1003 for the piece 265.
[2025/12/03 19:06:16] Peer 1005 sent the 'have' message to Peer 1004 for the piece 265.
[2025/12/03 19:06:16] Peer 1005 sent 'request' for piece 269 to Peer 1003.
[2025/12/03 19:06:16] Peer 1005 received the 'have' message from Peer 1003 for the piece 301.
[2025/12/03 19:06:16] Peer 1005 updated its view of Peer 1003's bitfield: fffffffffffffffffffffffffffffffffffffffffffffffffffffffffffffffffffffffffffc00000000000000000000000000000000000000000000000000000000000000000000000000000000000000000000000000000000000000000000000000000000000000000000000000000000000000000000000000000000000000000000000000000000000000000000000000000000000000000000000000000000000000000000000000000000000000000000000000000000.
[2025/12/03 19:06:16] Peer 1005 sent 'request' for piece 270 to Peer 1003.
[2025/12/03 19:06:16] Peer 1005 has downloaded the piece 266 from Peer 1003. Now the number of pieces it has is 13.
[2025/12/03 19:06:16] Peer 1005 received the 'have' message from Peer 1004 for the piece 303.
[2025/12/03 19:06:16] Peer 1005 sent the 'have' message to Peer 1003 for the piece 266.
[2025/12/03 19:06:16] Peer 1005 updated its view of Peer 1004's bitfield: ffffffffffffffffffffffffffffffffffffffffffffffffffffffffffffffffffffffffffff00000000000000000000000000000000000000000000000000000000000000000000000000000000000000000000000000000000000000000000000000000000000000000000000000000000000000000000000000000000000000000000000000000000000000000000000000000000000000000000000000000000000000000000000000000000000000000000000000000000.
[2025/12/03 19:06:16] Peer 1005 sent the 'have' message to Peer 1004 for the piece 266.
[2025/12/03 19:06:16] Peer 1005 sent 'request' for piece 271 to Peer 1003.
[2025/12/03 19:06:16] Peer 1005 has downloaded the piece 267 from Peer 1003. Now the number of pieces it has is 14.
[2025/12/03 19:06:16] Peer 1005 sent the 'have' message to Peer 1003 for the piece 267.
[2025/12/03 19:06:16] Peer 1005 sent the 'have' message to Peer 1004 for the piece 267.
[2025/12/03 19:06:16] Peer 1005 sent 'request' for piece 272 to Peer 1003.
[2025/12/03 19:06:16] Peer 1005 has downloaded the piece 268 from Peer 1003. Now the number of pieces it has is 15.
[2025/12/03 19:06:16] Peer 1005 sent the 'have' message to Peer 1003 for the piece 268.
[2025/12/03 19:06:16] Peer 1005 sent the 'have' message to Peer 1004 for the piece 268.
[2025/12/03 19:06:16] Peer 1005 sent 'request' for piece 273 to Peer 1003.
[2025/12/03 19:06:16] Peer 1005 received the 'have' message from Peer 1003 for the piece 302.
[2025/12/03 19:06:16] Peer 1005 updated its view of Peer 1003's bitfield: fffffffffffffffffffffffffffffffffffffffffffffffffffffffffffffffffffffffffffe00000000000000000000000000000000000000000000000000000000000000000000000000000000000000000000000000000000000000000000000000000000000000000000000000000000000000000000000000000000000000000000000000000000000000000000000000000000000000000000000000000000000000000000000000000000000000000000000000000000.
[2025/12/03 19:06:16] Peer 1005 sent 'request' for piece 274 to Peer 1003.
[2025/12/03 19:06:16] Peer 1005 received the 'have' message from Peer 1003 for the piece 303.
[2025/12/03 19:06:16] Peer 1005 updated its view of Peer 1003's bitfield: ffffffffffffffffffffffffffffffffffffffffffffffffffffffffffffffffffffffffffff00000000000000000000000000000000000000000000000000000000000000000000000000000000000000000000000000000000000000000000000000000000000000000000000000000000000000000000000000000000000000000000000000000000000000000000000000000000000000000000000000000000000000000000000000000000000000000000000000000000.
[2025/12/03 19:06:16] Peer 1005 sent 'request' for piece 275 to Peer 1003.
[2025/12/03 19:06:16] Peer 1005 has downloaded the piece 269 from Peer 1003. Now the number of pieces it has is 16.
[2025/12/03 19:06:16] Peer 1005 sent the 'have' message to Peer 1003 for the piece 269.
[2025/12/03 19:06:16] Peer 1005 sent the 'have' message to Peer 1004 for the piece 269.
[2025/12/03 19:06:16] Peer 1005 sent 'request' for piece 276 to Peer 1003.
[2025/12/03 19:06:16] Peer 1005 has downloaded the piece 270 from Peer 1003. Now the number of pieces it has is 17.
[2025/12/03 19:06:16] Peer 1005 sent the 'have' message to Peer 1003 for the piece 270.
[2025/12/03 19:06:16] Peer 1005 sent the 'have' message to Peer 1004 for the piece 270.
[2025/12/03 19:06:16] Peer 1005 sent 'request' for piece 277 to Peer 1003.
[2025/12/03 19:06:16] Peer 1005 has downloaded the piece 271 from Peer 1003. Now the number of pieces it has is 18.
[2025/12/03 19:06:16] Peer 1005 sent the 'have' message to Peer 1003 for the piece 271.
[2025/12/03 19:06:16] Peer 1005 sent the 'have' message to Peer 1004 for the piece 271.
[2025/12/03 19:06:16] Peer 1005 sent 'request' for piece 278 to Peer 1003.
[2025/12/03 19:06:16] Peer 1005 has downloaded the piece 272 from Peer 1003. Now the number of pieces it has is 19.
[2025/12/03 19:06:16] Peer 1005 sent the 'have' message to Peer 1003 for the piece 272.
[2025/12/03 19:06:16] Peer 1005 sent the 'have' message to Peer 1004 for the piece 272.
[2025/12/03 19:06:16] Peer 1005 sent 'request' for piece 279 to Peer 1003.
[2025/12/03 19:06:16] Peer 1005 has downloaded the piece 273 from Peer 1003. Now the number of pieces it has is 20.
[2025/12/03 19:06:16] Peer 1005 sent the 'have' message to Peer 1003 for the piece 273.
[2025/12/03 19:06:16] Peer 1005 sent the 'have' message to Peer 1004 for the piece 273.
[2025/12/03 19:06:16] Peer 1005 sent 'request' for piece 280 to Peer 1003.
[2025/12/03 19:06:16] Peer 1005 has downloaded the piece 274 from Peer 1003. Now the number of pieces it has is 21.
[2025/12/03 19:06:16] Peer 1005 sent the 'have' message to Peer 1003 for the piece 274.
[2025/12/03 19:06:16] Peer 1005 sent the 'have' message to Peer 1004 for the piece 274.
[2025/12/03 19:06:16] Peer 1005 sent 'request' for piece 281 to Peer 1003.
[2025/12/03 19:06:16] Peer 1005 has downloaded the piece 275 from Peer 1003. Now the number of pieces it has is 22.
[2025/12/03 19:06:16] Peer 1005 sent the 'have' message to Peer 1003 for the piece 275.
[2025/12/03 19:06:16] Peer 1005 received the 'have' message from Peer 1004 for the piece 304.
[2025/12/03 19:06:16] Peer 1005 sent the 'have' message to Peer 1004 for the piece 275.
[2025/12/03 19:06:16] Peer 1005 updated its view of Peer 1004's bitfield: ffffffffffffffffffffffffffffffffffffffffffffffffffffffffffffffffffffffffffff80000000000000000000000000000000000000000000000000000000000000000000000000000000000000000000000000000000000000000000000000000000000000000000000000000000000000000000000000000000000000000000000000000000000000000000000000000000000000000000000000000000000000000000000000000000000000000000000000000000.
[2025/12/03 19:06:16] Peer 1005 sent 'request' for piece 282 to Peer 1003.
[2025/12/03 19:06:16] Peer 1005 has downloaded the piece 276 from Peer 1003. Now the number of pieces it has is 23.
[2025/12/03 19:06:16] Peer 1005 sent the 'have' message to Peer 1003 for the piece 276.
[2025/12/03 19:06:16] Peer 1005 sent the 'have' message to Peer 1004 for the piece 276.
[2025/12/03 19:06:16] Peer 1005 sent 'request' for piece 283 to Peer 1003.
[2025/12/03 19:06:16] Peer 1005 has downloaded the piece 277 from Peer 1003. Now the number of pieces it has is 24.
[2025/12/03 19:06:16] Peer 1005 sent the 'have' message to Peer 1003 for the piece 277.
[2025/12/03 19:06:16] Peer 1005 sent the 'have' message to Peer 1004 for the piece 277.
[2025/12/03 19:06:16] Peer 1005 sent 'request' for piece 284 to Peer 1003.
[2025/12/03 19:06:16] Peer 1005 received the 'have' message from Peer 1004 for the piece 305.
[2025/12/03 19:06:16] Peer 1005 updated its view of Peer 1004's bitfield: ffffffffffffffffffffffffffffffffffffffffffffffffffffffffffffffffffffffffffffc0000000000000000000000000000000000000000000000000000000000000000000000000000000000000000000000000000000000000000000000000000000000000000000000000000000000000000000000000000000000000000000000000000000000000000000000000000000000000000000000000000000000000000000000000000000000000000000000000000000.
[2025/12/03 19:06:16] Peer 1005 has downloaded the piece 278 from Peer 1003. Now the number of pieces it has is 25.
[2025/12/03 19:06:16] Peer 1005 sent the 'have' message to Peer 1003 for the piece 278.
[2025/12/03 19:06:16] Peer 1005 sent the 'have' message to Peer 1004 for the piece 278.
[2025/12/03 19:06:16] Peer 1005 sent 'request' for piece 285 to Peer 1003.
[2025/12/03 19:06:16] Peer 1005 has downloaded the piece 279 from Peer 1003. Now the number of pieces it has is 26.
[2025/12/03 19:06:16] Peer 1005 sent the 'have' message to Peer 1003 for the piece 279.
[2025/12/03 19:06:16] Peer 1005 sent the 'have' message to Peer 1004 for the piece 279.
[2025/12/03 19:06:16] Peer 1005 sent 'request' for piece 286 to Peer 1003.
[2025/12/03 19:06:16] Peer 1005 received the 'have' message from Peer 1003 for the piece 304.
[2025/12/03 19:06:16] Peer 1005 updated its view of Peer 1003's bitfield: ffffffffffffffffffffffffffffffffffffffffffffffffffffffffffffffffffffffffffff80000000000000000000000000000000000000000000000000000000000000000000000000000000000000000000000000000000000000000000000000000000000000000000000000000000000000000000000000000000000000000000000000000000000000000000000000000000000000000000000000000000000000000000000000000000000000000000000000000000.
[2025/12/03 19:06:16] Peer 1005 sent 'request' for piece 287 to Peer 1003.
[2025/12/03 19:06:16] Peer 1005 received the 'have' message from Peer 1003 for the piece 305.
[2025/12/03 19:06:16] Peer 1005 updated its view of Peer 1003's bitfield: ffffffffffffffffffffffffffffffffffffffffffffffffffffffffffffffffffffffffffffc0000000000000000000000000000000000000000000000000000000000000000000000000000000000000000000000000000000000000000000000000000000000000000000000000000000000000000000000000000000000000000000000000000000000000000000000000000000000000000000000000000000000000000000000000000000000000000000000000000000.
[2025/12/03 19:06:16] Peer 1005 sent 'request' for piece 288 to Peer 1003.
[2025/12/03 19:06:16] Peer 1005 received the 'have' message from Peer 1004 for the piece 306.
[2025/12/03 19:06:16] Peer 1005 updated its view of Peer 1004's bitfield: ffffffffffffffffffffffffffffffffffffffffffffffffffffffffffffffffffffffffffffe0000000000000000000000000000000000000000000000000000000000000000000000000000000000000000000000000000000000000000000000000000000000000000000000000000000000000000000000000000000000000000000000000000000000000000000000000000000000000000000000000000000000000000000000000000000000000000000000000000000.
[2025/12/03 19:06:16] Peer 1005 has downloaded the piece 280 from Peer 1003. Now the number of pieces it has is 27.
[2025/12/03 19:06:16] Peer 1005 sent the 'have' message to Peer 1003 for the piece 280.
[2025/12/03 19:06:16] Peer 1005 sent the 'have' message to Peer 1004 for the piece 280.
[2025/12/03 19:06:16] Peer 1005 sent 'request' for piece 289 to Peer 1003.
[2025/12/03 19:06:16] Peer 1005 has downloaded the piece 281 from Peer 1003. Now the number of pieces it has is 28.
[2025/12/03 19:06:16] Peer 1005 sent the 'have' message to Peer 1003 for the piece 281.
[2025/12/03 19:06:16] Peer 1005 sent the 'have' message to Peer 1004 for the piece 281.
[2025/12/03 19:06:16] Peer 1005 sent 'request' for piece 290 to Peer 1003.
[2025/12/03 19:06:16] Peer 1005 received the 'have' message from Peer 1004 for the piece 307.
[2025/12/03 19:06:16] Peer 1005 updated its view of Peer 1004's bitfield: fffffffffffffffffffffffffffffffffffffffffffffffffffffffffffffffffffffffffffff0000000000000000000000000000000000000000000000000000000000000000000000000000000000000000000000000000000000000000000000000000000000000000000000000000000000000000000000000000000000000000000000000000000000000000000000000000000000000000000000000000000000000000000000000000000000000000000000000000000.
[2025/12/03 19:06:16] Peer 1005 has downloaded the piece 282 from Peer 1003. Now the number of pieces it has is 29.
[2025/12/03 19:06:16] Peer 1005 sent the 'have' message to Peer 1003 for the piece 282.
[2025/12/03 19:06:16] Peer 1005 sent the 'have' message to Peer 1004 for the piece 282.
[2025/12/03 19:06:16] Peer 1005 sent 'request' for piece 291 to Peer 1003.
[2025/12/03 19:06:16] Peer 1005 received the 'have' message from Peer 1003 for the piece 306.
[2025/12/03 19:06:16] Peer 1005 updated its view of Peer 1003's bitfield: ffffffffffffffffffffffffffffffffffffffffffffffffffffffffffffffffffffffffffffe0000000000000000000000000000000000000000000000000000000000000000000000000000000000000000000000000000000000000000000000000000000000000000000000000000000000000000000000000000000000000000000000000000000000000000000000000000000000000000000000000000000000000000000000000000000000000000000000000000000.
[2025/12/03 19:06:16] Peer 1005 sent 'request' for piece 292 to Peer 1003.
[2025/12/03 19:06:16] Peer 1005 has downloaded the piece 283 from Peer 1003. Now the number of pieces it has is 30.
[2025/12/03 19:06:16] Peer 1005 sent the 'have' message to Peer 1003 for the piece 283.
[2025/12/03 19:06:16] Peer 1005 sent the 'have' message to Peer 1004 for the piece 283.
[2025/12/03 19:06:16] Peer 1005 sent 'request' for piece 293 to Peer 1003.
[2025/12/03 19:06:16] Peer 1005 received the 'have' message from Peer 1003 for the piece 307.
[2025/12/03 19:06:16] Peer 1005 updated its view of Peer 1003's bitfield: fffffffffffffffffffffffffffffffffffffffffffffffffffffffffffffffffffffffffffff0000000000000000000000000000000000000000000000000000000000000000000000000000000000000000000000000000000000000000000000000000000000000000000000000000000000000000000000000000000000000000000000000000000000000000000000000000000000000000000000000000000000000000000000000000000000000000000000000000000.
[2025/12/03 19:06:16] Peer 1005 sent 'request' for piece 294 to Peer 1003.
[2025/12/03 19:06:16] Peer 1005 received the 'have' message from Peer 1004 for the piece 308.
[2025/12/03 19:06:16] Peer 1005 updated its view of Peer 1004's bitfield: fffffffffffffffffffffffffffffffffffffffffffffffffffffffffffffffffffffffffffff8000000000000000000000000000000000000000000000000000000000000000000000000000000000000000000000000000000000000000000000000000000000000000000000000000000000000000000000000000000000000000000000000000000000000000000000000000000000000000000000000000000000000000000000000000000000000000000000000000000.
[2025/12/03 19:06:16] Peer 1005 has downloaded the piece 284 from Peer 1003. Now the number of pieces it has is 31.
[2025/12/03 19:06:16] Peer 1005 sent the 'have' message to Peer 1003 for the piece 284.
[2025/12/03 19:06:16] Peer 1005 sent the 'have' message to Peer 1004 for the piece 284.
[2025/12/03 19:06:16] Peer 1005 sent 'request' for piece 295 to Peer 1003.
[2025/12/03 19:06:16] Peer 1005 has downloaded the piece 285 from Peer 1003. Now the number of pieces it has is 32.
[2025/12/03 19:06:16] Peer 1005 sent the 'have' message to Peer 1003 for the piece 285.
[2025/12/03 19:06:16] Peer 1005 sent the 'have' message to Peer 1004 for the piece 285.
[2025/12/03 19:06:16] Peer 1005 sent 'request' for piece 296 to Peer 1003.
[2025/12/03 19:06:16] Peer 1005 has downloaded the piece 286 from Peer 1003. Now the number of pieces it has is 33.
[2025/12/03 19:06:16] Peer 1005 sent the 'have' message to Peer 1003 for the piece 286.
[2025/12/03 19:06:16] Peer 1005 sent the 'have' message to Peer 1004 for the piece 286.
[2025/12/03 19:06:16] Peer 1005 sent 'request' for piece 297 to Peer 1003.
[2025/12/03 19:06:16] Peer 1005 received the 'have' message from Peer 1003 for the piece 308.
[2025/12/03 19:06:16] Peer 1005 updated its view of Peer 1003's bitfield: fffffffffffffffffffffffffffffffffffffffffffffffffffffffffffffffffffffffffffff8000000000000000000000000000000000000000000000000000000000000000000000000000000000000000000000000000000000000000000000000000000000000000000000000000000000000000000000000000000000000000000000000000000000000000000000000000000000000000000000000000000000000000000000000000000000000000000000000000000.
[2025/12/03 19:06:16] Peer 1005 sent 'request' for piece 298 to Peer 1003.
[2025/12/03 19:06:16] Peer 1005 has downloaded the piece 287 from Peer 1003. Now the number of pieces it has is 34.
[2025/12/03 19:06:16] Peer 1005 sent the 'have' message to Peer 1003 for the piece 287.
[2025/12/03 19:06:16] Peer 1005 sent the 'have' message to Peer 1004 for the piece 287.
[2025/12/03 19:06:16] Peer 1005 sent 'request' for piece 299 to Peer 1003.
[2025/12/03 19:06:16] Peer 1005 has downloaded the piece 288 from Peer 1003. Now the number of pieces it has is 35.
[2025/12/03 19:06:16] Peer 1005 sent the 'have' message to Peer 1003 for the piece 288.
[2025/12/03 19:06:16] Peer 1005 sent the 'have' message to Peer 1004 for the piece 288.
[2025/12/03 19:06:16] Peer 1005 sent 'request' for piece 300 to Peer 1003.
[2025/12/03 19:06:16] Peer 1005 received the 'have' message from Peer 1004 for the piece 309.
[2025/12/03 19:06:16] Peer 1005 updated its view of Peer 1004's bitfield: fffffffffffffffffffffffffffffffffffffffffffffffffffffffffffffffffffffffffffffc000000000000000000000000000000000000000000000000000000000000000000000000000000000000000000000000000000000000000000000000000000000000000000000000000000000000000000000000000000000000000000000000000000000000000000000000000000000000000000000000000000000000000000000000000000000000000000000000000000.
[2025/12/03 19:06:16] Peer 1005 has downloaded the piece 289 from Peer 1003. Now the number of pieces it has is 36.
[2025/12/03 19:06:16] Peer 1005 sent the 'have' message to Peer 1003 for the piece 289.
[2025/12/03 19:06:16] Peer 1005 sent the 'have' message to Peer 1004 for the piece 289.
[2025/12/03 19:06:16] Peer 1005 sent 'request' for piece 301 to Peer 1003.
[2025/12/03 19:06:16] Peer 1005 has downloaded the piece 290 from Peer 1003. Now the number of pieces it has is 37.
[2025/12/03 19:06:16] Peer 1005 sent the 'have' message to Peer 1003 for the piece 290.
[2025/12/03 19:06:16] Peer 1005 sent the 'have' message to Peer 1004 for the piece 290.
[2025/12/03 19:06:16] Peer 1005 sent 'request' for piece 302 to Peer 1003.
[2025/12/03 19:06:16] Peer 1005 received the 'have' message from Peer 1004 for the piece 310.
[2025/12/03 19:06:16] Peer 1005 updated its view of Peer 1004's bitfield: fffffffffffffffffffffffffffffffffffffffffffffffffffffffffffffffffffffffffffffe000000000000000000000000000000000000000000000000000000000000000000000000000000000000000000000000000000000000000000000000000000000000000000000000000000000000000000000000000000000000000000000000000000000000000000000000000000000000000000000000000000000000000000000000000000000000000000000000000000.
[2025/12/03 19:06:16] Peer 1005 has downloaded the piece 291 from Peer 1003. Now the number of pieces it has is 38.
[2025/12/03 19:06:16] Peer 1005 sent the 'have' message to Peer 1003 for the piece 291.
[2025/12/03 19:06:16] Peer 1005 sent the 'have' message to Peer 1004 for the piece 291.
[2025/12/03 19:06:16] Peer 1005 sent 'request' for piece 303 to Peer 1003.
[2025/12/03 19:06:16] Peer 1005 received the 'have' message from Peer 1003 for the piece 309.
[2025/12/03 19:06:16] Peer 1005 updated its view of Peer 1003's bitfield: fffffffffffffffffffffffffffffffffffffffffffffffffffffffffffffffffffffffffffffc000000000000000000000000000000000000000000000000000000000000000000000000000000000000000000000000000000000000000000000000000000000000000000000000000000000000000000000000000000000000000000000000000000000000000000000000000000000000000000000000000000000000000000000000000000000000000000000000000000.
[2025/12/03 19:06:16] Peer 1005 sent 'request' for piece 304 to Peer 1003.
[2025/12/03 19:06:16] Peer 1005 has downloaded the piece 292 from Peer 1003. Now the number of pieces it has is 39.
[2025/12/03 19:06:16] Peer 1005 sent the 'have' message to Peer 1003 for the piece 292.
[2025/12/03 19:06:16] Peer 1005 sent the 'have' message to Peer 1004 for the piece 292.
[2025/12/03 19:06:17] Peer 1005 sent 'request' for piece 305 to Peer 1003.
[2025/12/03 19:06:17] Peer 1005 has downloaded the piece 293 from Peer 1003. Now the number of pieces it has is 40.
[2025/12/03 19:06:17] Peer 1005 received the 'have' message from Peer 1004 for the piece 311.
[2025/12/03 19:06:17] Peer 1005 sent the 'have' message to Peer 1003 for the piece 293.
[2025/12/03 19:06:17] Peer 1005 updated its view of Peer 1004's bitfield: ffffffffffffffffffffffffffffffffffffffffffffffffffffffffffffffffffffffffffffff000000000000000000000000000000000000000000000000000000000000000000000000000000000000000000000000000000000000000000000000000000000000000000000000000000000000000000000000000000000000000000000000000000000000000000000000000000000000000000000000000000000000000000000000000000000000000000000000000000.
[2025/12/03 19:06:17] Peer 1005 sent the 'have' message to Peer 1004 for the piece 293.
[2025/12/03 19:06:17] Peer 1005 sent 'request' for piece 306 to Peer 1003.
[2025/12/03 19:06:17] Peer 1005 received the 'have' message from Peer 1003 for the piece 310.
[2025/12/03 19:06:17] Peer 1005 updated its view of Peer 1003's bitfield: fffffffffffffffffffffffffffffffffffffffffffffffffffffffffffffffffffffffffffffe000000000000000000000000000000000000000000000000000000000000000000000000000000000000000000000000000000000000000000000000000000000000000000000000000000000000000000000000000000000000000000000000000000000000000000000000000000000000000000000000000000000000000000000000000000000000000000000000000000.
[2025/12/03 19:06:17] Peer 1005 sent 'request' for piece 307 to Peer 1003.
[2025/12/03 19:06:17] Peer 1005 received the 'have' message from Peer 1003 for the piece 311.
[2025/12/03 19:06:17] Peer 1005 updated its view of Peer 1003's bitfield: ffffffffffffffffffffffffffffffffffffffffffffffffffffffffffffffffffffffffffffff000000000000000000000000000000000000000000000000000000000000000000000000000000000000000000000000000000000000000000000000000000000000000000000000000000000000000000000000000000000000000000000000000000000000000000000000000000000000000000000000000000000000000000000000000000000000000000000000000000.
[2025/12/03 19:06:17] Peer 1005 sent 'request' for piece 308 to Peer 1003.
[2025/12/03 19:06:17] Peer 1005 has downloaded the piece 294 from Peer 1003. Now the number of pieces it has is 41.
[2025/12/03 19:06:17] Peer 1005 sent the 'have' message to Peer 1003 for the piece 294.
[2025/12/03 19:06:17] Peer 1005 sent the 'have' message to Peer 1004 for the piece 294.
[2025/12/03 19:06:17] Peer 1005 sent 'request' for piece 309 to Peer 1003.
[2025/12/03 19:06:17] Peer 1005 received the 'have' message from Peer 1004 for the piece 312.
[2025/12/03 19:06:17] Peer 1005 updated its view of Peer 1004's bitfield: ffffffffffffffffffffffffffffffffffffffffffffffffffffffffffffffffffffffffffffff800000000000000000000000000000000000000000000000000000000000000000000000000000000000000000000000000000000000000000000000000000000000000000000000000000000000000000000000000000000000000000000000000000000000000000000000000000000000000000000000000000000000000000000000000000000000000000000000000000.
[2025/12/03 19:06:17] Peer 1005 has downloaded the piece 295 from Peer 1003. Now the number of pieces it has is 42.
[2025/12/03 19:06:17] Peer 1005 sent the 'have' message to Peer 1003 for the piece 295.
[2025/12/03 19:06:17] Peer 1005 sent the 'have' message to Peer 1004 for the piece 295.
[2025/12/03 19:06:17] Peer 1005 sent 'request' for piece 310 to Peer 1003.
[2025/12/03 19:06:17] Peer 1005 has downloaded the piece 296 from Peer 1003. Now the number of pieces it has is 43.
[2025/12/03 19:06:17] Peer 1005 sent the 'have' message to Peer 1003 for the piece 296.
[2025/12/03 19:06:17] Peer 1005 sent the 'have' message to Peer 1004 for the piece 296.
[2025/12/03 19:06:17] Peer 1005 sent 'request' for piece 311 to Peer 1003.
[2025/12/03 19:06:17] Peer 1005 has downloaded the piece 297 from Peer 1003. Now the number of pieces it has is 44.
[2025/12/03 19:06:17] Peer 1005 sent the 'have' message to Peer 1003 for the piece 297.
[2025/12/03 19:06:17] Peer 1005 sent the 'have' message to Peer 1004 for the piece 297.
[2025/12/03 19:06:17] Peer 1005 received the 'have' message from Peer 1004 for the piece 313.
[2025/12/03 19:06:17] Peer 1005 updated its view of Peer 1004's bitfield: ffffffffffffffffffffffffffffffffffffffffffffffffffffffffffffffffffffffffffffffc00000000000000000000000000000000000000000000000000000000000000000000000000000000000000000000000000000000000000000000000000000000000000000000000000000000000000000000000000000000000000000000000000000000000000000000000000000000000000000000000000000000000000000000000000000000000000000000000000000.
[2025/12/03 19:06:17] Peer 1005 has downloaded the piece 298 from Peer 1003. Now the number of pieces it has is 45.
[2025/12/03 19:06:17] Peer 1005 sent the 'have' message to Peer 1003 for the piece 298.
[2025/12/03 19:06:17] Peer 1005 sent the 'have' message to Peer 1004 for the piece 298.
[2025/12/03 19:06:17] Peer 1005 received the 'have' message from Peer 1003 for the piece 312.
[2025/12/03 19:06:17] Peer 1005 updated its view of Peer 1003's bitfield: ffffffffffffffffffffffffffffffffffffffffffffffffffffffffffffffffffffffffffffff800000000000000000000000000000000000000000000000000000000000000000000000000000000000000000000000000000000000000000000000000000000000000000000000000000000000000000000000000000000000000000000000000000000000000000000000000000000000000000000000000000000000000000000000000000000000000000000000000000.
[2025/12/03 19:06:17] Peer 1005 sent 'request' for piece 312 to Peer 1003.
[2025/12/03 19:06:17] Peer 1005 has downloaded the piece 299 from Peer 1003. Now the number of pieces it has is 46.
[2025/12/03 19:06:17] Peer 1005 sent the 'have' message to Peer 1003 for the piece 299.
[2025/12/03 19:06:17] Peer 1005 sent the 'have' message to Peer 1004 for the piece 299.
[2025/12/03 19:06:17] Peer 1005 received the 'have' message from Peer 1004 for the piece 314.
[2025/12/03 19:06:17] Peer 1005 updated its view of Peer 1004's bitfield: ffffffffffffffffffffffffffffffffffffffffffffffffffffffffffffffffffffffffffffffe00000000000000000000000000000000000000000000000000000000000000000000000000000000000000000000000000000000000000000000000000000000000000000000000000000000000000000000000000000000000000000000000000000000000000000000000000000000000000000000000000000000000000000000000000000000000000000000000000000.
[2025/12/03 19:06:17] Peer 1005 has downloaded the piece 300 from Peer 1003. Now the number of pieces it has is 47.
[2025/12/03 19:06:17] Peer 1005 sent the 'have' message to Peer 1003 for the piece 300.
[2025/12/03 19:06:17] Peer 1005 sent the 'have' message to Peer 1004 for the piece 300.
[2025/12/03 19:06:17] Peer 1005 received the 'have' message from Peer 1003 for the piece 313.
[2025/12/03 19:06:17] Peer 1005 updated its view of Peer 1003's bitfield: ffffffffffffffffffffffffffffffffffffffffffffffffffffffffffffffffffffffffffffffc00000000000000000000000000000000000000000000000000000000000000000000000000000000000000000000000000000000000000000000000000000000000000000000000000000000000000000000000000000000000000000000000000000000000000000000000000000000000000000000000000000000000000000000000000000000000000000000000000000.
[2025/12/03 19:06:17] Peer 1005 sent 'request' for piece 313 to Peer 1003.
[2025/12/03 19:06:17] Peer 1005 has downloaded the piece 301 from Peer 1003. Now the number of pieces it has is 48.
[2025/12/03 19:06:17] Peer 1005 sent the 'have' message to Peer 1003 for the piece 301.
[2025/12/03 19:06:17] Peer 1005 sent the 'have' message to Peer 1004 for the piece 301.
[2025/12/03 19:06:17] Peer 1005 received the 'have' message from Peer 1004 for the piece 315.
[2025/12/03 19:06:17] Peer 1005 updated its view of Peer 1004's bitfield: fffffffffffffffffffffffffffffffffffffffffffffffffffffffffffffffffffffffffffffff00000000000000000000000000000000000000000000000000000000000000000000000000000000000000000000000000000000000000000000000000000000000000000000000000000000000000000000000000000000000000000000000000000000000000000000000000000000000000000000000000000000000000000000000000000000000000000000000000000.
[2025/12/03 19:06:17] Peer 1005 received the 'have' message from Peer 1003 for the piece 314.
[2025/12/03 19:06:17] Peer 1005 updated its view of Peer 1003's bitfield: ffffffffffffffffffffffffffffffffffffffffffffffffffffffffffffffffffffffffffffffe00000000000000000000000000000000000000000000000000000000000000000000000000000000000000000000000000000000000000000000000000000000000000000000000000000000000000000000000000000000000000000000000000000000000000000000000000000000000000000000000000000000000000000000000000000000000000000000000000000.
[2025/12/03 19:06:17] Peer 1005 sent 'request' for piece 314 to Peer 1003.
[2025/12/03 19:06:17] Peer 1005 is unchoked by Peer 1004.
[2025/12/03 19:06:17] Peer 1005 sent 'request' for piece 302 to Peer 1004.
[2025/12/03 19:06:17] Peer 1005 has downloaded the piece 302 from Peer 1003. Now the number of pieces it has is 49.
[2025/12/03 19:06:17] Peer 1005 sent the 'have' message to Peer 1003 for the piece 302.
[2025/12/03 19:06:17] Peer 1005 sent the 'have' message to Peer 1004 for the piece 302.
[2025/12/03 19:06:17] Peer 1005 sent 'request' for piece 303 to Peer 1004.
[2025/12/03 19:06:17] Peer 1005 received the 'have' message from Peer 1003 for the piece 315.
[2025/12/03 19:06:17] Peer 1005 updated its view of Peer 1003's bitfield: fffffffffffffffffffffffffffffffffffffffffffffffffffffffffffffffffffffffffffffff00000000000000000000000000000000000000000000000000000000000000000000000000000000000000000000000000000000000000000000000000000000000000000000000000000000000000000000000000000000000000000000000000000000000000000000000000000000000000000000000000000000000000000000000000000000000000000000000000000.
[2025/12/03 19:06:17] Peer 1005 sent 'request' for piece 315 to Peer 1003.
[2025/12/03 19:06:17] Peer 1005 has downloaded the piece 303 from Peer 1004. Now the number of pieces it has is 191.
[2025/12/03 19:06:17] Peer 1005 sent the 'have' message to Peer 1003 for the piece 303.
[2025/12/03 19:06:17] Peer 1005 sent the 'have' message to Peer 1004 for the piece 303.
[2025/12/03 19:06:17] Peer 1005 sent 'request' for piece 304 to Peer 1004.
[2025/12/03 19:06:17] Peer 1005 has downloaded the piece 304 from Peer 1004. Now the number of pieces it has is 192.
[2025/12/03 19:06:17] Peer 1005 sent the 'have' message to Peer 1003 for the piece 304.
[2025/12/03 19:06:17] Peer 1005 sent the 'have' message to Peer 1004 for the piece 304.
[2025/12/03 19:06:17] Peer 1005 sent 'request' for piece 305 to Peer 1004.
[2025/12/03 19:06:17] Peer 1005 has downloaded the piece 305 from Peer 1004. Now the number of pieces it has is 193.
[2025/12/03 19:06:17] Peer 1005 sent the 'have' message to Peer 1003 for the piece 305.
[2025/12/03 19:06:17] Peer 1005 sent the 'have' message to Peer 1004 for the piece 305.
[2025/12/03 19:06:17] Peer 1005 sent 'request' for piece 306 to Peer 1004.
[2025/12/03 19:06:17] Peer 1005 has downloaded the piece 306 from Peer 1004. Now the number of pieces it has is 194.
[2025/12/03 19:06:17] Peer 1005 sent the 'have' message to Peer 1003 for the piece 306.
[2025/12/03 19:06:17] Peer 1005 sent the 'have' message to Peer 1004 for the piece 306.
[2025/12/03 19:06:17] Peer 1005 sent 'request' for piece 307 to Peer 1004.
[2025/12/03 19:06:17] Peer 1005 has downloaded the piece 307 from Peer 1004. Now the number of pieces it has is 195.
[2025/12/03 19:06:17] Peer 1005 sent the 'have' message to Peer 1003 for the piece 307.
[2025/12/03 19:06:17] Peer 1005 sent the 'have' message to Peer 1004 for the piece 307.
[2025/12/03 19:06:17] Peer 1005 sent 'request' for piece 308 to Peer 1004.
[2025/12/03 19:06:17] Peer 1005 received the 'have' message from Peer 1004 for the piece 316.
[2025/12/03 19:06:17] Peer 1005 updated its view of Peer 1004's bitfield: fffffffffffffffffffffffffffffffffffffffffffffffffffffffffffffffffffffffffffffff80000000000000000000000000000000000000000000000000000000000000000000000000000000000000000000000000000000000000000000000000000000000000000000000000000000000000000000000000000000000000000000000000000000000000000000000000000000000000000000000000000000000000000000000000000000000000000000000000000.
[2025/12/03 19:06:17] Peer 1005 sent 'request' for piece 309 to Peer 1004.
[2025/12/03 19:06:17] Peer 1005 has downloaded the piece 308 from Peer 1004. Now the number of pieces it has is 196.
[2025/12/03 19:06:17] Peer 1005 sent the 'have' message to Peer 1003 for the piece 308.
[2025/12/03 19:06:17] Peer 1005 sent the 'have' message to Peer 1004 for the piece 308.
[2025/12/03 19:06:17] Peer 1005 sent 'request' for piece 310 to Peer 1004.
[2025/12/03 19:06:17] Peer 1005 has downloaded the piece 309 from Peer 1004. Now the number of pieces it has is 197.
[2025/12/03 19:06:17] Peer 1005 sent the 'have' message to Peer 1003 for the piece 309.
[2025/12/03 19:06:17] Peer 1005 sent the 'have' message to Peer 1004 for the piece 309.
[2025/12/03 19:06:17] Peer 1005 sent 'request' for piece 311 to Peer 1004.
[2025/12/03 19:06:17] Peer 1005 has downloaded the piece 310 from Peer 1004. Now the number of pieces it has is 198.
[2025/12/03 19:06:17] Peer 1005 sent the 'have' message to Peer 1003 for the piece 310.
[2025/12/03 19:06:17] Peer 1005 sent the 'have' message to Peer 1004 for the piece 310.
[2025/12/03 19:06:17] Peer 1005 sent 'request' for piece 312 to Peer 1004.
[2025/12/03 19:06:17] Peer 1005 has downloaded the piece 311 from Peer 1004. Now the number of pieces it has is 199.
[2025/12/03 19:06:17] Peer 1005 sent the 'have' message to Peer 1003 for the piece 311.
[2025/12/03 19:06:17] Peer 1005 sent the 'have' message to Peer 1004 for the piece 311.
[2025/12/03 19:06:17] Peer 1005 sent 'request' for piece 313 to Peer 1004.
[2025/12/03 19:06:17] Peer 1005 has downloaded the piece 312 from Peer 1004. Now the number of pieces it has is 200.
[2025/12/03 19:06:17] Peer 1005 sent the 'have' message to Peer 1003 for the piece 312.
[2025/12/03 19:06:17] Peer 1005 sent the 'have' message to Peer 1004 for the piece 312.
[2025/12/03 19:06:17] Peer 1005 sent 'request' for piece 314 to Peer 1004.
[2025/12/03 19:06:17] Peer 1005 received the 'have' message from Peer 1004 for the piece 317.
[2025/12/03 19:06:17] Peer 1005 updated its view of Peer 1004's bitfield: fffffffffffffffffffffffffffffffffffffffffffffffffffffffffffffffffffffffffffffffc0000000000000000000000000000000000000000000000000000000000000000000000000000000000000000000000000000000000000000000000000000000000000000000000000000000000000000000000000000000000000000000000000000000000000000000000000000000000000000000000000000000000000000000000000000000000000000000000000000.
[2025/12/03 19:06:17] Peer 1005 sent 'request' for piece 315 to Peer 1004.
[2025/12/03 19:06:17] Peer 1005 has downloaded the piece 313 from Peer 1004. Now the number of pieces it has is 201.
[2025/12/03 19:06:17] Peer 1005 sent the 'have' message to Peer 1003 for the piece 313.
[2025/12/03 19:06:17] Peer 1005 sent the 'have' message to Peer 1004 for the piece 313.
[2025/12/03 19:06:17] Peer 1005 sent 'request' for piece 316 to Peer 1004.
[2025/12/03 19:06:17] Peer 1005 has downloaded the piece 314 from Peer 1004. Now the number of pieces it has is 202.
[2025/12/03 19:06:17] Peer 1005 sent the 'have' message to Peer 1003 for the piece 314.
[2025/12/03 19:06:17] Peer 1005 sent the 'have' message to Peer 1004 for the piece 314.
[2025/12/03 19:06:17] Peer 1005 sent 'request' for piece 317 to Peer 1004.
[2025/12/03 19:06:17] Peer 1005 has downloaded the piece 315 from Peer 1004. Now the number of pieces it has is 203.
[2025/12/03 19:06:17] Peer 1005 sent the 'have' message to Peer 1003 for the piece 315.
[2025/12/03 19:06:17] Peer 1005 sent the 'not interested' message to Peer 1003.
[2025/12/03 19:06:17] Peer 1005 sent the 'have' message to Peer 1004 for the piece 315.
[2025/12/03 19:06:17] Peer 1005 received the 'have' message from Peer 1003 for the piece 316.
[2025/12/03 19:06:17] Peer 1005 updated its view of Peer 1003's bitfield: fffffffffffffffffffffffffffffffffffffffffffffffffffffffffffffffffffffffffffffff80000000000000000000000000000000000000000000000000000000000000000000000000000000000000000000000000000000000000000000000000000000000000000000000000000000000000000000000000000000000000000000000000000000000000000000000000000000000000000000000000000000000000000000000000000000000000000000000000000.
[2025/12/03 19:06:17] Peer 1005 has downloaded the piece 316 from Peer 1004. Now the number of pieces it has is 204.
[2025/12/03 19:06:17] Peer 1005 received the 'have' message from Peer 1003 for the piece 317.
[2025/12/03 19:06:17] Peer 1005 sent the 'have' message to Peer 1003 for the piece 316.
[2025/12/03 19:06:17] Peer 1005 updated its view of Peer 1003's bitfield: fffffffffffffffffffffffffffffffffffffffffffffffffffffffffffffffffffffffffffffffc0000000000000000000000000000000000000000000000000000000000000000000000000000000000000000000000000000000000000000000000000000000000000000000000000000000000000000000000000000000000000000000000000000000000000000000000000000000000000000000000000000000000000000000000000000000000000000000000000000.
[2025/12/03 19:06:17] Peer 1005 sent the 'have' message to Peer 1004 for the piece 316.
[2025/12/03 19:06:17] Peer 1005 sent the 'interested' message to Peer 1003.
[2025/12/03 19:06:17] Peer 1005 sent 'request' for piece 317 to Peer 1003.
[2025/12/03 19:06:17] Peer 1005 has downloaded the piece 317 from Peer 1004. Now the number of pieces it has is 205.
[2025/12/03 19:06:17] Peer 1005 sent the 'have' message to Peer 1003 for the piece 317.
[2025/12/03 19:06:17] Peer 1005 sent the 'have' message to Peer 1004 for the piece 317.
[2025/12/03 19:06:17] Peer 1005 sent the 'not interested' message to Peer 1004.
[2025/12/03 19:06:17] Peer 1005 sent the 'not interested' message to Peer 1003.
[2025/12/03 19:06:19] Peer 1005 connection to 1004 error: timed out
[2025/12/03 19:06:19] Peer 1005 connection to 1003 error: timed out
[2025/12/03 19:06:19] Peer 1005 has the preferred neighbors [].
[2025/12/03 19:06:24] Peer 1005 chokes Peer 1003.
[2025/12/03 19:06:24] Peer 1005 has the preferred neighbors [].
[2025/12/03 19:06:29] Peer 1005 has the preferred neighbors [].
[2025/12/03 19:06:34] Peer 1005 has the preferred neighbors [].
[2025/12/03 19:06:39] Peer 1005 has the preferred neighbors [].
[2025/12/03 19:06:44] Peer 1005 has the preferred neighbors [].
[2025/12/03 19:06:49] Peer 1005 has the preferred neighbors [].
[2025/12/03 19:06:54] Peer 1005 has the preferred neighbors [].
[2025/12/03 19:06:59] Peer 1005 has the preferred neighbors [].
[2025/12/03 19:07:04] Peer 1005 has the preferred neighbors [].
[2025/12/03 19:07:09] Peer 1005 has the preferred neighbors [].
